Specified Values,Specified Attribute Names,sfdm2,Fitness,Accuracy,Numerosity,Avg Match Set Size,TimeStamp GA,Iteration Initialized,Specificity,Deletion Probability,Correct Count,Match Count
"0.0, 0.0, 0.0, 2.0, [-22.5,22.5], [2.5500000000000007,39.45], 4.0, [-3.6911930815,56.6911930815], [0.29282470700999996,0.93300537099], [0.19509521448999995,0.82077392551], [-28.135,32.135000000000005], 0.0, [0.4899997,1.1099997], 0.0, [-53.885000000000005,67.885], [-22.900390620000003,33.099609380000004], [12.249999999999998,43.75], [-29.036254999999997,225.692495], [-2.9512548053,4.5511083252999995], 5.0","hospdead, dzgroup, dzclass, num.co, scoma, avtisst, race, sps, surv2m, surv6m, hday, diabetes, prg6m, dnr, dnrday, wblc, resp, pafi, crea, adls",4.0,1.0,1.0,1,7.5,6165,1,0.43478260869565216,0.00039280793866503286,2,2
"[40.848806450000005,99.58711355], 1.0, 0.0, [-111.00000000000001,127.00000000000001], [-741.75,777.75], 5.0, 3.0, 2.0, [-2.385,18.384999999999998], [15.000000000000004,73.0], [-448759.07999999996,467209.07999999996], [-183622.3118919,200201.4368919], [-3.3100000000000023,30.310000000000002], 4.0, [-34.12,68.12], [-26.93,28.93], 1.0, [68.68,161.32], [-18.600585940000002,31.399414059999998], [11.85,36.15], [-22.6585155534,23.2584911334], [-1.3874034924999998,3.1872081725], 6.0","age, death, hospdead, slos, d.time, dzgroup, dzclass, num.co, edu, scoma, charges, totmcst, avtisst, race, aps, hday, dementia, meanbp, wblc, resp, bili, crea, adls",0.0,1.0,1.0,1,4.5,6175,11,0.5,0.00023568476319901972,2,2
"0.0, 0.0, [-112.5,142.5], [89.75999999999999,1062.24], 1.0, 4.0, 3.0, [-406810.74,432826.74], [-164293.35014265,183991.16264265], [-9.216672,35.883328], 4.0, [-0.7251595025000022,33.9204719025], [-10.920000000000002,62.92], [0.559969482715,0.853848877285], 0.0, 1.0, [-53.0,65.0], [-0.25,40.25], [34.6944929,38.4930071], [-1.0534212457,4.2531282857], [120.48,159.52], [-39.345,73.345], [265.0,6835.0]","death, hospdead, slos, d.time, dzclass, num.co, income, charges, totmcst, avtisst, race, sps, aps, surv6m, dementia, dnr, wblc, resp, temp, crea, sod, bun, urine",2.0,1.0,1.0,1,3.0,6203,39,0.5,0.00015712317546601315,2,2
"1.0, [-480.92999999999995,754.93], 2.0, 1.0, 3.0, [7.715,22.285], [-15.0,15.0], [-1.5,19.0], 4.0, [0.9456379464999998,29.6520182535], [-19.25,87.25], [0.6736755371250001,0.9161682128749999], [0.419678955545,0.9221179204550001], 1.0, [0.5549999050000001,1.144999905], [0.5249997,1.0749997], [-43.900390619999996,62.099609380000004], [33.5,114.5], [13.75,54.25], [34.95060605,38.04939395], [38.84687499999998,346.27812500000005], [-8.6205013282,9.6205013282], [7.218247435,7.7602685650000005], 2.0","death, d.time, dzgroup, dzclass, num.co, edu, scoma, avtisst, race, sps, aps, surv2m, surv6m, ca, prg2m, prg6m, wblc, hrt, resp, temp, pafi, bili, ph, adlp",3.0,0.13168724279835387,0.6666666666666666,1,9.333333333333334,6219,55,0.5217391304347826,0.0004888276570053743,2,3
"[-49.7,55.7], [24.49000000000001,571.51], 1.0, 0.0, [-36.5,36.5], [12.96,49.04], [3.774840497499998,38.4204719025], [-15.439999999999998,75.44], 1.0, 1.0, [0.44,1.06], [5.784999999999997,104.215], [-8.703125,43.296875], [-27.0,159.0], [-0.16244967249999975,4.5618636724999995], [111.06398432,446.93601567999997], 2.0","slos, d.time, dzclass, income, scoma, avtisst, sps, aps, diabetes, ca, prg6m, meanbp, wblc, hrt, alb, glucose, adlp",2.0,1.0,1.0,1,2.0,6253,89,0.3695652173913043,0.00010474878364400877,2,2
"1.0, 0.0, 1.0, [-111.60000000000001,119.60000000000001], [-492.37,500.37], 6.0, 2.0, 2.0, [-23.255000000000003,25.255000000000003], 1.0, [0.03,0.47], [-69.955,73.955], [-42.9023438,85.0976562], [52.0,196.0], [0.9499999999999957,63.050000000000004], [205.678125,600.946875], [-2.2005255851,6.3997443451], [132.8,155.2], [7.227505515,7.631870484999999], [1.3997167739999998,6.068056626]","death, sex, hospdead, slos, d.time, dzgroup, dzclass, num.co, hday, diabetes, prg2m, dnrday, wblc, hrt, resp, pafi, crea, sod, ph, adlsc",0.0,1.0,1.0,1,15.5,6259,95,0.43478260869565216,0.000811803073241068,2,2
"[25.211227249999993,70.71273275], 1.0, 1.0, [-62.099999999999994,84.1], [459.45,1168.55], 0.0, [1.42,12.58], [9.55,46.45], [-0.2570043919999989,47.257004392], [4.399999999999999,89.6], 1.0, 0.0, [0.87,1.13], 2.0, [-51.730000000000004,73.73], [-58.0,158.0], 4.0, [2.054858395,5.945141605]","age, death, sex, slos, d.time, dzclass, edu, avtisst, sps, aps, diabetes, dementia, prg6m, dnr, dnrday, hrt, adls, adlsc",2.0,1.0,1.0,1,3.0,6272,108,0.391304347826087,0.00015712317546601315,2,2
"[28.79081645,87.52912355000001], 1.0, 1.0, [-88.9,104.9], [-721.36,737.36], 2.0, 1.0, [7.381465506000001,43.016972093999996], [16.7,59.3], 0.0, 0.0, [-0.07500003600000002,0.27499996400000004], [-2.8000000000000007,54.8], [32.6950794,39.4924206], [-2.3192925289,3.7191948689], [124.76,145.24], [-7.830000000000002,41.83], [4190.0,10130.0]","age, sex, hospdead, slos, d.time, dzclass, num.co, sps, aps, diabetes, ca, prg2m, resp, temp, crea, sod, bun, urine",0.0,1.0,1.0,1,4.5,6286,122,0.391304347826087,0.00023568476319901972,2,2
"0.0, 1.0, 0.0, [-109.37,883.37], 0.0, 0.0, 0.0, [9.350000000000001,18.65], [13.379999999999999,39.620000000000005], 4.0, [3.9841841144999997,40.609565885500004], [-30.28,66.28], [0.63658203134,1.06336914066], 0.0, [0.584999809,1.3149998090000001], [-92.53,180.53], [27.644999999999996,118.355], [-5.0,145.0], [44.13624999999996,623.86375], [-3.574611665,5.574611665], [121.28,166.72], [-178.38402841999994,430.38402841999994], [1.24711917,3.36909183]","death, sex, hospdead, d.time, dzgroup, dzclass, num.co, edu, avtisst, race, sps, aps, surv2m, dementia, prg2m, dnrday, meanbp, hrt, pafi, crea, sod, glucose, adlsc",4.0,1.0,1.0,1,5.5,6301,137,0.5,0.00028805915502102414,2,2
"[49.6122881,81.0496919], 1.0, [-483.24,489.24], [12.73,23.27], 2.0, [-370465.07,431007.07], [-115196.17619999999,150752.8638], [-95889.5551952,131561.5551952], 4.0, [50.948747255,80.645002745], [22.339999999999996,87.66], [-0.18485961916500002,0.18485961916500002], [-14.785,30.785], 0.0, 1.0, [0.03999992799999999,0.359999928], [-0.25500004,0.45499996], [-32.2011719,61.7988281], [-21.8586498234,24.0583568634], [-3.6001837951,5.0000861351], [-2.4049023480000002,2.4049023480000002]","age, death, d.time, edu, income, charges, totcst, totmcst, race, sps, aps, surv6m, hday, diabetes, ca, prg2m, prg6m, wblc, bili, crea, adlsc",0.0,1.0,1.0,1,15.5,6315,151,0.45652173913043476,0.000811803073241068,2,2
"0.0, 0.0, 0.0, 1.0, [-35.0,35.0], [-6.109999999999999,52.11], 4.0, [-3.272505947500001,61.0693809475], [0.38779541000999995,1.0279760739900001], [-32.364999999999995,54.364999999999995], [0.094999952,0.504999952], 2.0, [-4.300000000000001,44.3], [-0.3523824904999999,3.9519918904999995], [-2.3237603748,7.9233697548], [-30.688015189999987,294.68801519], [57.17,106.83], [-1540.0000000000005,3500.0000000000005], 1.0","hospdead, dzgroup, dzclass, num.co, scoma, avtisst, race, sps, surv2m, hday, prg2m, dnr, resp, alb, crea, glucose, bun, urine, adls",2.0,1.0,1.0,1,8.0,6331,167,0.41304347826086957,0.00041899513457603507,2,2
"[22.09673875,42.77924125], 0.0, 0.0, 0.0, 0.0, [11.49,24.509999999999998], 2.0, [18.275996706,53.911503294], [45.54,82.46000000000001], [0.30304931619,0.82683349581], [0.23119995095499996,0.676759033045], [-43.1,45.1], 0.0, 0.0, [0.379999809,1.019999809], [53.35499999999999,204.645], [-42.90039060000001,69.0996094], [30.5,225.5], [-4.800000000000001,52.8], [-89.86375000000004,489.86375000000004], [6.828760150000001,7.43100585], [-140.3600343,594.3600343]","age, death, hospdead, dzgroup, num.co, edu, race, sps, aps, surv2m, surv6m, hday, diabetes, dementia, prg2m, dnrday, wblc, hrt, resp, pafi, ph, glucose",3.0,1.0,1.0,1,1.5,6344,180,0.4782608695652174,7.856158773300657e-05,2,2
"1.0, [50.49999999999999,169.5], [-470.71000000000004,886.71], 7.0, 1.0, [4.8,17.2], [-35.5,35.5], [27.95,73.05], 4.0, [11.803744510000001,71.19625549], [0.33499999999999996,0.665], [0.33499999999999996,0.665], [64.38,195.62], [50.0,200.0], [34.24505985,40.94244015], [-12.013698195400002,27.6133075754], [-2.9597381620000003,4.359640502], [111.28,140.72], [-142.62403086999996,518.62403087], [1.5579394819999999,4.245771518]","death, slos, d.time, dzgroup, num.co, edu, scoma, avtisst, race, sps, prg2m, prg6m, meanbp, hrt, temp, bili, crea, sod, glucose, adlsc",2.0,1.0,1.0,1,1.0,6358,194,0.43478260869565216,5.2374391822004384e-05,2,2
"[32.924187399999994,75.94379260000001], [-566.4100000000001,588.4100000000001], 6.0, 1.0, [-31.5,31.5], [-12.189999999999998,36.19], 1.0, [-6.409505307,51.003255307], [-8.850000000000001,40.85], [0.44915161097499995,0.7886413570249999], 0.0, 1.0, [-52.660000000000004,50.660000000000004], [33.0,207.0], [0.8900426980000002,5.509371302], [-12.294526287800002,13.494477467800001], [0.9677490149999999,3.443383785]","age, d.time, dzgroup, num.co, scoma, avtisst, race, sps, aps, surv2m, diabetes, dnr, dnrday, hrt, alb, bili, adlsc",0.0,1.0,1.0,1,2.0,6372,208,0.3695652173913043,0.00010474878364400877,2,2
"[1.5999979999999994,34.692002], 0.0, 1.0, [-32.30000000000001,202.3], [1301.33,2496.67], 0.0, [241151.93,1042624.0700000001], [179573.68,477183.32], [43.69,130.31], [0.271729736545,0.774168701455], [-37.22,39.22], 0.0, 1.0, [0.469999714,1.129999714], [0.5649997,1.0349997], 2.0, [-1.355000000000004,89.355], [-69.0,73.0], [80.5,203.5], [-1.7745636350000003,5.574368235], [6.124607135000001,15.273830465], [117.03999999999999,150.96], [7.052787905,7.646430095], [-2.086606449,2.086606449]","age, death, sex, slos, d.time, dzclass, charges, totcst, aps, surv6m, hday, diabetes, ca, prg2m, prg6m, dnr, meanbp, wblc, hrt, alb, crea, sod, ph, adlsc",1.0,1.0,1.0,1,1.5,6377,213,0.5217391304347826,7.856158773300657e-05,2,2
"[40.9945972,87.32340280000001], 0.0, 1.0, 0.0, [-24.799999999999997,192.8], [665.3199999999999,1394.68], 0.0, 2.0, [16981.90999999999,263934.59], [27789.917004500006,241025.3329955], [1.5199999999999996,44.980000000000004], 4.0, [37.56,128.44], [0.051929931845,0.7439685061550001], [-32.980000000000004,66.98], 1.0, [0.419999809,0.979999809], 2.0, [13.89,154.11], [-4.550000000000011,130.55], [-47.4023438,90.5976562], [-12.5,32.5], [35.649319750000004,40.14756025], [107.54125000000002,476.45875], [0.24282806850000016,4.7571719315], [-0.5320728315000007,9.5320728315], [-2955.0000000000005,3345.0000000000005], [0.9369775609999997,4.402866239]","age, death, sex, hospdead, slos, d.time, dzclass, num.co, totcst, totmcst, avtisst, race, aps, surv6m, hday, diabetes, prg2m, dnr, dnrday, meanbp, wblc, resp, temp, pafi, alb, crea, urine, adlsc",1.0,1.0,1.0,1,3.5,6400,236,0.6086956521739131,0.00018331037137701535,2,2
"0.0, 3.0, [-4.835000000000001,12.835], 3.0, [-177439.2512,215152.1888], [-139031.07853385,152390.65665385002], [21.56,49.44], [6.599999999999998,63.400000000000006], [0.5639868164899999,0.8937768555100001], 0.0, 1.0, [0.3999999,0.7999999], 2.0, [-110.61500000000001,136.615], [64.57499999999999,151.425], [-7.0,143.0], [35.34482525,40.84267475], [0.07997561600000003,5.119243184], [-10.580001832,14.580001832], [-3.6235650648,6.6235650648], [7.23594731,7.56288069], 7.0, [5.408520505,8.591479495]","dzgroup, num.co, edu, income, totcst, totmcst, avtisst, aps, surv2m, dementia, ca, prg6m, dnr, dnrday, meanbp, hrt, temp, alb, bili, crea, ph, adls, adlsc",3.0,1.0,1.0,1,6.5,6405,241,0.5,0.0003404335468430285,2,2
"0.0, 0.0, [-109.00000000000001,129.0], [-503.75,1015.75], 2.0, 1.0, [0.39000000000000057,19.61], 3.0, [-216480.93679054998,231313.43679054998], 4.0, [3.7444660464999995,32.4508463535], [-28.020000000000003,60.02], [0.73372070352,1.04411132848], [-43.1,45.1], 0.0, [0.21999999999999997,0.78], 2.0, [-91.47500000000001,111.47500000000001], [-12.9023438,59.0976562], [6.899999999999999,41.1], [-18.200012249999986,244.20001225], [-30.155,48.155], [2710.0,7390.0], [2.656083982,5.343916018]","sex, hospdead, slos, d.time, dzgroup, dzclass, edu, income, totmcst, race, sps, aps, surv2m, hday, dementia, prg6m, dnr, dnrday, wblc, resp, glucose, bun, urine, adlsc",4.0,1.0,1.0,1,8.0,6444,280,0.5217391304347826,0.00041899513457603507,2,2
"0.0, 3.0, [5.49,18.509999999999998], 3.0, [-203849.71000000002,292299.71], 0.0, 1.0, [0.3149999,0.8849999000000001], 2.0, [-22.35,88.35], [62.17,181.82999999999998], [-41.90039062,48.09960938], [29.6,58.4], [-20.086198424400003,22.6858078044], [7.169097005,7.590668995000001], [-14.560000000000002,46.56], [400.0,3100.0], [4.063920907,8.520063493]","dzgroup, num.co, edu, income, charges, diabetes, ca, prg6m, dnr, dnrday, meanbp, wblc, resp, bili, ph, bun, urine, adlsc",4.0,1.0,1.0,1,4.5,6447,283,0.391304347826087,0.00023568476319901972,2,2
"1.0, 0.0, [-478.5,534.5], 0.0, 3.0, [-177821.821,280162.25899999996], [-71495.97750000001,143796.1025], [4.7784324674999965,59.2215675325], [0.38848876925,0.87347412075], [0.31465454142500004,0.741253662575], 0.0, 0.0, 1.0, 0.0, [37.600547399999996,40.399452600000004], [164.19187500000004,682.433125], [114.6,159.4], [7.0709967,7.587207299999999], [0.34753417499999983,5.652465825]","sex, hospdead, d.time, num.co, income, charges, totcst, sps, surv2m, surv6m, diabetes, dementia, ca, dnr, temp, pafi, sod, ph, adlsc",0.0,1.0,1.0,1,2.5,6449,285,0.41304347826086957,0.00013093597955501096,2,2
"0.0, [18.200000000000003,167.8], 2.0, [11.5,62.5], [-7762.289999999979,365832.79], 2.0, [35.47,96.53], [-0.26590209961,0.45187622061], [-0.23318450929500006,0.30717437749500004], 0.0, 1.0, [0.36,0.64], [0.315,0.685], 2.0, [-8.475000000000009,194.47500000000002], [27.0,213.0], [-0.5499999999999972,52.55], [34.5943365,37.5931635], [-126.00624500000002,357.100005], [-0.9222665645000001,6.3216805645], [120.44,141.56], [-144.86403331999998,568.86403332], [26.169999999999998,75.83]","hospdead, slos, num.co, scoma, totcst, race, aps, surv2m, surv6m, dementia, ca, prg2m, prg6m, dnr, dnrday, hrt, resp, temp, pafi, alb, sod, glucose, bun",2.0,1.0,1.0,1,1.5,6556,392,0.5,7.856158773300657e-05,2,2
"[34.87963805,67.14434195], 0.0, 0.0, [-23.360000000000014,1435.3600000000001], 1.0, 3.0, [7.97,16.03], 1.0, [-160454.6122,168815.6278], [-145129.6935337,153399.8888537], [-18.752256313500006,49.549131313500006], [10.57,57.43], [0.70488525431,1.1510717776900001], [-49.715,51.715], 0.0, [0.6049998089999999,1.2949998090000001], [0.6099996000000001,1.1899996], [-91.78500000000001,103.78500000000001], [62.499999999999986,233.5], [19.85,44.15], [34.8990265,37.897853500000004], 3.0","age, death, sex, d.time, dzgroup, num.co, edu, income, totcst, totmcst, sps, aps, surv2m, hday, dementia, prg2m, prg6m, dnrday, hrt, resp, temp, adls",2.0,1.0,1.0,1,11.5,6603,439,0.4782608695652174,0.0006023055059530504,2,2
"[-2.0197627500000053,43.48174275], 0.0, 0.0, [-170.97000000000003,1226.97], 0.0, [6.574999999999999,17.425], [-161891.45,281356.95], [-112013.05159279998,229163.61399279998], 2.0, [7.820402173999998,51.374910226], [-14.459999999999997,38.459999999999994], 0.0, 0.0, 1.0, [0.235,0.765], [0.3,0.7], 2.0, [-100.77000000000001,142.77], [-21.2011719,52.7988281], [-33.3,81.3], [-1090.0,4580.0], [1.674921848,3.938359352]","age, death, hospdead, d.time, dzgroup, edu, totcst, totmcst, race, sps, hday, diabetes, dementia, ca, prg2m, prg6m, dnr, dnrday, wblc, bun, urine, adlsc",4.0,0.014458261438686257,0.42857142857142855,1,5.92,6632,468,0.4782608695652174,0.00031005639958626595,3,7
"[61.6816879,96.42829210000001], 0.0, [1076.32,1805.68], 0.0, [-391330.721,511915.659], [-7.880000000000003,47.88], [-4.032473549500001,48.430911149500005], [-0.6000000000000014,84.6], [0.35956543002,1.00420410198], 0.0, 1.0, 2.0, [8.649999999999999,47.35], [35.647720650000004,39.94603935], [144.94374999999997,759.8062500000001], [125.96,156.04], 3.0, [0.913393551,5.086606449]","age, death, d.time, dzgroup, charges, avtisst, sps, aps, surv6m, diabetes, ca, dnr, resp, temp, pafi, sod, adls, adlsc",3.0,1.0,1.0,1,6.5,6657,493,0.391304347826087,0.0003404335468430285,2,2
"[50.54483745,92.73714255], 1.0, [-45.0,57.0], [-231.64000000000004,335.64000000000004], 5.0, 1.0, [87.0,113.0], [-97254.213,105373.627], [-0.09322245150000086,40.491660051500006], [-0.03431274386999997,0.52827026387], [-0.04651977527999998,0.40851928728], [-30.605,32.605000000000004], 0.0, 1.0, [0.5149998090000001,0.884999809], [0.22999999999999998,0.77], [-128.15,130.15], [-14.900390599999996,43.0996094], [-132.008755,368.66499500000003], [0.7250335850000003,3.874575815], [-3.874660495,5.274562835], [71.07998040000001,490.9200196], [890.0,6200.0]","age, sex, slos, d.time, dzgroup, num.co, scoma, totcst, sps, surv2m, surv6m, hday, diabetes, ca, prg2m, prg6m, dnrday, wblc, pafi, alb, crea, glucose, urine",0.0,1.0,1.0,1,7.0,6717,553,0.5,0.0003666207427540307,2,2
"1.0, 0.0, 0.0, [-614.84,762.84], 7.0, 0.0, 1.0, [-36.0,36.0], [-146523.12,182747.12], [-1.0500000000000007,44.05], 4.0, [0.34416015597999994,1.00374023402], [-36.22,40.22], 0.0, 0.0, [0.5399997,1.0599997], 2.0, [37.5,112.5], [6.799999999999997,57.2], [-1.2372207874999996,6.6366347875], [-5.1961438743,7.7957532543], [-15.985000000000007,111.98500000000001], [155.0,2945.0], 1.0","death, sex, hospdead, d.time, dzgroup, dzclass, num.co, scoma, totcst, avtisst, race, surv2m, hday, dementia, ca, prg6m, dnr, hrt, resp, alb, crea, bun, urine, adls",4.0,1.0,1.0,1,9.5,6718,554,0.5217391304347826,0.0004975567223090417,2,2
"1.0, 1.0, 0.0, [-118.8,132.8], 3.0, [0.6850000000000005,23.314999999999998], [-100886.86420000001,114405.2158], [-182514.03282204998,194201.86876205], [-16.37,30.37], 4.0, [-10.613786515500006,45.8090989155], [-16.15,76.15], [-42.364999999999995,44.364999999999995], 1.0, 0.0, 2.0, [-0.3640000008,0.3659999992], 0.0, [-48.815000000000005,50.815000000000005], [-4.850000000000001,24.85], [35.14669805,42.24392195], [-15.2686000874,18.0684047674], [120.64,151.36], [-0.48538086199999997,2.485380862]","death, sex, hospdead, slos, num.co, edu, totcst, totmcst, avtisst, race, sps, aps, hday, diabetes, dementia, ca, prg6m, dnr, dnrday, resp, temp, bili, sod, adlsc",0.0,1.0,1.0,1,1.5,6721,557,0.5217391304347826,7.856158773300657e-05,2,2
"[45.36722725,90.86873275], [-94.2,130.2], [-547.2800000000001,587.2800000000001], 1.0, 1.0, 7.0, [-0.0600000000000005,16.060000000000002], 3.0, [-23.0,41.0], [-79293.56029999998,104337.9197], [-188655.68249160002,209383.7606916], [-9.753335999999997,41.086664], [1.3239941439999967,64.676005856], [0.18490112340500003,0.8929797365950001], [0.022386474254999955,0.657545165745], [-20.990000000000002,28.990000000000002], 1.0, 1.0, [-89.25,95.25], [-10.0,146.0], [2.430115926,5.369688674], [-1.8768513454,5.0765583854], [3.797548826,6.202451174]","age, slos, d.time, dzgroup, dzclass, num.co, edu, income, scoma, totcst, totmcst, avtisst, sps, surv2m, surv6m, hday, diabetes, ca, dnrday, hrt, alb, crea, adlsc",0.0,1.0,1.0,2,2.0,6723,559,0.5,0.00020949756728801754,2,2
"[37.70766689999999,89.0002731], 0.0, 0.0, [-50.1,62.1], 2.0, [-236758.24619980002,246575.36337980002], 4.0, [-10.98,42.980000000000004], [0.47591674840500003,1.183995361595], [0.50664306589,0.75312255811], [-23.990000000000002,25.990000000000002], 0.0, 0.0, 0.0, [0.7649998090000001,1.134999809], [0.5,1.0], [-6.402343800000001,43.5976562], [12.249999999999998,43.75], [34.8960138,38.4946062], [-1.6703635391000002,3.2702170591], 1.0, [-1.298803715,3.298803715]","age, sex, hospdead, slos, dzclass, totmcst, race, aps, surv2m, surv6m, hday, diabetes, dementia, ca, prg2m, prg6m, wblc, resp, temp, crea, adlp, adlsc",2.0,0.03125,0.5,1,20.75,6725,561,0.4782608695652174,0.0010867686303065909,2,4
"[0.9807865999999947,57.2371934], 1.0, 0.0, 0.0, 0.0, 3.0, [3.5,48.5], [-229298.27000000002,317738.27], [-160553.87560000003,194044.8444], [-121270.09849414999,155935.94229415], [-5.879130856000003,57.472880856], [-18.409999999999997,82.41], [0.50290771501,1.14308837899], 0.0, [0.4149997999999999,0.9849998], 2.0, [-38.125,54.125], [26.224999999999994,93.775], [-34.703125,73.296875], [33.45138805,40.54861195], [-88.10749999999999,228.1075], [7.03277376,7.44574224], [-291.10403576999994,475.10403576999994], [44.665,115.33500000000001], [-1231.0,3449.0]","age, death, hospdead, dzgroup, dzclass, num.co, scoma, charges, totcst, totmcst, sps, aps, surv2m, dementia, prg6m, dnr, dnrday, meanbp, wblc, temp, pafi, ph, glucose, bun, urine",0.0,1.0,1.0,1,5.5,6728,564,0.5434782608695652,0.00028805915502102414,2,2
"[-77.33000000000004,753.33], 6.0, [6.49,19.509999999999998], [-25.0,25.0], [-344498.95,355198.95], [-172821.2623,181777.45770000003], [-244841.0230795,252708.2808995], [-8.162457400500001,38.3616762005], [0.39049072295,1.06947021505], [-45.305,47.305], 0.0, [0.6399996,1.1599996], 2.0, [26.555000000000007,167.445], [5.5,122.5], [1.75,42.25], [33.34963255,39.44724745], [123.03999999999999,156.96], 6.0, [3.5950976519999998,8.404902348]","d.time, dzgroup, edu, scoma, charges, totcst, totmcst, sps, surv2m, hday, ca, prg6m, dnr, meanbp, hrt, resp, temp, sod, adls, adlsc",4.0,1.0,1.0,1,1.5,6734,570,0.43478260869565216,7.856158773300657e-05,2,2
"1.0, 2.0, 1.0, 2.0, [-5977.719999999972,604667.72], [52486.52120495,287045.47879505], 4.0, [-9.05,35.05], 1.0, 0.0, 1.0, [0.58,0.92], [0.7799997999999999,1.1199998], 0.0, [-62.334999999999994,96.335], [116.91,167.09], [-15.6015625,72.3984375], [35.0959356,38.2946844], [-110.33187500000003,355.206875], [-1.2545269709999998,5.254526971], [-208.12003184999998,474.12003185], [58.35,115.65]","death, dzgroup, dzclass, num.co, charges, totmcst, race, hday, diabetes, dementia, ca, prg2m, prg6m, dnr, dnrday, meanbp, wblc, temp, pafi, alb, glucose, bun",2.0,1.0,1.0,1,1.0,6777,613,0.4782608695652174,5.2374391822004384e-05,2,2
"0.0, [-89.50000000000001,97.50000000000001], 1.0, 4.0, 3.0, [-36.5,36.5], [-110812.1,110812.1], [-113725.5551952,113725.5551952], [-5.17,25.17], 1.0, [5.232870790999996,50.767129209000004], [-1.6000000000000014,83.6], [0.50476562522,1.00915039078], 1.0, 0.0, 1.0, [0.47499990000000003,0.7249999], [-56.885000000000005,64.885], [34.397818400000006,39.1959416], [207.50437500000004,725.745625], [-8.9091972336,17.5088066136], [7.282104125,7.497191875], [-196.64002695,380.64002695], [-42.75,52.75], 3.0, [2.736562496,7.2634375040000005]","hospdead, slos, dzgroup, num.co, income, scoma, totcst, totmcst, avtisst, race, sps, aps, surv2m, diabetes, dementia, ca, prg6m, dnrday, temp, pafi, bili, ph, glucose, bun, adlp, adlsc",4.0,1.0,1.0,1,8.5,6782,618,0.5652173913043478,0.0004451823304870373,2,2
"0.0, 0.0, [-117.39999999999999,127.39999999999999], [-119.98000000000002,811.98], [5.700000000000001,24.299999999999997], 2.0, [-19.34,41.34], 4.0, [0.617647704735,1.112332763265], [-34.28,36.28], 0.0, 0.0, [0.84,1.16], [0.8199998,1.0799998], [10.05,37.95], [33.45099705,38.54900295], [2.3619858324999994,6.0364517675], [-10.207574843000002,11.807428363000001], [125.03999999999999,158.96], [-234.61603283,468.61603283], [-7.785,43.785], [460.0,3160.0], [-0.10746091600000018,3.8535547160000005]","death, hospdead, slos, d.time, edu, income, avtisst, race, surv2m, hday, diabetes, ca, prg2m, prg6m, resp, temp, alb, bili, sod, glucose, bun, urine, adlsc",4.0,1.0,1.0,1,1.5,6788,624,0.5,7.856158773300657e-05,2,2
"0.0, 0.0, 0.0, 1.0, [0.570172118675,1.103656005325], [-13.52,33.519999999999996], 0.0, 0.0, [-0.115000036,0.31499996399999997], [26.5,113.5], [-182.21499999999997,450.215], [139.0,155.0], 1.0, [-1.546367192,3.546367192]","dzgroup, dzclass, num.co, race, surv2m, hday, diabetes, dementia, prg2m, hrt, pafi, sod, adls, adlsc",3.0,1.0,1.0,1,4.0,6789,625,0.30434782608695654,0.00020949756728801754,2,2
"1.0, 0.0, [-90.9,136.9], 7.0, [-81015.6,427855.6], [-58258.256392649986,290026.25639264996], [28.47,55.53], 4.0, [-0.10794799820500002,0.34793823220500003], 1.0, 0.0, 2.0, [-0.10500003600000002,0.304999964], [-0.11000004,0.30999995999999996], [-106.15,152.15], [64.19,129.81], [-42.6015625,89.3984375], [21.499999999999986,228.5], [7.549999999999997,44.45], [34.54834625,42.04541375], [-72.83625,313.64875], [-1.1704856091000002,3.7700949891000004], [121.2,146.8], [-70.90402351999995,432.90402351999995], [-815.0,4945.0], 0.0, [-2.3695361370000003,2.3695361370000003]","death, hospdead, slos, dzgroup, charges, totmcst, avtisst, race, surv2m, diabetes, dementia, ca, prg2m, prg6m, dnrday, meanbp, wblc, hrt, resp, temp, pafi, crea, sod, glucose, urine, adls, adlsc",4.0,1.0,1.0,1,4.5,6793,629,0.5869565217391305,0.00023568476319901972,2,2
"0.0, 0.0, 2.0, 4.0, [-21.400000000000002,35.400000000000006], [0.52213867198,1.18171875002], 0.0, 1.0, [0.195,0.8049999999999999], [-31.700195309999998,44.29980469], [-2.1682947587,4.9680994387], [4380.0,9600.0], 0.0, [-1.945141605,1.945141605]","hospdead, dzclass, num.co, race, aps, surv2m, diabetes, ca, prg6m, wblc, crea, urine, adls, adlsc",3.0,1.0,1.0,1,4.0,6836,672,0.30434782608695654,0.00020949756728801754,2,2
"[54.5745472,100.90335280000001], 1.0, 1.0, 0.0, [11.94,28.060000000000002], 1.0, [12162.585000000021,385757.665], [2.4299999999999997,24.57], [24.119999999999997,63.88], [-29.869999999999997,31.869999999999997], 0.0, 0.0, 1.0, [0.759999771,1.2199997710000001], 0.0, [68.34,171.66], [-55.6015625,76.3984375], [32.5,197.5], [-4.600000000000001,20.6], [36.695896499999996,39.6947235], [1.919853544,5.279365256], [0.3123035475,4.8869152125], [119.12,156.88], [7.1110357,7.6272462999999995]","age, death, hospdead, dzgroup, edu, income, totcst, avtisst, aps, hday, diabetes, dementia, ca, prg2m, dnr, dnrday, wblc, hrt, resp, temp, alb, crea, sod, ph",3.0,1.0,1.0,1,4.0,6845,681,0.5217391304347826,0.00020949756728801754,2,2
"[57.40464705,106.21535295000001], 1.0, 1.0, [47.800000000000004,170.2], [47193.06999999998,382795.43000000005], [33.61,57.39], 0.0, [0.3349999,0.8649999], [14.905000000000001,203.095], [61.574999999999996,148.425], [-21.0,141.0], [22.9,57.1], [27.50437500000004,545.745625], [-0.34908836490000006,9.3490883649], [7.18251019,7.71592781], [56.485,119.515], [-2010.0,2130.0], [-1.450014651,1.450014651]","age, sex, hospdead, slos, totcst, avtisst, dementia, prg6m, dnrday, meanbp, hrt, resp, pafi, crea, ph, bun, urine, adlsc",3.0,1.0,1.0,1,3.5,6850,686,0.391304347826087,0.00018331037137701535,2,2
"0.0, [-27.900000000000006,63.900000000000006], [758.03,2155.9700000000003], 0.0, 4.0, 2.0, [-91260.81,277670.81], [7.2933280000000025,43.373328], 4.0, [-0.160000036,0.359999964], [-0.3240000008,0.3259999992], [-115.61500000000001,131.615], [95.53999999999999,180.46], [-14.150000000000002,46.150000000000006], [36.44760335,40.14615665], [-2.263437504,2.263437504]","death, slos, d.time, dzclass, num.co, income, charges, avtisst, race, prg2m, prg6m, dnrday, meanbp, resp, temp, adlsc",4.0,1.0,1.0,2,2.0,6884,720,0.34782608695652173,0.00020949756728801754,2,2
"[62.48703784999999,98.06094215], 1.0, 0.0, [-41.420000000000016,647.4200000000001], 2.0, [7.164999999999999,24.835], [-202347.37,217471.37], [-87262.90409999999,96368.5759], [-22.509999999999998,27.509999999999998], 4.0, [-10.5527231835,37.9511607835], [-35.7,63.7], [0.50309570298,1.16267578102], [0.43690673813,0.83506591787], 0.0, 0.0, [0.8049995419999999,1.1549995419999999], [0.6599997,0.9399997], [-26.5,186.5], [-3.1001837950999995,5.5000861351], [120.48,159.52], 3.0, [-1.3695361370000003,3.3695361370000003]","age, sex, hospdead, d.time, num.co, edu, charges, totcst, avtisst, race, sps, aps, surv2m, surv6m, diabetes, ca, prg2m, prg6m, hrt, crea, sod, adlp, adlsc",4.0,1.0,1.0,1,7.0,6893,729,0.5,0.0003666207427540307,2,2
"[53.899108549999994,77.89081145], 0.0, 0.0, [-93.39999999999999,151.39999999999998], 5.0, 3.0, [3.1100000000000003,14.89], 0.0, [10.0,78.0], [-162896.13249999998,293016.50749999995], 4.0, [-38.41,62.41], [0.7670644061268674,0.872388916355], [0.24174438466499998,0.820023193335], [-9.314999999999998,33.315], 0.0, 0.0, 2.0, [56.485,193.515], [-9.5,149.5], [-23.4,41.4], [35.4961702,39.8944498], [10.768124999999998,651.981875], [7.233130475,7.706323524999999], 0.0, [-0.9902539080000001,0.9902539080000001]","age, death, hospdead, slos, dzgroup, dzclass, edu, income, scoma, totcst, race, aps, surv2m, surv6m, hday, diabetes, dementia, dnr, meanbp, hrt, resp, temp, pafi, ph, adls, adlsc",3.0,0.1,1.0,1,2.0,747,747,0.5652173913043478,0.00010474878364400877,0,0
"0.0, [-13.500000000000007,105.5], [-596.32,700.32], 3.0, 3.0, [84.0,116.0], [-2.6799999999999997,57.18], 4.0, [-2.1658810390000056,63.165881039000006], [0.048039551094999994,0.309931640905], [-0.197144165035,0.38113464363500005], 0.0, [-0.07,0.6699999999999999], [-90.545,134.54500000000002], [74.82,175.18], [-9.500000000000004,46.5], [35.4993784,40.297501600000004], [50.81125,279.18875], [-13.7105510742,17.1104534142], [-1.3301749411000001,10.929784321100001], [7.129058005,7.550629995], [-213.64002695,363.64002695], [34.17,83.83], 2.0, [-0.08660644900000003,4.086606449]","hospdead, slos, d.time, num.co, income, scoma, avtisst, race, sps, surv2m, surv6m, dementia, prg6m, dnrday, meanbp, wblc, temp, pafi, bili, crea, ph, glucose, bun, adls, adlsc",0.0,1.0,1.0,2,3.0,6923,759,0.5434782608695652,0.0003142463509320263,2,2
"1.0, 0.0, [-402.63,630.63], 3.0, 3.0, [-14.000000000000002,14.000000000000002], [-161513.14,169253.14], [2.3409662379999983,30.057471362], [-25.990000000000002,71.99000000000001], [0.677347412065,0.958638915935], [-46.775,48.775], 2.0, 2.0, [-81.87,87.87], [2.999999999999986,171.0], [16.299999999999997,39.7], [35.0975447,38.4962153], [7.06453168,7.6151563200000005], [-16.688015189999987,308.68801519], [3445.0,6055.0]","death, hospdead, d.time, num.co, income, scoma, charges, sps, aps, surv2m, hday, ca, dnr, dnrday, hrt, resp, temp, ph, glucose, urine",4.0,1.0,1.0,1,1.5,6928,764,0.43478260869565216,7.856158773300657e-05,2,2
"[16.1778883,44.3060917], 0.0, 0.0, [2.2349999999999994,21.765], 1.0, [0.554442138945,0.913331299055], 1.0, [0.19,0.81], [-84.165,126.165], [18.854999999999997,121.14500000000001], [-63.80078125,78.19921875], [-21.5,155.5], [-12.05,32.05], [35.2998476,42.4970324], [20.473749999999995,424.52625], [-1.1121993824999996,5.7118087825], [7.17902372,7.660820279999999], [-226.12003184999998,456.12003185], [-20.560000000000002,40.56], 7.0","age, death, dzgroup, edu, race, surv2m, ca, prg6m, dnrday, meanbp, wblc, hrt, resp, temp, pafi, alb, ph, glucose, bun, adls",3.0,1.0,1.0,1,5.5,6950,786,0.43478260869565216,0.00028805915502102414,2,2
"1.0, 6.0, 0.0, [-160886.26,271654.26], [-185455.64,251460.64], 3.0, [0.34189453140000003,0.7298828126], [0.08600952165499998,0.341968994345], [-40.160000000000004,42.160000000000004], 0.0, 0.0, 0.0, [0.22499999999999998,0.775], [34.05115345,39.94884655], [-4.489533998,6.489533998], [112.84,153.16]","sex, dzgroup, num.co, charges, totcst, race, surv2m, surv6m, hday, diabetes, dementia, ca, prg2m, temp, crea, sod",0.0,1.0,1.0,1,3.0,6953,789,0.34782608695652173,0.00015712317546601315,2,2
"[40.05304785,75.62695215000001], 0.0, 0.0, 0.0, [32.900000000000006,247.1], [247.54999999999995,1564.45], 0.0, 1.0, [-34.0,34.0], [365847.92,796432.0800000001], [253171.19521019998,736504.8047898], [5.949999999999996,84.05000000000001], 0.0, 2.0, [34.834999999999994,245.16500000000002], [-5.800781199999999,46.1992188], [47.5,182.5], [0.5975765245,7.0020328555], [134.52,159.48], [7.297495085,7.581410915], [-319.35203626,457.35203626]","age, death, sex, hospdead, slos, d.time, dzgroup, num.co, scoma, totcst, totmcst, aps, diabetes, ca, dnrday, wblc, hrt, crea, sod, ph, glucose",3.0,1.0,1.0,1,3.0,7019,855,0.45652173913043476,0.00015712317546601315,2,2
"[54.362587049999995,103.17329294999999], 0.0, 0.0, [-60.0,76.0], [93.70999999999998,762.29], 0.0, 4.0, [5.87,20.13], [-19.000000000000004,37.0], [-223627.82,259799.82], 4.0, [13.41,54.59], [0.544105224895,0.951744385105], 1.0, 2.0, [-47.35,63.35], [27.519999999999996,166.48000000000002], [3.849999999999998,46.150000000000006], [33.648111650000004,39.94564835], [-0.4024234755,6.0020328555], [121.8,160.2], [-1625.0,5125.0], 2.0","age, death, hospdead, slos, d.time, dzgroup, num.co, edu, scoma, charges, race, aps, surv6m, dementia, dnr, dnrday, meanbp, resp, temp, crea, sod, urine, adls",3.0,1.0,1.0,1,3.0,7045,881,0.5,0.00015712317546601315,2,2
"1.0, 1.0, 3.0, [-1.6099999999999994,17.61], [-261863.71999999997,348781.72], [-135223.33109295001,198845.48729294998], 4.0, [-10.919630124000005,44.51338012400001], [0.04502685537000001,0.59486572263], 0.0, 2.0, [0.30999990000000005,0.8899999000000001], 0.0, [-61.11,79.11], [5.120000000000001,66.88], [18.5,237.5], [27.900000000000002,80.1], [34.74986715,42.04701285], [94.26750000000001,410.48249999999996], [5.854842381000001,11.344376379], [-36.90402351999995,466.90402351999995], [-1935.0,1935.0]","death, sex, dzclass, edu, charges, totmcst, race, sps, surv6m, dementia, ca, prg6m, dnr, dnrday, meanbp, hrt, resp, temp, pafi, crea, glucose, urine",0.0,1.0,1.0,1,3.5,7141,977,0.4782608695652174,0.00018331037137701535,2,2
"[76.59860805,108.86331195], 1.0, 0.0, [-30.9,94.9], 0.0, 2.0, [-0.5,52.5], [-277278.62,460584.62], [-177638.6588,290938.2212], [-62488.325994750005,186286.32599475002], [3.599999999999998,36.400000000000006], 0.0, 0.0, 2.0, 0.0, [-44.701171900000006,65.29882810000001], [29.499999999999986,200.5], [1.3499999999999979,52.650000000000006], [36.14490345,42.04259655], [23.02749999999999,268.9725], [1.3825106965000002,4.2170987035], [-23.387521745,23.787485125000003], [-49.92801763999998,327.92801764], [-52.98500000000001,74.98500000000001]","age, death, hospdead, slos, dzgroup, num.co, scoma, charges, totcst, totmcst, avtisst, diabetes, dementia, ca, dnr, wblc, hrt, resp, temp, pafi, alb, bili, glucose, bun",3.0,0.03125,0.5,1,5.5,7149,985,0.5217391304347826,0.00028805915502102414,2,4
"[48.745567199999996,95.0743728], [-107.45999999999998,743.46], 0.0, 2.0, [-5.835000000000001,11.835], [-9.57,85.57], [0.33278076151999997,0.6431713864799999], [-31.22,45.22], 0.0, [0.33499999999999996,0.665], [-112.685,156.685], [38.0989483,40.6979317], [-3.9491860249,5.7489907049], [-70.65602303,422.65602303000003], [-56.67,84.67], 7.0, [4.347534175,9.652465825]","age, d.time, dzclass, num.co, edu, aps, surv2m, hday, dementia, prg2m, dnrday, temp, crea, glucose, bun, adls, adlsc",4.0,1.0,1.0,1,2.0,7154,990,0.3695652173913043,0.00010474878364400877,2,2
"1.0, [100.7,199.3], 0.0, [-29.5,29.5], [56348.28999999998,552497.71], [9.830000000000002,60.67], [16.783494875999995,72.21650512400001], [29.92,98.08], [0.057679443430000005,0.42626831057000003], [-0.14441528309999996,0.4243835451], 0.0, [35.61,264.39], [41.999999999999986,246.0], [14.950000000000001,41.05], [-131.985625,315.985625], [1.2726388145,4.527165785499999], [-1.0617825324,4.0617825324000005], [119.24,146.76], [7.531450555,7.866987445], 0.0, [-1.0963525410000001,1.0963525410000001]","death, slos, dzgroup, scoma, charges, avtisst, sps, aps, surv2m, surv6m, diabetes, dnrday, hrt, resp, pafi, alb, crea, sod, ph, adls, adlsc",3.0,1.0,1.0,2,2.5,7187,1023,0.45652173913043476,0.0002618719591100219,2,2
"0.0, [-74.4,102.4], 0.0, [8.504999999999999,17.495], [-406313.942,446045.318], [-188173.0666,217082.6134], [4.343328000000001,36.323328000000004], 4.0, [-4.531631771000001,68.71913177100001], [11.689999999999998,98.31], [0.251524657945,0.610413818055], [-32.75,40.75], 2.0, [0.354999905,0.844999905], [0.355,0.645], 2.0, [45.41499999999999,178.585], [59.0,221.0], [33.5959356,36.7946844], [-54.790625000000006,340.478125], [-17.526539230600005,18.326465990600003], [7.218247435,7.7602685650000005], 0.0, 1.0","death, slos, dzgroup, edu, charges, totcst, avtisst, race, sps, aps, surv2m, hday, ca, prg2m, prg6m, dnr, meanbp, hrt, temp, pafi, bili, ph, adlp, adls",4.0,1.0,1.0,1,15.5,7194,1030,0.5217391304347826,0.000811803073241068,2,2
"0.0, 1.0, 1.0, [-12.5,12.5], [-6.460000000000001,39.46], [-11.823444362499998,62.4171943625], [-1.0200000000000031,87.02000000000001], [-10.11,28.11], 0.0, 2.0, [73.57499999999999,160.425], [-47.49999999999999,68.5], [-27.5,155.5], [-5.300000000000001,25.3], [36.94900695,39.847873050000004], [8.960624999999993,615.0393750000001], [-25.448012739999996,247.44801274], [675.0,7425.0], 0.0","death, num.co, income, scoma, avtisst, sps, aps, hday, ca, dnr, meanbp, wblc, hrt, resp, temp, pafi, glucose, urine, adlp",4.0,1.0,1.0,1,6.0,7202,1038,0.41304347826086957,0.0003142463509320263,2,2
"0.0, 0.0, [1236.45,1945.55], 0.0, [3.995000000000001,26.005], 3.0, [-21.5,21.5], [-78011.3156,111952.2844], 1.0, [9.340966237999998,37.057471362], [0.652154540975,0.991644287025], [-25.195,29.195], 0.0, 0.0, 1.0, [0.169999857,0.629999857], 0.0, [-62.575,66.575], [74.85499999999999,177.145], [-18.000000000000004,38.0], [10.499999999999986,217.5], [-7.150000000000002,35.150000000000006], [33.3976229,37.1961371], [121.9975,578.7525], [-1.5748565350000003,5.774075335], [-20.042539597,20.842466357], [127.44,164.56], [7.19060578,7.5691602200000005], 7.0, [5.019492184,8.980507816]","death, hospdead, d.time, dzclass, edu, income, scoma, totcst, race, sps, surv2m, hday, diabetes, dementia, ca, prg2m, dnr, dnrday, meanbp, wblc, hrt, resp, temp, pafi, alb, bili, sod, ph, adls, adlsc",3.0,1.0,1.0,1,4.5,7232,1068,0.6521739130434783,0.00023568476319901972,2,2
"0.0, 1.0, [-331047.51,419537.51], [-58077.38560000001,112889.85440000001], [-212058.88118995,264166.88118995004], [-14.43,45.43], [0.5589245604049999,1.267003173595], 0.0, 1.0, [0.5849996,1.2149996], [-33.04,85.03999999999999], [39.224999999999994,106.775], [54.0,174.0], [-1.2000000000000028,49.2], [-3.7831682616999998,5.1830706017], [120.03999999999999,137.96], [-43.525000000000006,61.525000000000006], 3.0","dzclass, income, charges, totcst, totmcst, avtisst, surv2m, diabetes, ca, prg6m, dnrday, meanbp, hrt, resp, crea, sod, bun, adlp",4.0,1.0,1.0,1,6.5,7253,1089,0.391304347826087,0.0003404335468430285,2,2
"0.0, 1.0, [-85.80000000000001,97.80000000000001], 4.0, 2.0, 1.0, 2.0, [-20.5,20.5], [-344881.84,367537.84], [-10.32,32.32], 4.0, [0.68681884731,1.13300537069], [0.56337402372,1.01841308628], [-22.52,24.52], 0.0, 2.0, [33.298053,39.295707], [1.825131185,4.974673415], [7.123100904999999,7.716743095], [51.08797844000003,512.91202156], [-1410.0,2190.0]","death, sex, slos, dzgroup, dzclass, num.co, income, scoma, charges, avtisst, race, surv2m, surv6m, hday, diabetes, dnr, temp, alb, ph, glucose, urine",4.0,1.0,1.0,1,5.5,7266,1102,0.45652173913043476,0.00028805915502102414,2,2
"1.0, [34.3,139.7], [-519.32,777.32], 1.0, 3.0, [-34.5,34.5], [-117614.89880000002,217987.46120000002], [-4.780000000000001,22.28], [-1.7721916175000025,42.7721916175], [-27.665000000000003,29.665000000000003], 0.0, [-0.11000009999999999,0.5099999], [-63.575,65.575], [49.1,164.9], [-7.449999999999999,47.45], [-3.2984323846999994,7.497651144699999], [126.75999999999999,163.24]","sex, slos, d.time, dzgroup, income, scoma, totcst, avtisst, sps, hday, dementia, prg6m, dnrday, meanbp, resp, crea, sod",3.0,1.0,1.0,1,1.0,7379,1215,0.3695652173913043,5.2374391822004384e-05,2,2
"[39.3717786,62.536181400000004], 0.0, 0.0, [-41.4,67.4], 3.0, [-310769.39,338041.39], [-12.330000000000002,39.33], 4.0, [18.151872255,47.848127745], [-9.149999999999999,83.15], [0.214835204615,0.787117919385], 1.0, 0.0, 2.0, 1.0, [-89.56,87.56], [-59.42812500000002,423.678125], [0.99991458,5.19930422], [386.86397207,985.13602793], [2.479252927,5.520747073]","age, sex, hospdead, slos, num.co, charges, avtisst, race, sps, aps, surv2m, diabetes, dementia, ca, dnr, dnrday, pafi, alb, glucose, adlsc",0.0,1.0,1.0,1,3.0,7389,1225,0.43478260869565216,0.00015712317546601315,2,2
"1.0, [-65.5,87.5], [-262.92999999999995,972.93], 1.0, 1.0, [7.5600000000000005,22.439999999999998], [-308887.5,327201.5], [-126234.76999999999,139714.27], [-154085.95261325,165767.17137325002], [-6.99,24.990000000000002], [0.60459960934,1.03138671866], [-18.11,20.11], 1.0, 1.0, [-84.94,106.94], [37.379999999999995,168.62], [-18.500000000000014,188.5], [-7.050000000000004,55.050000000000004], [32.4010166,37.5989834], [109.48,148.52], [-62.40002449999997,462.4000245], [-53.165,67.16499999999999], 2.0, [5.045112303,6.954887697]","death, slos, d.time, dzgroup, dzclass, edu, charges, totcst, totmcst, avtisst, surv2m, hday, diabetes, dementia, dnrday, meanbp, hrt, resp, temp, sod, glucose, bun, adlp, adlsc",2.0,1.0,1.0,1,7.0,7414,1250,0.5217391304347826,0.0003666207427540307,2,2
"[22.26754835,49.56845165], [52.629999999999995,1045.37], 0.0, 4.0, [6.885,17.115000000000002], [-311798.28,349734.28], [-103102.89289505,131456.06469505], [1.42,32.58], [5.712306826999999,67.08456817300001], [25.08,98.92], [0.35606201137,0.90590087863], 1.0, 0.0, [0.29000000000000004,0.71], [0.28,0.72], [-80.095,108.095], [-55.400390619999996,68.59960938], [6.5,33.5], [110.64,157.36], 5.0, [4.080478514,5.919521486]","age, d.time, dzclass, num.co, edu, charges, totmcst, avtisst, sps, aps, surv6m, diabetes, dementia, prg2m, prg6m, dnrday, wblc, resp, sod, adls, adlsc",2.0,1.0,1.0,1,15.0,7417,1253,0.45652173913043476,0.0007856158773300657,2,2
"[58.61064789999999,93.3572521], 0.0, 1.0, 0.0, 4.0, [-0.0600000000000005,16.060000000000002], 3.0, [19.0,69.0], [-70883.8912,125411.8288], [-159129.7493919,224693.9993919], [0.8900000000000006,59.11], [0.07754882803999996,0.69833007796], 2.0, [-28.40039062,47.599609380000004], [-3.9499999999999993,23.95], [34.1966785,41.1939415], [156.894375,569.730625], [-3.3426737986,4.3426737986], [120.88,147.12], [7.252153555,7.587690445], [1160.0,3410.0]","age, death, sex, hospdead, num.co, edu, income, scoma, totcst, totmcst, avtisst, surv2m, dnr, wblc, resp, temp, pafi, crea, sod, ph, urine",3.0,1.0,1.0,1,3.0,7442,1278,0.45652173913043476,0.00015712317546601315,2,2
"[-1.0020130000000016,48.635993], 0.0, [-423.2800000000001,711.2800000000001], 7.0, 0.0, 1.0, [-32.5,32.5], [-14.52,44.519999999999996], 1.0, [8.656620333499998,59.1402546665], [35.12,74.88], [0.03938232415999998,0.58256591784], [0.027358398540000023,0.36863769546], [-1.4599999999999973,51.459999999999994], 0.0, 0.0, [-94.78500000000001,100.78500000000001], [-22.0,56.0], [29.0,251.0], [-166.26563,272.92187], [-1.5278491256000002,4.3276538056], [116.44,153.56], 0.0","age, hospdead, d.time, dzgroup, dzclass, income, scoma, avtisst, race, sps, aps, surv2m, surv6m, hday, diabetes, dementia, dnrday, wblc, hrt, pafi, crea, sod, adlp",3.0,1.0,1.0,1,2.5,7470,1306,0.5,0.00013093597955501096,2,2
"[32.64159719999999,78.9704028], 0.0, [-62.8,86.8], 0.0, 3.0, [-410820.63,441538.63], 1.0, [-1.072972817500002,43.4714104175], [6.57,53.43], [0.50710693349,1.13278564451], 2.0, [15.100000000000001,130.9], [-46.80078125,57.19921875], [8.899999999999999,43.1], [33.94779885,38.645961150000005], [-7.149892039799999,12.3491107998], [-11.740000000000002,41.74], 1.0","age, death, slos, dzgroup, income, charges, race, sps, aps, surv6m, dnr, meanbp, wblc, resp, temp, bili, bun, adlp",4.0,1.0,1.0,1,4.5,7515,1351,0.391304347826087,0.00023568476319901972,2,2
"0.0, 1.0, [-116.36000000000001,1342.3600000000001], 0.0, 4.0, [-1.1449999999999996,17.145], [15.676656,47.656656], 4.0, [-11.630000000000003,63.63], [0.596077880885,0.993765869115], [0.5904455561849999,0.865364989815], 1.0, [0.549999619,1.249999619], [0.515,0.985], [-62.1015625,83.8984375], [-0.17222385449999988,4.9720284545], [-2.5107603422,3.7107115222000004], [114.0,146.0], [7.242895475,7.716088524999999], [-150.3600343,584.3600343], [-53.98500000000001,73.98500000000001], [-421.0,3359.0], 6.0, [3.87802734,8.12197266]","death, sex, d.time, dzclass, num.co, edu, avtisst, race, aps, surv2m, surv6m, diabetes, prg2m, prg6m, wblc, alb, crea, sod, ph, glucose, bun, urine, adls, adlsc",3.0,1.0,1.0,1,1.5,7536,1372,0.5217391304347826,7.856158773300657e-05,2,2
"1.0, [-66.2,158.2], [-329.98,601.98], 7.0, 2.0, [-3.004999999999999,19.005], 1.0, [-317909.52,547171.52], 1.0, 2.0, [0.659999714,0.939999714], [0.14,0.86], 2.0, [89.4,166.6], [-50.2011719,71.7988281], [-3.7500000000000018,27.75], [77.298125,507.701875], [-15.283051303200002,18.6829536432], [-4.066128308300001,5.2660794883], [128.72,163.28], [7.241411555,7.576948445], [-67.36803233999996,625.3680323399999], [-13.245000000000005,61.245000000000005], [625.0,7375.0]","sex, slos, d.time, dzgroup, num.co, edu, income, charges, diabetes, ca, prg2m, prg6m, dnr, meanbp, wblc, resp, pafi, bili, crea, sod, ph, glucose, bun, urine",3.0,1.0,1.0,1,3.0,7539,1375,0.5217391304347826,0.00015712317546601315,2,2
"1.0, 1.0, 6.0, 3.0, [-25.0,25.0], [-383467.383,405282.977], [-213336.8562,229911.5438], 2.0, [-14.170943447500001,50.1709434475], [0.646746825825,1.083233642175], 1.0, [0.07499999999999998,0.42500000000000004], 0.0, [35.015,90.985], [-63.900390619999996,74.09960938], [52.49812499999999,395.06437500000004], [-2.3768513454,4.5765583854], [112.64,143.36], [7.385015105,7.634516895], [2.160957028,5.839042972]","sex, dzclass, num.co, income, scoma, charges, totcst, race, sps, surv2m, diabetes, prg6m, dnr, meanbp, wblc, pafi, crea, sod, ph, adlsc",2.0,1.0,1.0,2,3.5,7572,1408,0.43478260869565216,0.0003666207427540307,2,2
"1.0, 0.0, [-568.45,748.45], 0.0, 0.0, 3.0, [-10.0,28.0], [9.649999999999999,38.35], 1.0, [38.7,81.3], [0.28500000000000003,0.715], [0.37,0.63], [-28.30078125,47.69921875], [35.0943365,38.0931635], [13.379375000000039,531.620625], [-21.1295520818,23.529454421799997], [-2.5192436989,3.5192436989], [3.842661129,8.157338871]","death, hospdead, d.time, dzgroup, dzclass, num.co, scoma, avtisst, race, aps, prg2m, prg6m, wblc, temp, pafi, bili, crea, adlsc",3.0,1.0,1.0,1,6.0,7584,1420,0.391304347826087,0.0003142463509320263,2,2
"0.0, [-110.9,116.9], 0.0, 0.0, 0.0, [84.5,115.5], [-183449.58500000002,312699.835], [-114234.0988,189707.6612], 4.0, [54.687309114499996,91.3126908855], [48.46,153.54], [-0.260699462925,0.260699462925], 1.0, 0.0, 1.0, [-0.34,0.34], [-5.634999999999998,69.63499999999999], [5.093749999999993,115.09375], [34.4951576,41.6923424], [-6.3882846350000015,40.786722235], [-1.6137453477,11.0121828477], [7.0119195549999995,7.347456445], 1.0, [-0.874409183,2.874409183]","sex, slos, dzgroup, dzclass, income, scoma, charges, totcst, race, sps, aps, surv6m, diabetes, dementia, ca, prg6m, meanbp, wblc, temp, bili, crea, ph, adls, adlsc",0.0,1.0,1.0,1,11.0,7599,1435,0.5217391304347826,0.0005761183100420483,2,2
"0.0, 0.0, [-425.85,485.85], 7.0, 0.0, 3.0, [-139634.6492,145310.7508], [-13.762381130500003,52.5592561305], [0.45488525431000004,0.90107177769], [0.46074462889,0.70722412111], [-40.364999999999995,46.364999999999995], 0.0, [-15.20117188,34.798828119999996], [-9.050000000000004,53.050000000000004], [-5.204505161,7.604407501000001], [121.0,137.0], 0.0, 1.0","sex, hospdead, d.time, dzgroup, dzclass, income, totcst, sps, surv2m, surv6m, hday, ca, wblc, resp, crea, sod, adlp, adls",0.0,1.0,1.0,1,14.5,7608,1444,0.391304347826087,0.0007594286814190636,2,2
"[28.5448783,56.673081700000004], 1.0, [8.599999999999994,185.4], [-590.84,786.84], 0.0, [5.18,18.82], [206473.4,715344.6], [3.4800000000000004,62.519999999999996], 4.0, [19.47,80.53], 1.0, [0.279999905,0.9199999050000001], 0.0, [-32.46000000000001,218.46], [46.82,147.18], [-53.3007812,76.6992188], [14.0,146.0], [-7.850000000000001,57.85], [34.696092,38.694528], [-2.7682703387000003,4.368123858700001], 1.0","age, death, slos, d.time, dzclass, edu, charges, avtisst, race, aps, ca, prg2m, dnr, dnrday, meanbp, wblc, hrt, resp, temp, crea, adls",3.0,1.0,1.0,1,2.5,7616,1452,0.45652173913043476,0.00013093597955501096,2,2
"[39.59904685000001,91.71895315], 1.0, [-35.7,137.7], 2.0, [-25.5,25.5], [-104309.81199325001,215543.31199325], [13.253120424999999,62.746879575], [16.82,99.18], [0.04595947225000002,0.5199584957500001], 1.0, 1.0, [0.15499999999999997,0.845], [0.35,0.65], 2.0, [24.05,81.95], [-50.60058594000001,63.399414060000005], [56.49999999999999,179.5], [-3.0500000000000043,59.050000000000004], [-134.65437500000002,401.154375], [-20.986039734400002,21.7859664944], [-2.6001837950999995,6.0000861351]","age, sex, slos, num.co, scoma, totmcst, sps, aps, surv6m, dementia, ca, prg2m, prg6m, dnr, meanbp, wblc, hrt, resp, pafi, bili, crea",4.0,1.0,1.0,1,6.0,7638,1474,0.45652173913043476,0.0003142463509320263,2,2
"0.0, 1.0, [-28.75999999999999,1024.76], 1.0, 4.0, [7.49,20.509999999999998], [10.5,71.5], [17.23,55.769999999999996], [10.682246706,46.317753294], [0.05649902377999996,0.54945800822], 1.0, [0.719999619,1.079999619], [-38.5,65.5], [-130.90437500000002,404.904375], [-20.3588939634,25.5581127234], [117.16,156.84], [180.88796619,905.11203381], 6.0, [3.842661129,8.157338871]","death, sex, d.time, dzclass, num.co, edu, scoma, avtisst, sps, surv6m, diabetes, prg2m, wblc, pafi, bili, sod, glucose, adls, adlsc",1.0,1.0,1.0,2,1.0,7672,1508,0.41304347826086957,0.00010474878364400877,2,2
"0.0, [-99.4,111.4], 3.0, [-275840.16,283918.16], [-88717.3982,94914.08179999999], [-148240.1720537,150289.41033369998], [-16.650000000000002,36.650000000000006], [18.367434389,52.023190611000004], [-0.18779174802000004,0.47178833002000004], [-0.30483993531000003,0.32083877571], 0.0, 0.0, 2.0, [-86.25,98.25], [38.1,153.9], [2.4499999999999993,37.55], [31.55134895,38.44865105], [-5.147068404500001,6.7469219245000005], [5.373154294,8.626845706000001]","hospdead, slos, num.co, charges, totcst, totmcst, avtisst, sps, surv2m, surv6m, diabetes, ca, dnr, dnrday, meanbp, resp, temp, crea, adlsc",0.0,1.0,1.0,1,3.0,7675,1511,0.41304347826086957,0.00015712317546601315,2,2
"1.0, 0.0, 1.0, [-28.000000000000004,28.000000000000004], [22.11,45.89], 4.0, [23.458872072,55.134877928], [-14.25,92.25], [0.4238195806150001,0.9961022953850001], [0.30436889625499997,0.939527587745], [-49.715,51.715], 0.0, 1.0, [0.654999771,1.324999771], [-40.730000000000004,84.73], [8.54,93.46000000000001], [-38.0,80.0], [3.999999999999993,88.0], 6.0","sex, hospdead, num.co, scoma, avtisst, race, sps, aps, surv2m, surv6m, hday, dementia, ca, prg2m, dnrday, meanbp, wblc, hrt, adls",2.0,1.0,1.0,1,3.5,7689,1525,0.41304347826086957,0.00018331037137701535,2,2
"[18.69932695,69.16463305], 1.0, 1.0, [-60.7,78.7], 6.0, 2.0, [1.7850000000000001,18.215], [-27.500000000000004,27.500000000000004], [-179235.93517205,197479.96641204998], [-1.3899999999999988,22.39], [-26.195,28.195], 0.0, 0.0, 0.0, [-0.08500010000000002,0.48499990000000004], 2.0, [-38.97,56.97], [51.135,168.865], [-55.49999999999999,60.49999999999999], [3.6499999999999986,60.35], [36.100547399999996,38.899452600000004], [1.485253257,6.314551343], [-3.2342148619,4.6341172019], 5.0","age, death, sex, slos, dzgroup, dzclass, edu, scoma, totmcst, avtisst, hday, diabetes, dementia, ca, prg6m, dnr, dnrday, meanbp, wblc, resp, temp, alb, crea, adls",2.0,1.0,1.0,1,6.0,7704,1540,0.5217391304347826,0.0003142463509320263,1,1
"1.0, 0.0, [-37.8,179.8], 1.0, [-0.3149999999999995,22.314999999999998], [-59064.71000000002,437084.71], 4.0, [7.432089590999997,52.966348009], [34.25,69.75], [0.32444335978000005,0.81740234422], [-43.835,45.835], 2.0, 2.0, [-42.1015625,83.8984375], [15.149999999999999,44.85], [0.9100793620000003,4.689530038], [7.116821375000001,7.762084625], [59.31998285,426.68001715], 1.0, [-0.273183596,2.273183596]","death, sex, slos, num.co, edu, charges, race, sps, aps, surv6m, hday, ca, dnr, wblc, resp, alb, ph, glucose, adls, adlsc",2.0,1.0,1.0,1,5.0,7818,1654,0.43478260869565216,0.0002618719591100219,2,2
"[54.159666900000005,105.4522731], 0.0, 0.0, [-100.9,126.9], 0.0, 1.0, [3.01,20.990000000000002], [-13.0,13.0], 4.0, [1.769778088999999,35.425534311], [0.60881591831,1.0550024416900001], [-40.160000000000004,42.160000000000004], 0.0, 1.0, 0.0, [-73.64500000000001,77.64500000000001], [68.4,145.6], [-68.10058594,81.89941406], [-5.050000000000004,57.050000000000004], [32.64951525,38.14736475], [1.0604272519999998,6.939572748], [-4.2981882446999995,6.497895284699999], [120.75999999999999,157.24], [-1.1573388709999999,3.157338871]","age, death, hospdead, slos, dzgroup, num.co, edu, scoma, race, sps, surv2m, hday, dementia, ca, dnr, dnrday, meanbp, wblc, resp, temp, alb, crea, sod, adlsc",4.0,1.0,1.0,1,1.5,7819,1655,0.5217391304347826,7.856158773300657e-05,2,2
"[31.82243665,87.25154335], 0.0, 1.0, [53.799999999999955,864.2], 1.0, [8.094999999999999,23.905], [-381393.85000000003,445521.85000000003], [-4.3838789345,38.180753934500004], [-11.59,29.59], [0.473841552405,1.181920165595], [-15.580000000000002,25.580000000000002], [-111.61500000000001,135.615], [21.784999999999997,120.215], [2.400000000000002,45.599999999999994], [0.18271817650000033,7.2166958235], [-2.859762572,-0.5124290947872723], [-265.11203381,459.11203381], [-35.065,47.065]","age, death, sex, d.time, num.co, edu, charges, sps, aps, surv2m, hday, dnrday, meanbp, resp, alb, crea, glucose, bun",4.0,0.1,1.0,1,1.0,1695,1695,0.391304347826087,5.2374391822004384e-05,0,0
"1.0, 0.0, [-48.3,84.3], [-231.76,821.76], 0.0, [2.5,71.5], [-332754.07,468718.07], [18.316657,47.016657], 4.0, [31.823994143999997,95.176005856], [-0.189144287085,0.189144287085], [-15.375,21.375], 0.0, 2.0, [-89.00999999999999,125.00999999999999], [-50.5,67.5], [4.499999999999993,127.5], [7.85,32.15], [36.5943365,39.5931635], [121.08,156.92000000000002], [-21.155,57.155], [0.22569339399999988,3.479384806]","death, hospdead, slos, d.time, dzgroup, scoma, charges, avtisst, race, sps, surv2m, hday, dementia, dnr, dnrday, wblc, hrt, resp, temp, sod, bun, adlsc",4.0,1.0,1.0,1,5.0,7931,1767,0.4782608695652174,0.0002618719591100219,2,2
"[35.37952735,79.22643264999999], [557.62,1084.38], 1.0, 1.0, 3.0, [-203574.5758,208013.2242], [17.676227412278436,23.990000000000002], [3.2292788209999976,28.966033579], [-10.370000000000005,56.370000000000005], [0.791051025095,1.052943114905], [-17.375,19.375], 1.0, [-110.235,122.235], [68.785,167.215], [-6.0,210.0], [-182.49874999999997,467.49875], [-2.5428691085999997,5.1424784886], [127.0,143.0], [-8.928017639999979,368.92801764], [-0.20164059199999995,4.8910937919999995]","age, d.time, dzgroup, dzclass, num.co, totcst, avtisst, sps, aps, surv2m, hday, ca, dnrday, meanbp, hrt, pafi, crea, sod, glucose, adlsc",4.0,0.1,1.0,1,5.5,1782,1782,0.43478260869565216,0.00028805915502102414,0,0
"0.0, 0.0, [-67.1,147.1], 0.0, 0.0, 1.0, 1.0, [14.4129960655,56.977628934500004], [59.54,96.46000000000001], [0.45482543961500005,1.027108154385], 1.0, 0.0, [0.2049998,0.6949998], [-33.400390619999996,44.599609380000004], [78.48689307514235,117.0], [-3.8500000000000014,43.85], [35.35103615,40.64896385], [-4.9556005912000005,6.7554052712], [129.12,150.88], [-296.60003674999996,490.60003674999996], [-32.2,44.2], [110.0,4790.0]","death, hospdead, slos, dzgroup, dzclass, num.co, race, sps, aps, surv2m, diabetes, dementia, prg6m, wblc, hrt, resp, temp, crea, sod, glucose, bun, urine",4.0,0.1,1.0,1,3.5,1917,1917,0.4782608695652174,0.00018331037137701535,0,0
"0.0, [-100.30000000000001,134.3], [3.5,78.5], 4.0, [-15.369006039000006,49.962756039000006], [0.6368432616099999,0.88903564439], [0.43567016554499993,0.938109130455], [-15.375,21.375], 0.0, 2.0, [0.425,1.075], [0.4549999,0.7449999], [-53.70019531,64.29980469], [13.399999999999999,38.6], [36.55998530000002,351.4400147], [-19.245000000000005,55.245000000000005], [-900.0000000000005,5400.0], [-0.48538086199999997,2.485380862]","hospdead, slos, scoma, race, sps, surv2m, surv6m, hday, dementia, ca, prg2m, prg6m, wblc, resp, glucose, bun, urine, adlsc",4.0,1.0,1.0,1,3.0,8084,1920,0.391304347826087,0.00015712317546601315,2,2
"1.0, [-39.3,59.3], 1.0, 2.0, [2.0949999999999998,17.905], 3.0, [-21.5,21.5], [-386005.07,415467.07], [-11.380000000000003,44.38], [0.5044337484999986,41.0893162515], [-28.54,76.53999999999999], [-44.57,46.57], 0.0, 1.0, 1.0, [45.98,100.02000000000001], [-61.40039062,66.59960938], [97.5,262.5], [-0.9547222709999996,5.554331671], [-3.9792260009,9.3786400609], [120.96,151.04], [-18.804999999999993,116.80499999999999], [-1680.0,3180.0], [6.080478514,7.919521486]","sex, slos, dzclass, num.co, edu, income, scoma, charges, avtisst, sps, aps, hday, diabetes, dementia, ca, meanbp, wblc, hrt, alb, crea, sod, bun, urine, adlsc",3.0,1.0,1.0,2,2.0,8260,2096,0.5217391304347826,0.00020949756728801754,2,2
"[54.036956999999994,103.67496299999999], 0.0, [-36.900000000000006,190.9], 0.0, [1.1100000000000003,12.89], [18.5,63.5], [4.049999999999997,61.45], [5.779902906,41.415409494], [21.744999999999997,70.255], 0.0, 1.0, 0.0, [10.25,77.75], [34.9014076,42.0985924], [178.3825,564.8675000000001], [7.092505475,7.565698524999999], [19.639965700000005,754.3600343], [-27.120000000000005,95.12], [-1400.0,5080.0]","age, hospdead, slos, num.co, edu, scoma, avtisst, sps, hday, diabetes, ca, dnr, resp, temp, pafi, ph, glucose, bun, urine",1.0,1.0,1.0,2,1.5,8277,2113,0.41304347826086957,0.00015712317546601315,2,2
"0.0, 1.0, 0.0, [-50.9,74.9], [1008.11,2081.89], [7.97,16.03], [-375892.36600000004,438301.554], [-93020.37879999999,134935.9412], [-9.93,49.93], [-20.79,48.79], [0.38192504878499994,1.0360437012150001], 0.0, 1.0, [0.5649997999999999,0.8349998], [-96.85499999999999,120.85499999999999], [86.12,147.88], [-27.9023438,60.0976562], [-5.050000000000004,57.050000000000004], [132.635625,387.364375], [-3.5002082051,5.1000617251], 1.0","death, sex, hospdead, slos, d.time, edu, charges, totcst, avtisst, aps, surv6m, dementia, ca, prg6m, dnrday, meanbp, wblc, resp, pafi, crea, adls",4.0,1.0,1.0,1,6.0,8283,2119,0.45652173913043476,0.0003142463509320263,2,2
"[235.9,450.1], 0.0, [11.8,24.2], [-25.5,25.5], [36.269999999999996,59.230000000000004], 4.0, [0.04739013646000001,0.39657958954], [-0.06086669916500001,0.308852539165], [-19.340000000000003,45.34], [-10.3007812,51.6992188], [-218.97843999999998,343.18156], [134.44,171.56]","slos, dzgroup, edu, scoma, avtisst, race, surv2m, surv6m, hday, wblc, pafi, sod",3.0,1.0,1.0,1,1.0,8328,2164,0.2608695652173913,5.2374391822004384e-05,2,2
"[62.73017840000001,89.20378160000001], 0.0, 2.0, 1.0, 3.0, [-2.385,18.384999999999998], 3.0, [22.0,66.0], 4.0, [-2.194785051500002,38.3900974515], [0.521793212915,0.900081787085], [0.414420166185,0.689339599815], [-37.22,39.22], 1.0, 1.0, [25.154999999999998,88.845], [-0.8270560054999998,6.626860605499999], [113.64,160.36], [-184.11203381,540.11203381], [-4.875,42.875], [-925.0,3125.0]","age, death, dzgroup, dzclass, num.co, edu, income, scoma, race, sps, surv2m, surv6m, hday, diabetes, ca, meanbp, alb, sod, glucose, bun, urine",4.0,1.0,1.0,2,4.0,8433,2269,0.45652173913043476,0.00041899513457603507,2,2
"[60.9503378,97.35154220000001], 1.0, 0.0, [1.0,171.0], [-129.85000000000002,781.85], 3.0, 4.0, [2.545,21.455], [-37.0,37.0], [-5.6506938135000055,62.650693813500006], 0.0, 1.0, [-0.13999999999999999,0.43999999999999995], 0.0, [-56.885000000000005,64.885], [28.0,190.0], [-8.850000000000001,20.85], [35.647720650000004,39.94603935], [31.960000000000008,313.03999999999996], [118.12,139.88], [7.33885729,7.7002047099999995], [-146.87203136,524.8720313599999], 4.0","age, death, sex, slos, d.time, dzgroup, num.co, edu, scoma, sps, dementia, ca, prg6m, dnr, dnrday, hrt, resp, temp, pafi, sod, ph, glucose, adls",3.0,1.0,1.0,1,5.0,8488,2324,0.5,0.0002618719591100219,2,2
"1.0, 2.0, [-7.6800000000000015,9.680000000000001], [-1.0,53.0], [-269806.83,328116.83], [-90011.4770952,137439.6332952], 1.0, [8.724216412499999,33.4710959875], [0.28310302749,0.6128930665100001], [0.03841918965999999,0.45553833034], [-6.314999999999998,36.315], 1.0, [0.32,0.6799999999999999], 0.0, [6.959999999999994,115.04], [16.5,181.5], [35.7978575,40.795902500000004], [-132.76749999999998,429.3925], [-1.259902312,5.459121112], [-2.759786992,4.559591672], [-211.36803233999996,481.36803233999996], [-872.0,1738.0], 2.0, [0.1609570279999999,3.839042972]","sex, dzgroup, edu, scoma, charges, totmcst, race, sps, surv2m, surv6m, hday, ca, prg6m, dnr, meanbp, hrt, temp, pafi, alb, crea, glucose, urine, adls, adlsc",3.0,1.0,1.0,1,1.0,8501,2337,0.5217391304347826,5.2374391822004384e-05,2,2
"0.0, 3.0, [2.6850000000000005,25.314999999999998], [57.0,121.0], 4.0, [-9.414567715500006,47.008317715500006], [-25.18,57.18], [0.3964965825500001,0.68748779345], [0.307061767775,0.638861084225], 0.0, 0.0, [-68.7,152.7], [-7.690000000000005,119.69], [-21.90039062,32.099609380000004], [-9.0,213.0], [27.4,52.6], [-0.7745636350000003,6.574368235], [123.52,148.48], [-2.581733403,2.581733403]","hospdead, dzclass, edu, scoma, race, sps, aps, surv2m, surv6m, diabetes, dementia, dnrday, meanbp, wblc, hrt, resp, alb, sod, adlsc",3.0,0.13168724279835387,0.6666666666666666,1,4.0,8543,2379,0.41304347826086957,0.00020949756728801754,2,3
"[50.45272875,71.13523125], 1.0, 1.0, 0.0, [-61.94,707.94], 1.0, [-349118.51,401466.51], [-3.6566720000000004,28.323328], [10.1468098465,38.8531901535], [0.5417065431300001,1.10428955087], [0.35641479437499995,1.067413329625], 1.0, 0.0, 1.0, 0.0, [27.889999999999993,132.11], [131.4,166.6], 0.0, [-0.707651274,1.6972510740000002]","age, death, sex, hospdead, d.time, dzgroup, charges, avtisst, sps, surv2m, surv6m, diabetes, dementia, ca, dnr, meanbp, sod, adlp, adlsc",4.0,1.0,1.0,1,6.0,8619,2455,0.41304347826086957,0.0003142463509320263,2,2
"0.0, 0.0, [-120.75999999999999,932.76], 4.0, 2.0, 1.0, [1.1499999999999986,22.85], [-23.5,23.5], [4.74,34.26], 2.0, [-11.050000000000004,67.05000000000001], [0.28766601602,0.9323046879800001], 0.0, 0.0, [0.5449999050000001,1.154999905], 2.0, [11.379999999999995,142.62], [-36.2011719,57.7988281], [20.0,140.0], [-17.299999999999997,49.3], [-22.887552265000004,24.287454605], [-74.68801518999999,250.68801519], [-12.830000000000002,36.83], [3900.0,10650.0], 0.0, [4.868281248,7.131718752]","death, sex, d.time, dzgroup, dzclass, num.co, edu, scoma, avtisst, race, aps, surv6m, diabetes, ca, prg2m, dnr, meanbp, wblc, hrt, resp, bili, glucose, bun, urine, adlp, adlsc",4.0,1.0,1.0,1,7.0,8647,2483,0.5652173913043478,0.0003666207427540307,2,2
"[79.99941865,102.33652135], 0.0, [-90.9,102.9], 0.0, [-84206.00420000001,93093.3558], [-11.1405689965,59.1405689965], [1.3999999999999986,86.6], [0.44189697261,0.69408935539], [0.197606201305,0.5483654786950001], [-21.05,23.05], 0.0, 0.0, 1.0, [-96.94,94.94], [-36.10058594,49.89941406], [58.5,211.5], [-10.2,22.2], [128.56,155.44], [7.161333555,7.496870445]","age, death, slos, income, totcst, sps, aps, surv2m, surv6m, hday, diabetes, dementia, ca, dnrday, wblc, hrt, resp, sod, ph",3.0,1.0,1.0,1,2.5,8676,2512,0.41304347826086957,0.00013093597955501096,2,2
"0.0, [1140.58,1829.42], 0.0, 1.0, [5.77,26.23], [15929.079999999987,372138.92000000004], [40751.375,199054.375], [-6.43,53.43], 4.0, [16.846028646500002,45.5524089535], [-0.015130615275000037,0.601068115275], 0.0, 0.0, 2.0, [0.664999619,1.134999619], [14.495000000000005,121.505], [-43.6015625,64.3984375], [43.5,208.5], [-48.606875,592.606875], [-8.235050204,10.634952544], [-2.5810262313,8.581026231300001], [3.913393551,8.086606449]","hospdead, d.time, dzclass, num.co, edu, charges, totcst, avtisst, race, sps, surv6m, diabetes, dementia, ca, prg2m, dnrday, wblc, hrt, pafi, bili, crea, adlsc",3.0,1.0,1.0,1,3.5,8799,2635,0.4782608695652174,0.00018331037137701535,2,2
"[1064.5,2077.5], 3.0, [3.4749999999999996,20.525], 3.0, [-8.823444362499998,65.4171943625], [0.47689575178499993,1.131014404215], 0.0, 0.0, 1.0, [-0.312000006,0.327999994], 2.0, [-68.685,200.685], [-55.8007812,76.1992188], [47.5,212.5], [0.9499999999999957,63.050000000000004], [-8.9495746598,10.5494281798], [5.4136154879,12.1840407521], [7.0508111300000005,7.687470869999999], 0.0","d.time, num.co, edu, income, sps, surv6m, diabetes, dementia, ca, prg6m, dnr, dnrday, wblc, hrt, resp, bili, crea, ph, adls",3.0,1.0,1.0,2,4.5,8801,2637,0.41304347826086957,0.00047136952639803944,2,2
"1.0, 0.0, [-108.69999999999999,132.7], 0.0, 1.0, [0.995000000000001,23.005], 3.0, [13.0,61.0], [-73341.02749625,104355.15249625], [5.790000000000001,31.21], [0.07317626927999998,0.53876220672], [-21.785,23.785], [77.08500000000001,136.915], [-30.5,170.5], [-12.95,32.95], [32.3998085,39.3970715], [-4.057644961599999,5.4575473016], [129.04,146.96], [28.33597893000004,479.66402107], [-40.03,86.03], [-685.0,4265.0], [-1.697578128,1.697578128]","sex, hospdead, slos, dzgroup, num.co, edu, income, scoma, totmcst, avtisst, surv2m, hday, meanbp, hrt, resp, temp, crea, sod, glucose, bun, urine, adlsc",2.0,1.0,1.0,1,6.0,8809,2645,0.4782608695652174,0.0003142463509320263,2,2
"[44.469988,77.561992], 1.0, 0.0, [-35.800000000000004,79.80000000000001], [-123.25,383.25], 0.0, 0.0, [-115208.25,202836.25], 4.0, [15.765871889,49.421628111000004], [0.11429931637000001,0.52168701163], 0.0, 0.0, 0.0, 0.0, [1.6799999999999997,94.32], [43.0,193.0], [15.549999999999997,52.45], [139.23062499999997,604.7693750000001], [-15.1685024274,18.1685024274], [133.92,162.08], 0.0, [-2.652465825,2.652465825]","age, sex, hospdead, slos, d.time, dzclass, income, charges, race, sps, surv2m, diabetes, dementia, ca, dnr, meanbp, hrt, resp, pafi, bili, sod, adlp, adlsc",4.0,1.0,1.0,1,5.5,8836,2672,0.5,0.00028805915502102414,2,2
"[65.1644685,89.98347150000001], 0.0, 0.0, 7.0, [10.195,19.805], [-90498.89249999999,181782.2675], [0.9725888589999983,54.425848741], [27.28,72.72], [2.419999999999998,43.58], 0.0, 2.0, [-0.10500004000000002,0.30499996], 0.0, [-49.91000366,50.08999634], [1.5724435145000002,4.8269704855], [-11.8235507994,15.2234531394], [-1.3192925289,4.7191948689], 1.0","age, death, hospdead, dzgroup, edu, totcst, sps, aps, hday, dementia, ca, prg6m, dnr, wblc, alb, bili, crea, adls",4.0,1.0,1.0,1,3.5,8883,2719,0.391304347826087,0.00018331037137701535,2,2
"[35.19181645,93.93012354999999], 1.0, 0.0, 0.0, 0.0, [10.885,21.115000000000002], [-32.5,32.5], [96282.15320570001,366380.3467943], [24.830000000000002,75.67], 4.0, [-10.951475013500005,57.34991261350001], [9.149999999999999,58.85], [0.534984130655,0.790943603345], [0.08535095700000017,4.914649043], [112.88,155.12], [7.1585157200000005,7.64031228], 7.0, [4.771928707,9.228071293]","age, death, hospdead, dzgroup, dzclass, edu, scoma, totmcst, avtisst, race, sps, aps, surv6m, alb, sod, ph, adls, adlsc",3.0,1.0,1.0,1,1.5,8922,2758,0.391304347826087,7.856158773300657e-05,2,2
"[60.7752671,108.7586729], 1.0, 1.0, 3.0, [-27.500000000000004,27.500000000000004], [-222105.82,261321.82], [-218129.42939999996,237783.2106], 4.0, [-4.532473549500001,47.930911149500005], [-0.7299999999999969,88.72999999999999], [0.5443994144600001,0.89358886754], [-48.980000000000004,50.980000000000004], 0.0, [0.295,0.7050000000000001], 2.0, [-49.195,65.195], [24.644999999999996,115.355], [21.2,78.8], [34.35084065,38.64915935], [-81.07999999999998,481.08], [-4.232146071500001,5.831999591500001], 1.0, [5.868281248,8.131718752]","age, death, num.co, income, scoma, charges, totcst, race, sps, aps, surv2m, hday, dementia, prg2m, dnr, dnrday, meanbp, resp, temp, pafi, crea, adlp, adlsc",3.0,1.0,1.0,1,12.5,8929,2765,0.5,0.0006546798977750548,2,2
"1.0, [-112.11000000000001,840.11], 2.0, 1.0, [7.574999999999999,18.425], 0.0, [21.5,60.5], [-202945.71000000002,293203.71], 4.0, [-11.470000000000006,69.47], [0.299271240465,0.968551025535], [0.255,0.745], [0.11499989999999996,0.5849999], 0.0, [130.4,149.6], [-0.884155275,0.884155275]","sex, d.time, dzgroup, dzclass, edu, income, scoma, charges, race, aps, surv2m, prg2m, prg6m, dnr, sod, adlsc",4.0,1.0,1.0,1,2.0,8993,2829,0.34782608695652173,0.00010474878364400877,2,2
"[29.12274775,66.35125225], 0.0, 0.0, 0.0, [48.0,184.0], 0.0, 0.0, [2.2349999999999994,21.765], [-20.0,20.0], [102289.53,494880.97], [18.029999999999998,72.97], 1.0, [17.432931369499997,83.7545686305], [-0.0006433102349999997,0.474642334235], [-50.184999999999995,54.184999999999995], 0.0, 1.0, [-14.995000000000005,246.995], [17.05,44.95], [36.34803345,42.24572655], [-79.75625,183.75625], [108.24,151.76]","age, death, sex, hospdead, slos, dzclass, num.co, edu, scoma, totcst, avtisst, race, sps, surv2m, hday, diabetes, ca, dnrday, resp, temp, pafi, sod",1.0,1.0,1.0,1,1.5,9029,2865,0.4782608695652174,7.856158773300657e-05,2,2
"[46.96289714999999,94.11900285], 0.0, [3.1950000000000003,12.805], [-32.0,32.0], [-254756.05,317724.05], 4.0, [-5.267443539000006,60.064318539000006], [0.38413696267499997,0.917620849325], [-14.93,40.93], 1.0, 1.0, [-0.030000036000000008,0.229999964], [-0.33400000080000003,0.3359999992], [-120.77000000000001,122.77000000000001], [-47.20019500000001,57.799805000000006], [-0.8500000000000014,64.85], [120.2,145.8], [1.348520529,5.663198271]","age, dzclass, edu, scoma, charges, race, sps, surv2m, hday, diabetes, ca, prg2m, prg6m, dnrday, hrt, resp, sod, adlsc",0.0,1.0,1.0,1,3.5,9045,2881,0.391304347826087,0.00018331037137701535,2,2
"1.0, 0.0, [2.8550000000000004,21.145], 1.0, [-4.0,22.0], [-27346.840000000026,685072.8400000001], [-84528.9425,219412.8175], [6.013328000000001,48.653328], 4.0, [-0.02518432639500004,0.5151745603950001], [-21.05,23.05], 2.0, [-99.61500000000001,147.615], [16.1,131.9], [-2.25,38.25], [-1.2545269709999998,5.254526971], [-12.909014133600001,13.5089897136], [-2475.0,4275.0], 0.0, [-1.485380862,1.485380862]","sex, hospdead, edu, income, scoma, charges, totcst, avtisst, race, surv6m, hday, ca, dnrday, meanbp, resp, alb, bili, urine, adls, adlsc",3.0,1.0,1.0,1,9.0,9099,2935,0.43478260869565216,0.00047136952639803944,2,2
"0.0, [174.3,347.7], [1202.97,1831.03], [5.3500000000000005,14.649999999999999], [-14.499999999999998,14.499999999999998], [2.870000000000001,38.129999999999995], 4.0, [-11.660000000000004,53.660000000000004], [0.53374511692,1.23212402308], 0.0, 1.0, 2.0, [161.37,360.63], [-16.500000000000004,46.5], [191.40124999999998,665.72375], [-13.6670753468,15.2669288668], [-1.4619290124000002,3.6616360524], [118.96,149.04], [7.38931686,7.63021514], 3.0, [1.762182615,4.237817385]","death, slos, d.time, edu, scoma, avtisst, race, aps, surv2m, dementia, ca, dnr, dnrday, resp, pafi, bili, crea, sod, ph, adlp, adlsc",4.0,1.0,1.0,1,1.0,9107,2943,0.45652173913043476,5.2374391822004384e-05,2,2
"[55.763497349999994,99.61040265], 0.0, 0.0, 0.0, [-68.2,88.2], [107.84999999999991,1222.15], 0.0, 0.0, 3.0, [-8.830000000000002,42.83], [19.8319975295,46.5586274705], [0.22717163095499998,0.672730713045], [-47.510000000000005,49.510000000000005], 0.0, [26.0,176.0], [9.149999999999999,38.85], [0.9603295519999997,6.839475048000001], [-16.183075713200004,17.7829292332], [-1.6279467756000001,4.2275561556], [-226.86403331999998,486.86403332], [710.0,4490.0], 2.0, [0.30242187200000004,3.697578128]","age, death, sex, hospdead, slos, d.time, dzgroup, dzclass, income, avtisst, sps, surv6m, hday, diabetes, hrt, resp, alb, bili, crea, glucose, urine, adls, adlsc",3.0,1.0,1.0,1,9.5,9110,2946,0.5,0.0004975567223090417,2,2
"1.0, 1.0, 0.0, [-60.0,76.0], [-435.76,617.76], 4.0, [-20.0,20.0], [-150319.668,166286.332], 1.0, [-50.45,52.45], [-0.045000048000000015,0.644999952], [-0.21500004,0.41499996], [-97.165,113.165], [-0.6999999999999993,40.7], [31.9965612,38.394058799999996], 5.0, 5.0, [3.514619138,6.4853808619999995]","death, sex, hospdead, slos, d.time, dzgroup, scoma, totcst, race, hday, prg2m, prg6m, dnrday, resp, temp, adlp, adls, adlsc",3.0,1.0,1.0,1,6.0,9119,2955,0.391304347826087,0.0003142463509320263,2,2
"[34.347978,67.439982], 0.0, 0.0, 3.0, [-169738.34649025,292271.72149024997], [-10.797817989999999,48.59469299], [-26.729999999999997,62.73], [0.16808837889,0.8858666991099999], [0.16309082043,0.75084960957], [-18.11,20.11], 0.0, 1.0, [-0.08500000000000002,0.385], 2.0, [32.625,177.375], [-51.5,66.5], [1.2227914045000001,6.577013195499999], [-2.1852614620999997,4.5851638021], [108.48,147.52], [-56.625,86.625], [-1665.0000000000005,3465.0000000000005], 0.0","age, sex, hospdead, dzclass, totmcst, sps, aps, surv2m, surv6m, hday, dementia, ca, prg6m, dnr, meanbp, wblc, alb, crea, sod, bun, urine, adls",3.0,1.0,1.0,1,4.5,9122,2958,0.4782608695652174,0.00023568476319901972,2,2
"[-1.5325633500000038,53.89654335], 1.0, 0.0, [-58.599999999999994,138.6], 0.0, 0.0, [0.8399999999999999,23.16], 3.0, [-183237.4812,260010.9188], [-205491.85678935,299165.29438935], [-1.0899999999999999,39.09], [-5.444942166500002,45.0386921665], [15.11,98.89], 1.0, [0.7099996,1.0899996], 2.0, [84.155,147.845], [-13.0,143.0], [10.100000000000001,65.9], [34.05076245,37.94923755], [63.311874999999986,616.688125], [-114.43201665999999,242.43201666], [-34.80499999999999,100.80499999999999], [-130.0,4730.0], 7.0, 7.0, [5.549985349,8.450014651]","age, sex, hospdead, slos, dzgroup, dzclass, edu, income, totcst, totmcst, avtisst, sps, aps, ca, prg6m, dnr, meanbp, hrt, resp, temp, pafi, glucose, bun, urine, adlp, adls, adlsc",2.0,1.0,1.0,1,9.5,9137,2973,0.5869565217391305,0.0004975567223090417,2,2
"0.0, 1.0, 0.0, [1678.71,2347.29], 3.0, 1.0, [8.870000000000001,23.13], 0.0, [-22.0,22.0], [7395.920000000042,923364.08], [89457.16999999998,520041.33], 4.0, [-1.9651918005000013,44.5589418005], [-1.8800000000000026,37.88], [0.6149658204,1.0029541016], [-47.980000000000004,51.980000000000004], 0.0, 1.0, 2.0, [67.12,128.88], [-35.6015625,52.3984375], [-24.5,188.5], [0.5853509570000002,5.414649043], [126.8,149.2], 1.0","death, sex, hospdead, d.time, dzgroup, dzclass, edu, income, scoma, charges, totcst, race, sps, aps, surv2m, hday, dementia, ca, dnr, meanbp, wblc, hrt, alb, sod, adls",2.0,1.0,1.0,1,3.5,9202,3038,0.5434782608695652,0.00018331037137701535,2,2
"[144.54999999999995,1461.45], 0.0, 3.0, [-14.499999999999998,14.499999999999998], [30.33,60.67], 0.0, 1.0, [-0.08500010000000002,0.48499990000000004], 0.0, [-62.20019531,75.79980469], [33.34642435,39.04419565], [91.14937499999999,468.85062500000004], [7.283589045,7.636332954999999], [-120.16802009,310.16802009], [-39.3,75.3], [1315.0,5545.0], [-1.450014651,1.450014651]","d.time, num.co, income, scoma, avtisst, dementia, ca, prg6m, dnr, wblc, temp, pafi, ph, glucose, bun, urine, adlsc",4.0,1.0,1.0,1,2.5,9207,3043,0.3695652173913043,0.00013093597955501096,2,2
"1.0, 1.0, 0.0, [-83.50000000000001,103.50000000000001], [233.70999999999998,902.29], 1.0, 3.0, [4.25,19.75], 1.0, [-34.0,34.0], 4.0, [-19.732006679500003,52.5288816795], [0.700748290915,1.079036865085], [0.564999905,1.134999905], [0.61,0.89], [-5.899999999999999,109.9], [71.0,149.0], [28.05,55.95], [-2.8173458085,5.4169551885], [125.6,170.4], [7.154375679999999,7.70500032], [-195.62403086999996,465.62403086999996], 4.0, [2.8329150370000002,5.167084963]","death, sex, hospdead, slos, d.time, dzclass, num.co, edu, income, scoma, race, sps, surv2m, prg2m, prg6m, meanbp, hrt, resp, crea, sod, ph, glucose, adls, adlsc",4.0,1.0,1.0,2,1.0,9213,3049,0.5217391304347826,0.00010474878364400877,2,2
"1.0, 0.0, 0.0, 3.0, [-397261.41000000003,480541.41000000003], [-52345.2475,112289.8725], [-166250.06539160002,231789.3777916], [7.76,39.74], 1.0, [0.55287353513,0.95103271487], [-48.245000000000005,50.245000000000005], 0.0, [0.544999714,1.054999714], [-93.305,161.305], [34.644999999999996,125.355], [39.5,168.5], [-7.449999999999999,47.45], [-25.47187500000001,545.471875], [-16.183075713200004,17.7829292332], [-3.3832659116999997,5.5829729516999995], [-150.88802743999997,436.88802744], [-46.075,78.075], [-768.0,2742.0], [3.196323239,6.803676761]","sex, dzgroup, dzclass, income, charges, totcst, totmcst, avtisst, race, surv6m, hday, dementia, prg2m, dnrday, meanbp, hrt, resp, pafi, bili, crea, glucose, bun, urine, adlsc",2.0,1.0,1.0,1,14.5,9349,3185,0.5217391304347826,0.0007594286814190636,2,2
"[45.370386800000006,98.3175932], 0.0, 0.0, 0.0, [74.0,210.0], [1218.25,2737.75], [4.715,19.285], [80.0,120.0], 4.0, [-2.2215675325000035,52.2215675325], [-15.829999999999998,87.83], [-0.061910400810000016,0.46187377881], [-0.030465087815,0.24445434581499997], 0.0, 0.0, [0.5999996190000001,1.199999619], 0.0, [10.900000000000002,63.099999999999994], [38.64591605,41.74470395], [158.67624999999998,457.32375], [-2.1363080623,3.5362104022999996], [3.656083982,6.343916018]","age, death, sex, hospdead, slos, d.time, edu, scoma, race, sps, aps, surv2m, surv6m, diabetes, dementia, prg2m, dnr, resp, temp, pafi, crea, adlsc",3.0,1.0,1.0,1,1.5,9405,3241,0.4782608695652174,7.856158773300657e-05,2,2
"[60.038176400000005,119.60378360000001], 0.0, 0.0, [-30.299999999999997,68.3], 3.0, 1.0, [1.6150000000000002,22.384999999999998], 3.0, [-6.460000000000001,30.46], [-51.184999999999995,53.184999999999995], 0.0, 0.0, [-42.20019531,45.79980469], [11.0,47.0], [-164.99874999999997,484.99875], [0.17029903400000013,5.629505566], 1.0, [-1.2280712930000002,3.228071293]","age, death, hospdead, slos, dzclass, num.co, edu, income, aps, hday, dementia, dnr, wblc, resp, pafi, alb, adls, adlsc",3.0,1.0,1.0,1,2.0,9430,3266,0.391304347826087,0.00010474878364400877,2,2
"[58.75445649999999,116.6654635], 0.0, [1290.85,2405.15], 0.0, 0.0, 1.0, [85.5,114.5], [-169916.26,262624.26], [-126036.10620000001,158909.2938], [9.61,53.89], 4.0, [-0.08865142823499998,0.19264007563499996], 1.0, 1.0, [0.255,0.745], 2.0, [28.189999999999998,93.81], [33.64630705,38.74431295], [-15.554075621600001,17.153929141600003], [-0.15327476569999998,5.1532747657], [7.05030321,7.54930679], [2.080478514,3.919521486]","age, death, d.time, dzgroup, dzclass, num.co, scoma, charges, totcst, avtisst, race, surv2m, dementia, ca, prg2m, dnr, meanbp, temp, bili, crea, ph, adlsc",3.0,1.0,1.0,2,2.0,9559,3395,0.4782608695652174,0.00020949756728801754,2,2
"[36.42738779999999,72.8285922], 2.0, [-0.14499999999999957,18.145], 3.0, [-287651.84,424767.84], [-87024.037794,197289.850194], [12.370000000000001,47.629999999999995], [-0.08624145545500003,0.416197509455], [-1.375,35.375], 2.0, [0.04499995200000001,0.554999952], [1.9599999999999937,110.04], [-27.800048829999998,30.199951169999995], [-91.823125,531.823125], [-1.5321383464999996,6.1317477465], [122.96,153.04], [7.2328080450000005,7.585551955], 4.0, 5.0","age, num.co, edu, income, charges, totmcst, avtisst, surv6m, hday, ca, prg2m, meanbp, wblc, pafi, alb, sod, ph, adlp, adls",2.0,1.0,1.0,1,9.0,9575,3411,0.41304347826086957,0.00047136952639803944,2,2
"[57.772357799999995,94.1735622], 0.0, 0.0, [-88.80000000000001,94.80000000000001], 7.0, 1.0, [6.885,17.115000000000002], [9.5,78.5], [-394412.74,445224.74], [-68883.52620000001,102083.71380000001], [-186432.23899145002,218715.05139145002], 4.0, [11.119999999999997,50.88], 0.0, [-0.355,0.355], 0.0, [41.0,155.0], [34.6977011,38.8960589], [110.28,155.72], [7.18464868,7.73527332], [28.14999999999999,161.85000000000002], [0.6467186959999998,5.173593704]","age, death, hospdead, slos, dzgroup, num.co, edu, scoma, charges, totcst, totmcst, race, aps, diabetes, prg2m, dnr, hrt, temp, sod, ph, bun, adlsc",3.0,1.0,1.0,1,2.0,9695,3531,0.4782608695652174,0.00010474878364400877,2,2
"0.0, 1.0, 0.0, [-68.0,102.0], [761.33,1956.67], 0.0, 1.0, [-6.470000000000001,16.47], [-442633.97,486055.97], [-108596.7331,132023.8269], 4.0, [0.511021728095,0.7729138179049999], [0.251754150665,0.830032959335], 1.0, [-0.060000023999999985,0.359999976], [-0.21000002,0.30999998], 0.0, [-47.10058594,58.89941406], [25.999999999999986,194.0], [13.8,46.2], [12.369374999999991,600.880625], [7.286567594999999,7.553276405]","death, sex, hospdead, slos, d.time, dzgroup, num.co, edu, charges, totcst, race, surv2m, surv6m, dementia, prg2m, prg6m, dnr, wblc, hrt, resp, pafi, ph",3.0,1.0,1.0,1,3.0,9717,3553,0.4782608695652174,0.00015712317546601315,2,2
"0.0, 7.0, 0.0, [-376687.18,412063.18], [-154887.3483928,186289.31719279996], 4.0, [2.9499999999999957,81.05000000000001], [0.17409423849,0.5038842775100001], [-51.39,57.39], 1.0, 2.0, [65.435,144.565], [4.199999999999999,43.8], [0.2703967340000002,5.729603266], [-8.2060256924,9.4059768724], [101.24,144.76], 2.0, [-0.672001281,4.350000681]","hospdead, dzgroup, income, charges, totmcst, race, aps, surv2m, hday, diabetes, ca, meanbp, resp, alb, bili, sod, adlp, adlsc",0.0,1.0,1.0,1,4.5,9819,3655,0.391304347826087,0.00023568476319901972,2,2
"[-4.079203400000004,52.1772034], 1.0, [-528.1500000000001,586.1500000000001], 1.0, 4.0, [-11.119999999999997,91.12], 2.0, [56.155,119.845], [1.9999999999999964,58.0], [13.5,58.5], [213.015625,432.609375], [123.2,148.8], [7.234131250000001,7.66430675], [4.302421872,7.697578128]","age, death, d.time, dzclass, num.co, aps, dnr, meanbp, wblc, resp, pafi, sod, ph, adlsc",0.0,1.0,1.0,2,6.333333333333333,9869,3705,0.30434782608695654,0.0006634089630787221,3,3
"0.0, 1.0, 7.0, [2.3500000000000005,11.649999999999999], [-7.0,25.0], [-178476.30419999998,188786.65579999998], [-154812.41355325002,165040.71043325], [-20.11,38.11], [10.928497620999998,36.665252379], [-8.470000000000006,72.47], [0.43828613248,0.7416455075199999], [-46.04,48.04], 0.0, 1.0, 1.0, 2.0, [27.499999999999993,132.5], [21.4,46.6], [0.4376480275000003,5.1619613725], [-13.381599812600001,16.181404492600002], [119.44,156.56], [7.303120045,7.655863954999999], [-108.16002204999998,364.16002204999995]","death, sex, num.co, edu, scoma, totcst, totmcst, avtisst, sps, aps, surv6m, hday, diabetes, dementia, ca, dnr, hrt, resp, alb, bili, sod, ph, glucose",3.0,1.0,1.0,1,9.5,9883,3719,0.5,0.0004975567223090417,2,2
"[69.99053835,97.29144165000001], 1.0, 0.0, 1.0, 3.0, [-1.540000000000001,19.54], [-1.620000000000001,24.62], 4.0, [-27.340000000000003,49.34], [0.49989501913,0.8980541988699999], [-35.015,37.015], 0.0, 0.0, 2.0, [0.31,0.69], 1.0, [-88.56,88.56], [41.959999999999994,150.04000000000002], [-18.0,156.0], [6.950000000000001,33.05], [123.68,156.32], 0.0, [-0.884155275,0.884155275]","age, sex, hospdead, dzclass, num.co, edu, avtisst, race, aps, surv6m, hday, diabetes, dementia, ca, prg6m, dnr, dnrday, meanbp, hrt, resp, sod, adlp, adlsc",2.0,1.0,1.0,2,3.5,9919,3755,0.5,0.0003666207427540307,2,2
"[34.89351634999999,95.28642364999999], 0.0, 0.0, [-26118.28999999998,749910.29], [34855.850000000006,446443.65], 4.0, [25.5452473465,54.2516276535], [31.270000000000003,120.72999999999999], [-0.025500488449999983,0.26549072245], [0.495,1.005], [-65.265,71.265], [91.05,148.95], [0.19921880000000414,58.1992188], [53.5,182.5], [-111.24812500000002,424.560625], [-0.5645941529999998,6.364398753], [-7.7655017862000015,16.7655017862], [-0.8220578044000009,11.6208859244], [117.68,150.32], [4.019492184,7.980507816]","age, dzgroup, dzclass, charges, totcst, race, sps, aps, surv2m, prg2m, dnrday, meanbp, wblc, hrt, pafi, alb, bili, crea, sod, adlsc",4.0,1.0,1.0,1,1.0,3867,3867,0.43478260869565216,5.2374391822004384e-05,1,1
"[55.643947000000004,105.28195300000002], 0.0, 0.0, 0.0, [14004.414999999994,273621.335], [-59808.72159160001,338230.7215916], 4.0, [9.600933839999996,49.195941160000004], [0.23816650358000002,0.50975830042], 0.0, 1.0, [0.034999952,0.564999952], [-0.14000004,0.33999996], 2.0, [114.47,195.53], [-59.400390619999996,78.59960938], [16.2,55.8], [-2.2597869920000004,5.059591672], [115.2,140.8], [704.9999999999995,5835.0], 0.0","age, sex, hospdead, num.co, totcst, totmcst, race, sps, surv2m, dementia, ca, prg2m, prg6m, dnr, meanbp, wblc, resp, crea, sod, urine, adls",2.0,1.0,1.0,1,3.0,3876,3876,0.45652173913043476,0.00015712317546601315,1,1
"1.0, 0.0, [1371.62,1898.38], 0.0, 1.0, 1.0, [9.920000000000002,78.08], [0.6099609374,0.9979492186], 1.0, [0.404999905,0.7949999050000001], [0.47499990000000003,0.7249999], [39.03,134.97], [27.999999999999986,196.0], [-13.0,41.0], [35.3974274,38.196332600000005], [70.40625,509.59375], [-3.874660495,5.274562835], [7.21394568,7.764570320000001]","sex, hospdead, d.time, dzclass, num.co, race, aps, surv2m, ca, prg2m, prg6m, dnrday, hrt, resp, temp, pafi, crea, ph",2.0,1.0,1.0,1,3.0,4001,4001,0.391304347826087,0.00015712317546601315,1,1
"[15.373538349999999,42.674441650000006], 0.0, 0.0, [20.900000000000006,167.1], 0.0, 0.0, [-1.4700000000000006,21.47], 3.0, [-27.500000000000004,27.500000000000004], [218115.86,496729.14], [387931.52120495,622490.47879505], [36.67,67.83], 2.0, [28.778432467499997,83.2215675325], [-0.08690490722500002,0.24489440922500003], [-27.545,41.545], 0.0, [-0.165000072,0.564999928], [-0.1200001,0.5199999], [10.6,39.4], [36.24486435,41.94263565], [-100.3775,356.3775], [127.56,154.44], [7.35987321,7.85887679], [-3.164999999999999,117.16499999999999], 0.0","age, death, hospdead, slos, dzgroup, dzclass, edu, income, scoma, totcst, totmcst, avtisst, race, sps, surv6m, hday, dementia, prg2m, prg6m, resp, temp, pafi, sod, ph, bun, adls",3.0,1.0,1.0,1,1.0,4037,4037,0.5652173913043478,5.2374391822004384e-05,1,1
"[67.02825709999999,115.0116629], 0.0, [83.44999999999999,792.55], 0.0, 1.0, 4.0, 0.0, 1.0, 0.0, [85.505,168.495], [-37.8007812,60.1992188], [-10.150000000000002,50.150000000000006], [0.8175137635,6.3817050365], [127.28,156.72], 2.0","age, sex, d.time, num.co, income, race, dementia, ca, dnr, meanbp, wblc, resp, alb, sod, adls",3.0,1.0,1.0,1,2.0,4053,4053,0.32608695652173914,0.00010474878364400877,1,1
"[-42.7,62.7], [-312.19000000000005,964.19], 0.0, 2.0, 3.0, [-28.5,46.5], [-159915.64090000003,175686.71910000002], [0.11000000000000121,23.89], 4.0, [-14.328506771,58.922256771], [0.5545971684300001,0.92318603557], 1.0, 1.0, 1.0, [0.4249997,1.1749996999999999], [-89.63000000000001,109.63000000000001], [8.414999999999992,141.585], [-12.850000000000001,52.85], [112.32,159.68]","slos, d.time, dzclass, num.co, income, scoma, totcst, avtisst, race, sps, surv2m, diabetes, dementia, ca, prg6m, dnrday, meanbp, resp, sod",3.0,0.1,1.0,1,4.5,4060,4060,0.41304347826086957,0.00023568476319901972,0,0
"[-42.7,62.7], [-312.19000000000005,964.19], 2.0, 3.0, [-28.5,46.5], [-159915.64090000003,175686.71910000002], [0.11000000000000121,23.89], 4.0, [-14.328506771,58.922256771], [0.5545971684300001,0.92318603557], 1.0, [0.4249997,1.1749996999999999], [-89.63000000000001,109.63000000000001], [8.414999999999992,141.585], [-12.850000000000001,52.85], [112.32,159.68], [3.354243173,7.385991227]","slos, d.time, num.co, income, scoma, totcst, avtisst, race, sps, surv2m, dementia, prg6m, dnrday, meanbp, resp, sod, adlsc",3.0,1.0,1.0,1,15.0,7345,4060,0.3695652173913043,0.0007856158773300657,1,1
"[11.595997999999998,44.688002], 0.0, 1.0, 0.0, [51.7,252.3], [-3.3149999999999995,19.314999999999998], 3.0, [37.3,74.2], [16.382307284499994,72.8051927155], [29.880000000000003,132.12], [0.11121582060999996,0.81273437539], 1.0, [-0.16000002,0.25999998], [76.35499999999999,227.645], [102.12,163.88], [-3.200000000000003,47.2], [35.75127075,42.24872925], [132.76,169.24], [-254.35203625999998,522.35203626], [432.0,4032.0], 0.0","age, death, sex, hospdead, slos, edu, income, avtisst, sps, aps, surv6m, ca, prg6m, dnrday, meanbp, resp, temp, sod, glucose, urine, adls",3.0,1.0,1.0,1,1.0,4144,4144,0.45652173913043476,5.2374391822004384e-05,1,1
"1.0, [111.3,216.7], [-484.32000000000005,812.32], 0.0, [-16.0,16.0], 0.0, [-12.729999999999997,76.72999999999999], [-37.22,39.22], 0.0, 1.0, [85.945,138.055], [100.5,199.5], [1.8999999999999986,36.1], [37.3964048,42.9942152], [-99.18812500000001,454.188125], [0.604899321,4.594319478999999]","death, slos, d.time, dzclass, scoma, race, aps, hday, diabetes, ca, meanbp, hrt, resp, temp, pafi, alb",1.0,1.0,1.0,1,3.0,4272,4272,0.34782608695652173,0.00015712317546601315,1,1
"1.0, 1.0, [-56.0,114.0], 0.0, 2.0, [15.955,28.045], [-79825.30000000005,810699.3], [-83091.88,220849.88], [-68568.86059309999,258392.1105931], [9.49,39.01], [-1.6557562220000008,65.65575622200001], [5.419999999999998,46.58], 1.0, 0.0, [0.549999714,1.0499997140000001], [0.28499990000000003,0.9149999], 2.0, [-41.11,99.11], [13.5,58.5], [-20.473198699199997,26.0728080792], [-112.60003674999996,674.60003675], 2.0, [0.4792529269999999,3.520747073]","death, sex, slos, dzclass, num.co, edu, charges, totcst, totmcst, avtisst, sps, hday, diabetes, dementia, prg2m, prg6m, dnr, dnrday, resp, bili, glucose, adls, adlsc",0.0,1.0,1.0,1,4.0,4384,4384,0.5,0.00020949756728801754,1,1
"0.0, [-22.900000000000006,68.9], 3.0, 3.0, [0.7149999999999999,15.285], 3.0, [-217739.8775,250837.0025], [-6.776671999999998,51.443328], 4.0, [-7.976787056000003,55.375224656], [-3.25,103.25], [0.48304321249499993,1.132923583505], [0.42971679708000005,1.11227539092], [-54.125,56.125], 1.0, 1.0, 1.0, [0.19,0.81], 2.0, [-1.3595117119999998,5.359511712], [118.56,161.44], [7.174399535,7.544350465], [-235.86403331999998,477.86403332], [20.295,117.705], [4.595097652,9.404902348]","hospdead, slos, dzclass, num.co, edu, income, totcst, avtisst, race, sps, aps, surv2m, surv6m, hday, diabetes, dementia, ca, prg6m, dnr, alb, sod, ph, glucose, bun, adlsc",3.0,1.0,1.0,1,1.0,4436,4436,0.5434782608695652,5.2374391822004384e-05,1,1
"[2.4669471499999958,49.62305285000001], 0.0, [-20.0,82.0], [674.45,1383.55], [-2.625,20.625], [-37.0,37.0], [23.939999999999998,57.56], [0.466644287125,0.7091369628749999], [-54.125,56.125], 0.0, 0.0, [-0.12500004,0.32499996], [-32.0,56.0], [78.990625,474.259375], [-0.9002326250999997,7.7000373051], [7.2273438,7.5714842], [-81.85603527999996,673.85603528], [-8.89500000000001,122.89500000000001]","age, hospdead, slos, d.time, edu, scoma, avtisst, surv2m, hday, diabetes, dementia, prg6m, wblc, pafi, crea, ph, glucose, bun",4.0,1.0,1.0,1,7.666666666666667,9207,4443,0.391304347826087,0.0004015370039687003,3,3
"1.0, [59.0,161.0], [-264.81,484.81], [260630.0,578674.5], [22.970000000000002,70.53], 4.0, [12.641747437999998,40.358252562000004], [0.46679931661,0.7189916993900001], [0.280762939545,0.783201904455], 0.0, [47.269999999999996,172.73000000000002], [-6.6200000000000045,124.62], [-25.0,39.0], [56.499999999999986,227.5], [0.2801709160000003,5.319438484], [-1.6268457060000001,1.6268457060000001]","hospdead, slos, d.time, charges, avtisst, race, sps, surv2m, surv6m, ca, dnrday, meanbp, wblc, hrt, alb, adlsc",3.0,0.1,1.0,1,9.5,4445,4445,0.34782608695652173,0.0004975567223090417,0,0
"1.0, [-486.5,526.5], 5.0, 3.0, 4.0, [-3.625,19.625], [15.999999999999996,72.0], [-7.043335999999999,18.376663999999998], 4.0, [0.001644287364999969,0.39032348663500005], [-50.45,52.45], 1.0, 1.0, [65.715,160.285], [0.5,213.5], [-9.299999999999997,57.3], [-10.6220504788,12.0219528188], [113.84,154.16]","death, d.time, dzgroup, dzclass, num.co, edu, scoma, avtisst, race, surv6m, hday, dementia, ca, meanbp, hrt, resp, bili, sod",0.0,1.0,1.0,1,1.0,4578,4578,0.391304347826087,5.2374391822004384e-05,1,1
"0.0, [-58.5,94.5], [42.84999999999991,1157.15], 5.0, 3.0, 0.0, 3.0, [-77047.4094,112916.1906], [-180915.48549175,210016.11049175], [-8.079999999999998,60.08], [-44.57,46.57], 0.0, [79.505,162.495], [-8.9023438,61.0976562], [82.5,229.5], [-18.1555393222,18.955466082199997], [123.03999999999999,140.96], [-43.18401616999998,303.18401616999995], [-48.254999999999995,68.255], [4.691450193,7.308549807]","death, slos, d.time, dzgroup, dzclass, num.co, income, totcst, totmcst, aps, hday, diabetes, meanbp, wblc, hrt, bili, sod, glucose, bun, adlsc",3.0,1.0,1.0,1,1.0,4588,4588,0.43478260869565216,5.2374391822004384e-05,1,1
"[58.8266479,93.5732521], 0.0, 7.0, 4.0, [7.8149999999999995,16.185000000000002], [7.5,44.5], [-258990.95,440706.95], [-86360.85620000001,198584.5438], [8.830526990999996,54.36478540900001], [0.004748534824999984,0.441235351175], [-0.08355957034,0.33355957034], [-2.6299999999999955,82.63], 0.0, 2.0, [0.32499999999999996,0.675], 1.0, [11.274999999999999,136.725], [-21.836250000000007,364.64875], [7.353579615,7.585874384999999], [-117.14402596999997,439.14402597], [-29.299999999999997,85.3], 1.0, [-0.20245117400000012,2.202451174]","age, hospdead, dzgroup, num.co, edu, scoma, charges, totcst, sps, surv2m, surv6m, hday, dementia, ca, prg2m, dnr, meanbp, pafi, ph, glucose, bun, adls, adlsc",0.0,1.0,1.0,1,1.0,4599,4599,0.5,5.2374391822004384e-05,1,1
"[41.516117550000004,82.05382245], [-25.5,127.5], [543.1,1150.9], 0.0, [10.969999999999999,19.03], [-147039.49000000002,374553.49], [-59820.58750000001,193464.21250000002], [1.7099999999999973,58.290000000000006], 4.0, [-8.426162971,64.824600571], [6.399999999999999,91.6], [-0.04796264650500004,0.601917724505], [-0.053803711045000036,0.391755371045], [-46.510000000000005,50.510000000000005], [0.019999928,0.379999928], [-122.685,146.685], [-57.5,70.5], [43.49999999999999,166.5], [2.599999999999998,49.400000000000006], [5.068124999999981,294.931875], [7.065532455,7.573139545], [220.0,2560.0], 0.0","age, slos, d.time, dzclass, edu, charges, totcst, avtisst, race, sps, aps, surv2m, surv6m, hday, prg2m, dnrday, wblc, hrt, resp, pafi, ph, urine, adls",3.0,0.03125,0.5,1,11.0,4601,4601,0.5,0.0005761183100420483,1,2
"0.0, [0.6999999999999886,235.3], 2.0, [32.5,77.5], [292104.28,902749.72], 4.0, [33.6468098465,62.3531901535], [64.99,109.01], [-0.18154785144500002,0.42953369144500003], [-17.375,19.375], [0.44999979999999995,0.9499998], [-19.375,125.375], [-37.900390619999996,54.099609380000004], [33.85103615,39.14896385], [-17.796875,201.796875], [1.6378433275000002,6.362156672499999], [140.12,161.88], [7.039721925,7.598950074999999], [1.9168945599999998,4.7461914400000005]","sex, slos, num.co, scoma, charges, race, sps, aps, surv2m, hday, prg6m, meanbp, wblc, temp, pafi, alb, sod, ph, adlsc",4.0,1.0,1.0,1,6.0,4640,4640,0.41304347826086957,0.0003142463509320263,1,1
"[50.204087699999995,88.25989229999999], 0.0, 0.0, [-53.0,117.0], [1443.62,1970.38], 4.0, [2.545,21.455], [0.50831543016,1.05149902384], 0.0, 0.0, [0.415,1.085], [0.24,0.76], 0.0, [-99.85499999999999,117.85499999999999], [-67.20007324,68.79992676], [-31.0,191.0], [-11.099999999999998,41.099999999999994], [35.797662,39.796098], [-17.5991004996,21.3989051796], [-2.5022769955000004,3.9021793355], [121.75999999999999,158.24], [-1.06098633,1.06098633]","age, death, sex, slos, d.time, dzgroup, edu, surv2m, dementia, ca, prg2m, prg6m, dnr, dnrday, wblc, hrt, resp, temp, bili, crea, sod, adlsc",3.0,1.0,1.0,1,7.0,4689,4689,0.4782608695652174,0.0003666207427540307,1,1
"[35.8503668,88.7975732], 0.0, 0.0, [3.629999999999999,20.37], 0.0, [20.5,61.5], [534848.6000000001,1298155.4], [18.04,63.96], 4.0, [0.019470215249999978,0.5044555667499999], [-20.04,74.03999999999999], 0.0, [0.564999619,1.234999619], 0.0, [-19.025000000000006,147.025], [41.0,119.0], [6.449999999999999,41.55], [-4.3129640977,8.3129640977], [123.56,150.44], [1945.0,6715.0], [1.443886716,4.556113284]","age, sex, dzgroup, edu, income, scoma, charges, avtisst, race, surv2m, hday, dementia, prg2m, dnr, dnrday, hrt, resp, crea, sod, urine, adlsc",3.0,1.0,1.0,1,12.0,4927,4927,0.45652173913043476,0.0006284927018640526,1,1
"[1196.36,1763.64], 0.0, [4.545,23.455], [110027.39000000001,733394.61], 4.0, [17.5553721635,48.241502836500004], [12.369999999999997,87.63], [-26.195,28.195], 0.0, 0.0, 1.0, [0.605,0.895], [133.75,318.25], [24.944999999999997,77.055], [-55.3007812,86.6992188], [16.450000000000003,69.55], [0.8873977375000002,3.5120162625], [1.0077197370000002,3.341889663]","d.time, dzgroup, edu, charges, race, sps, aps, hday, diabetes, dementia, ca, prg2m, dnrday, meanbp, wblc, resp, alb, adlsc",3.0,1.0,1.0,1,3.0,4982,4982,0.391304347826087,0.00015712317546601315,1,1
"0.0, [-86.7,120.7], [-280.19000000000005,996.19], 0.0, 1.0, 3.0, [25.0,85.0], 1.0, [-38.364999999999995,48.364999999999995], 0.0, [0.569999714,1.0299997140000001], [0.48,1.02], [-119.53,153.53], [85.68,178.32], [118.12,155.88], [200.0,5690.0], 1.0","sex, slos, d.time, dzgroup, num.co, income, scoma, race, hday, dementia, prg2m, prg6m, dnrday, meanbp, sod, urine, adls",3.0,1.0,1.0,1,7.0,5047,5047,0.3695652173913043,0.0003666207427540307,1,1
"[81.5870787,103.0968813], 1.0, [-452.63,580.63], 6.0, 2.0, [-28.999999999999996,28.999999999999996], [-276394.16,283364.16], [-225394.81809999997,230517.82189999998], 4.0, [1.9899999999999984,46.010000000000005], [-0.026127929929999988,0.33411132793], [-46.04,48.04], 1.0, 0.0, [0.43499990499999996,0.764999905], [0.14499990000000001,0.6549999], [44.88999999999999,149.11], [197.419375,434.580625]","age, sex, d.time, dzgroup, dzclass, scoma, charges, totcst, race, aps, surv6m, hday, diabetes, ca, prg2m, prg6m, meanbp, pafi",3.0,1.0,1.0,1,8.0,5167,5167,0.391304347826087,0.00041899513457603507,1,1
"1.0, 1.0, [-72.3,58.6], 0.0, [-10.431225379500003,71.206380307], 0.0","death, hospdead, slos, dzclass, sps, dementia",0.0,1.0,1.0,3,38.1043510928764,9997,5184,0.13043478260869565,0.006148298812019624,859,859
"[56.596407649999996,95.47951235], [-321.1500000000001,793.1500000000001], 6.0, 1.0, [-18.500000000000004,36.5], [-156994.25,161050.25], [-182077.85299999997,185185.107], [-218768.0434607,221918.48292070001], 4.0, [-6.8838789345,35.680753934500004], [-20.08,48.08], [0.511783446915,0.8900720210849999], [0.163758544545,0.6661975094550001], 0.0, [0.004999927999999987,0.394999928], [-0.225,0.225], [38.205,159.79500000000002], [-23.700195309999998,30.299804690000002], [-8.3,40.3], [33.5963266,38.7942934], [0.3450824290000001,6.854136370999999], [-2.8257070951999994,5.2256094352], [116.48,155.52], [3.418266597,8.581733403]","age, d.time, dzgroup, income, scoma, charges, totcst, totmcst, race, sps, aps, surv2m, surv6m, diabetes, prg2m, prg6m, meanbp, wblc, resp, temp, alb, crea, sod, adlsc",3.0,1.0,1.0,1,11.0,5233,5233,0.5217391304347826,0.0005761183100420483,1,1
"[37.43708654999999,99.08713155000001], 0.0, [-84.80000000000001,98.80000000000001], 3.0, [-0.8200000000000003,15.594999999999999], [-33.5,33.5], [-199138.50238129997,162329.63159535], 4.0, [-22.729999999999997,53.89], [0.13415039028000003,0.5997363277200001], 0.0, 2.0, [-5.0,331.6088025026671], [-3.574611665,3.7276782256], [121.48,141.86146607578925]","age, hospdead, slos, num.co, edu, scoma, totmcst, race, aps, surv2m, dementia, dnr, hrt, crea, sod",4.0,0.13168724279835387,0.6666666666666666,1,21.049280000000003,9703,5246,0.32608695652173914,0.0011024432382910807,6,9
"[39.31400685,91.43391315], 0.0, [-85.6,111.6], 1.0, 1.0, 4.0, [-9.5,27.5], [-213633.1103904,241269.1103904], 4.0, 1.0, 1.0, 2.0, [112.645,203.35500000000002], [40.5,169.5], [-17.25,41.25], [35.393125,676.606875], [3.8484278147000004,11.3507909453], [127.12,148.88], [7.130219495,7.568998505], [60.09597648000005,563.90402352], [2.0645019700000002,4.18647463]","age, hospdead, slos, dzgroup, dzclass, num.co, scoma, totmcst, race, diabetes, ca, dnr, meanbp, hrt, resp, pafi, crea, sod, ph, glucose, adlsc",0.0,1.0,1.0,1,1.0,5269,5269,0.45652173913043476,5.2374391822004384e-05,1,1
"[66.20391815,96.81402185], 1.0, 0.0, [-42.3,56.3], [746.75,1253.25], [0.6850000000000005,23.314999999999998], 3.0, [-15.0,15.0], [-209627.15000000002,235635.15000000002], [-157440.6552,171829.58479999998], [-7.400000000000002,25.400000000000002], 4.0, [0.632445067945,0.9913342280549999], [-49.715,51.715], 1.0, 1.0, [0.474999714,1.124999714], [-21.800781250000004,34.19921875], [5.0,155.0], [6.199999999999999,45.8], [32.4014076,39.5985924], [-2.4917248584000005,6.2915295384], [124.32,155.68], [-1390.0,3290.0], 4.0","age, sex, hospdead, slos, d.time, edu, income, scoma, charges, totcst, avtisst, race, surv2m, hday, diabetes, ca, prg2m, wblc, hrt, resp, temp, crea, sod, urine, adls",3.0,1.0,1.0,1,2.0,5286,5286,0.5434782608695652,0.00010474878364400877,1,1
"0.0, [-76.16000000000003,572.1600000000001], 1.0, 4.0, [0.8550000000000004,19.145], [-7.5,25.5], [-178166.4591,182764.38090000002], [-97122.58149580001,101897.1400958], [-11.142207766500002,39.341426566500004], [-8.760000000000005,70.76], [0.565477294645,1.118360595355], 1.0, 1.0, [-23.4023438,60.5976562], [9.799999999999997,60.2], [38.100547399999996,40.899452600000004], [188.0225,469.10249999999996], [-1.5169888234999998,5.5169888235], [7.157192515,7.561557485]","hospdead, d.time, dzclass, num.co, edu, scoma, totcst, totmcst, sps, aps, surv2m, diabetes, dementia, wblc, resp, temp, pafi, alb, ph",3.0,1.0,1.0,1,6.0,5312,5312,0.41304347826086957,0.0003142463509320263,1,1
"[75.9002581,107.3376619], 1.0, 0.0, [-97.0,107.0], [-212.94,556.94], 3.0, [6.885,17.115000000000002], [33.0,77.0], [-1.120000000000001,25.12], 4.0, [-2.8380029280000016,28.838002928], [-29.135,31.135], 1.0, 1.0, [-0.205,0.505], 1.0, [-78.49,76.49], [18.82,119.18], [-55.6015625,76.3984375], [39.5,120.5], [35.85084065,40.14915935], [-15.785,35.785], 7.0, [6.009746092,7.990253908]","age, sex, hospdead, slos, d.time, dzclass, edu, scoma, avtisst, race, sps, hday, dementia, ca, prg6m, dnr, dnrday, meanbp, wblc, hrt, temp, bun, adls, adlsc",3.0,1.0,1.0,1,1.0,5382,5382,0.5217391304347826,5.2374391822004384e-05,1,1
"1.0, 0.0, [-20.69999999999999,220.7], 0.0, 1.0, [9.42,20.58], [14.629999999999999,61.370000000000005], [-3.7269442710000007,69.52381927100001], [0.357852782915,0.736141357085], [-47.245000000000005,51.245000000000005], 0.0, [-0.040000000000000036,0.64], [1.515064103,5.084545297], [-16.726551440600005,19.126453780600002], [-3.4831194316999996,5.4831194317], [-37.90402351999995,465.90402351999995], [5.93901367,8.06098633]","death, hospdead, slos, dzgroup, num.co, edu, avtisst, sps, surv2m, hday, dementia, prg6m, alb, bili, crea, glucose, adlsc",3.0,1.0,1.0,1,5.5,9394,5419,0.3695652173913043,0.00028805915502102414,2,2
"[29.981197399999996,73.0008026], 1.0, 0.0, 0.0, [2.5,71.5], [311385.87,615327.63], [25.700000000000003,50.3], [19.239999999999995,98.76], [0.14380371122000002,0.64818847678], [-0.6900000000000048,126.69], [39.0,231.0], [105.81125,334.18875], [-13.968795397400001,19.3682094574], [-0.41744346850000014,7.8168575285], 0.0","age, death, sex, dzgroup, scoma, totcst, avtisst, aps, surv2m, meanbp, hrt, pafi, bili, crea, adls",3.0,1.0,1.0,1,10.0,5430,5430,0.32608695652173914,0.0005237439182200439,1,1
"0.0, [9.509999999999991,1488.49], 5.0, 3.0, 0.0, [-1.2850000000000001,13.285], [-105051.51999999999,160897.52], 4.0, [0.011892090309999992,0.45807861369], [-0.01961669940000002,0.35958251939999997], [-43.1,45.1], 0.0, 0.0, 1.0, 0.0, [-109.39,119.39], [50.94499999999999,103.055], [43.5,196.5], [33.2948448,38.8926552], [-2.9341660319,4.9341660319], [-228.61603283,474.61603283], [-2090.0,3490.0], [-1.167084963,1.167084963]","hospdead, d.time, dzgroup, dzclass, num.co, edu, totcst, race, surv2m, surv6m, hday, diabetes, dementia, ca, dnr, dnrday, meanbp, hrt, temp, crea, glucose, urine, adlsc",3.0,0.03125,0.5,1,14.0,5435,5435,0.5,0.0007332414855080614,1,2
"1.0, [-94.3,106.3], [-3.625,19.625], [-12.5,12.5], [-247092.6,261778.6], [-194689.2644,204234.2956], [-243080.2457395,254469.0582395], [-1.6799999999999997,37.68], 4.0, [7.707558748499999,48.2924412515], [0.06480346666499998,0.6430822753350001], [-35.485,39.485], 0.0, 0.0, [0.15499999999999997,0.845], 1.0, [56.94499999999999,109.055], [32.44658075,38.944039249999996], [-2.3277758756,3.5277270556], [120.68,137.32], 0.0, [0.5853515599999999,3.41464844]","death, slos, edu, scoma, charges, totcst, totmcst, avtisst, race, sps, surv6m, hday, diabetes, dementia, prg2m, dnr, meanbp, temp, crea, sod, adlp, adlsc",4.0,1.0,1.0,1,5.0,5460,5460,0.4782608695652174,0.0002618719591100219,1,1
"[40.7772771,88.7606829], 0.0, [1516.49,2063.51], 0.0, [4.095,19.905], [25.5,62.5], [-282070.95,417626.95], [10.8257790125,35.5726585875], [0.44439697224999997,0.92938232375], 1.0, 2.0, [-35.8007812,68.1992188], [9.05,54.95], [35.4947666,40.6927334], [10.012499999999989,361.3625], [-0.24475278899999964,5.844362189], [4.323825835,13.473049164999999], [125.75999999999999,162.24], [-2.546367192,2.546367192]","age, hospdead, d.time, dzclass, edu, scoma, charges, sps, surv2m, ca, dnr, wblc, resp, temp, pafi, alb, crea, sod, adlsc",2.0,1.0,1.0,1,7.0,5502,5502,0.41304347826086957,0.0003666207427540307,1,1
"[-42.800000000000004,72.80000000000001], [-324.20000000000005,486.20000000000005], 0.0, 0.0, [6.375,29.625], 3.0, [-15.5,15.5], [-287177.72,323467.72], [-151474.1303,171463.9897], 1.0, [8.280000000000001,53.72], [0.6892968754600001,1.0384863285400001], [0.61781494113,1.01597412087], [-21.785,23.785], 1.0, 0.0, [0.175,0.425], 2.0, [-31.125,61.125], [7.959999999999994,116.04], [-44.900390619999996,59.099609380000004], [7.699999999999999,56.3], [369.663125,870.336875], [130.96,177.04]","slos, d.time, dzgroup, dzclass, edu, income, scoma, charges, totcst, race, aps, surv2m, surv6m, hday, diabetes, dementia, prg6m, dnr, dnrday, meanbp, wblc, resp, pafi, sod",3.0,1.0,1.0,1,7.0,5547,5547,0.5217391304347826,0.0003666207427540307,1,1
"[59.54283645,118.28114355], 0.0, 0.0, 0.0, 2.0, 1.0, [22.0,60.0], [-414093.07999999996,501875.07999999996], [-143838.5912,179099.5288], [-77130.14029595,114781.73409595], [-5.550000000000001,39.55], 1.0, [9.3359038295,36.0625337705], [-13.54,91.53999999999999], [-0.04678466804500003,0.398774414045], [-17.314999999999998,25.314999999999998], 1.0, 2.0, [-119.995,141.995], [88.53999999999999,173.46], [109.5,190.5], [-7.750000000000002,23.75], [35.8008602,40.1991398], [169.34875,573.40125], [-5.8705229242,7.6703276042], [122.16,145.84], [7.2832666150000005,7.515561385], [-39.57,63.57], [-1275.0000000000005,4935.0], 5.0, [2.665830074,7.3341699259999995]","age, death, sex, hospdead, num.co, income, scoma, charges, totcst, totmcst, avtisst, race, sps, aps, surv6m, hday, dementia, dnr, dnrday, meanbp, hrt, resp, temp, pafi, crea, sod, ph, bun, urine, adls, adlsc",3.0,1.0,1.0,1,1.0,5597,5597,0.6739130434782609,5.2374391822004384e-05,1,1
"[48.39279745,90.58510255], 0.0, [2.0,138.0], [1664.71,2333.29], 0.0, 0.0, 1.0, [-0.27000000000000046,10.27], [-36.5,36.5], [-196864.79799999998,426502.422], [9.136370699499999,55.6605043005], [3.239999999999995,82.76], 0.0, 1.0, [0.4399997,1.1599997], 2.0, [78.4,155.6], [-56.7011719,77.2988281], [28.75,51.25], [36.9943756,40.1931244], [-3.1512059753,4.3511571553], [121.12,142.88], [7.3266065949999994,7.593315405], 4.0","age, hospdead, slos, d.time, dzgroup, dzclass, num.co, edu, scoma, charges, sps, aps, dementia, ca, prg6m, dnr, meanbp, wblc, resp, temp, crea, sod, ph, adls",3.0,1.0,1.0,1,5.0,5605,5605,0.5217391304347826,0.0002618719591100219,1,1
"1.0, [-338.85,572.85], 1.0, 1.0, 3.0, [6.505,15.495000000000001], [-125632.03,217856.03], [-130467.7838,179806.0962], [-1.1500000000000021,52.150000000000006], 4.0, [21.54,58.46], 1.0, 0.0, [48.5,195.5], [35.94498165,42.24251835], [-4.132170491500001,5.9319751715], [121.84,146.16], 3.0","death, d.time, dzgroup, dzclass, num.co, edu, charges, totcst, avtisst, race, aps, diabetes, dementia, hrt, temp, crea, sod, adls",2.0,1.0,1.0,1,8.0,5637,5637,0.391304347826087,0.00041899513457603507,1,1
"[-31.900000000000006,161.9], 7.0, 2.0, [-9.5,61.5], [-324837.74,514799.74], [-137535.9388,255055.5012], [-97248.7945934,215496.4821934], [1.9700000000000024,49.53], [-0.16114868133500002,0.417130127335], [-24.93,30.93], 0.0, 2.0, [40.295,111.705], [36.0,234.0], [-14.600000000000001,46.6], [34.5961311,38.7944889], [-188.14402596999997,368.14402597], [-595.0,5795.0], 0.0, [-1.06098633,1.06098633]","slos, dzgroup, num.co, scoma, charges, totcst, totmcst, avtisst, surv6m, hday, ca, dnr, meanbp, hrt, resp, temp, glucose, urine, adls, adlsc",2.0,1.0,1.0,1,6.0,5647,5647,0.43478260869565216,0.0003142463509320263,1,1
"0.0, 0.0, [-58.9,66.9], 1.0, 6.0, [-133669.2773,138611.8827], [-24.75,36.75], [-19.160818630500003,47.1608186305], [0.675489502245,0.988328857755], [-24.100585939999995,33.89941406], [34.8964048,40.4942152], [58.07562499999999,295.236875], [-2.1343613419,5.7339707219], [7.116821375000001,7.762084625], [-12.839999999999996,78.84], 6.0","death, hospdead, slos, dzclass, num.co, totcst, avtisst, sps, surv6m, wblc, temp, pafi, crea, ph, bun, adlp",2.0,1.0,1.0,1,2.0,5648,5648,0.34782608695652173,0.00010474878364400877,1,1
"[35.2150867,89.8168933], 0.0, [-330.98,600.98], 2.0, 1.0, 3.0, [-15.0,15.0], [-145458.15999999997,414300.16], 1.0, [-5.547660775000001,43.946098375000005], [1.6599999999999966,78.34], [0.595816650615,1.168099365385], [-44.57,46.57], [0.664999619,1.134999619], 2.0, [25.875,118.125], [-47.80078125000001,62.19921875000001], [12.649999999999999,51.35], [34.5967176,41.7939024], [104.83000000000001,421.04499999999996], [-4.3810750613,6.7809774013], [122.75999999999999,159.24], [7.149243575,7.450366425], 0.0, [-1.874409183,1.874409183]","age, sex, d.time, dzgroup, dzclass, income, scoma, charges, race, sps, aps, surv2m, hday, prg2m, dnr, dnrday, wblc, resp, temp, pafi, crea, sod, ph, adls, adlsc",3.0,1.0,1.0,1,2.0,5724,5724,0.5434782608695652,0.00010474878364400877,1,1
"1.0, 1.0, [-93.1,121.1], [-470.84000000000003,906.84], 0.0, 2.0, [-10.599999999999998,38.599999999999994], 4.0, [-8.057785591999998,39.456223191999996], [-19.69,35.69], [0.66665771443,1.03524658157], [0.643507080245,0.956346435755], [0.135,0.865], [0.14999999999999997,0.8500000000000001], [10.434999999999995,89.565], [-45.6015625,76.3984375], [-39.500000000000014,167.5], [-7.400000000000002,39.400000000000006], [-1.964999999999975,630.4649999999999], [-1.4619290124000002,3.6616360524], [7.16297919,7.6963968099999995], 7.0, [4.984125972999999,9.015874027]","death, sex, slos, d.time, dzclass, num.co, avtisst, race, sps, aps, surv2m, surv6m, prg2m, prg6m, meanbp, wblc, hrt, resp, pafi, crea, ph, adls, adlsc",3.0,0.03125,0.5,1,21.0,5752,5752,0.5,0.001099862228262092,1,2
"[47.54942665,102.97853335], 1.0, 0.0, [-82.69999999999999,158.7], 2.0, [-23.5,23.5], [72342.23499999999,350955.515], [0.6464955164999999,49.150379483500004], [15.440000000000001,66.56], [0.43779541031,0.88398193369], 0.0, 0.0, 1.0, [-21.04,97.03999999999999], [16.68,109.32], [6.700000000000003,73.3], 1.0, [-0.37928222899999997,2.379282229]","age, death, sex, slos, num.co, scoma, totcst, sps, aps, surv2m, diabetes, dementia, ca, dnrday, meanbp, resp, adls, adlsc",3.0,1.0,1.0,1,2.0,5840,5840,0.391304347826087,0.00010474878364400877,1,1
"[57.3630787,78.8728813], 0.0, 0.0, [-1.1449999999999996,17.145], [24.5,49.5], [-185864.69749999998,263715.8225], [-9.25,52.25], [-1.3332548495000012,51.1301298495], [21.73,74.27], [-50.45,52.45], 0.0, 1.0, [0.27,0.73], 2.0, [22.499999999999986,193.5], [36.7007038,40.2992962]","age, hospdead, dzclass, edu, scoma, totcst, avtisst, sps, aps, hday, dementia, ca, prg6m, dnr, hrt, temp",3.0,0.06092699470458736,0.5714285714285714,1,10.336,7625,5852,0.34782608695652173,0.0005413417138722373,4,7
"1.0, [117.60000000000001,260.4], 0.0, 0.0, [-22.0,22.0], [9.41,70.09], [0.46136230466,0.8784814453400001], [0.19,0.81], [0.375,0.625], [91.21499999999999,286.785], [61.644999999999996,152.35500000000002], [-67.5,78.5], [19.4,44.6], [-2.0721261545,3.0721261545], [-14.526600270600003,21.326404950600004], [125.24,152.76], [7.191767270000001,7.58752873], [-37.3,77.3], 0.0, [-1.9805078160000003,1.9805078160000003]","death, slos, dzgroup, dzclass, scoma, avtisst, surv6m, prg2m, prg6m, dnrday, meanbp, wblc, resp, alb, bili, sod, ph, bun, adls, adlsc",3.0,1.0,1.0,1,2.0,5862,5862,0.43478260869565216,0.00010474878364400877,1,1
"1.0, 1.0, [-91.60000000000001,139.60000000000002], 0.0, 0.0, [-3.2300000000000004,17.23], 3.0, [32.5,89.5], [-134094.69999999998,247558.69999999998], [-52935.576096100005,131868.4510961], [17.7709342975,52.4165657025], [0.06274414112500001,0.30523681687500004], [-16.785,28.785], 0.0, 0.0, [-71.18,91.18], [60.88999999999999,165.11], [23.5,104.5], [-0.3852126321,6.3852126321], [-1.591479495,1.591479495]","death, sex, slos, dzgroup, dzclass, edu, income, scoma, charges, totmcst, sps, surv2m, hday, dementia, dnr, dnrday, meanbp, hrt, crea, adlsc",3.0,1.0,1.0,1,5.0,5863,5863,0.43478260869565216,0.0002618719591100219,1,1
"[44.21833695,94.68364305], 1.0, 0.0, 0.0, [-638.23,800.23], 3.0, [-15.0,15.0], [-323224.62,414638.62], [-84069.5551952,143381.5551952], 1.0, [9.040184937999998,36.756690062000004], [-35.83,67.83], [0.43474609392,1.13312500008], [0.43906982437000003,0.9889086916300001], 1.0, [0.054999928000000003,0.344999928], 0.0, [-74.335,84.335], [122.875,171.125], [35.5,194.5], [2.0500000000000007,47.95], [115.72,150.28], [-26.020000000000003,58.02], [370.0,4240.0], 6.0, [4.125590817,7.874409183]","age, death, sex, hospdead, d.time, income, scoma, charges, totmcst, race, sps, aps, surv2m, surv6m, ca, prg2m, dnr, dnrday, meanbp, hrt, resp, sod, bun, urine, adls, adlsc",3.0,1.0,1.0,1,9.0,5892,5892,0.5652173913043478,0.00047136952639803944,1,1
"[28.9255972,75.25440280000001], [11.299999999999997,184.7], 1.0, [-215933.73000000004,509207.73000000004], 1.0, [10.901715139999997,50.49672246], [-33.980000000000004,65.98], 0.0, 0.0, 1.0, [0.239999905,0.959999905], [-27.460000000000008,223.46], [77.345,206.655], [11.0,125.0], [34.8006647,38.1993353], [0.5750884750000003,5.824325525], [-19.6716007286,22.471405408600003], [0.3123035475,4.8869152125], 7.0","age, slos, num.co, charges, race, sps, hday, diabetes, dementia, ca, prg2m, dnrday, meanbp, hrt, temp, alb, bili, crea, adls",3.0,1.0,1.0,1,5.5,7232,6018,0.41304347826086957,0.00028805915502102414,2,2
"[47.988457499999996,89.35346249999999], 1.0, 0.0, 0.0, 5.0, 3.0, 3.0, [-261930.73000000004,463210.73000000004], [-97833.8075,231436.4325], [19.97,47.03], [-9.884193264500002,52.4779432645], [17.99,62.010000000000005], [0.19101440409499998,0.452906493905], [0.08410034177499998,0.415899658225], 2.0, [-58.0,68.0], [-7.449999999999999,47.45], [33.75107525,39.24892475], [-2.4790874514000016,18.2779155714], [-5.321569524400001,7.1213742044], [108.08,143.92000000000002]","age, death, sex, hospdead, dzgroup, dzclass, income, charges, totcst, avtisst, sps, aps, surv2m, surv6m, dnr, wblc, resp, temp, bili, crea, sod",3.0,1.0,1.0,1,5.0,6055,6055,0.45652173913043476,0.0002618719591100219,1,1
"0.0, [-560.4100000000001,594.4100000000001], 7.0, [23.0,59.0], [-436994.57899999997,504417.141], 1.0, [9.344243778,76.65575622200001], [-0.30219238278,0.39618652338], 1.0, 0.0, [-63.955,79.955], [-35.0,61.0], [-48.5,152.5], [4.349999999999998,55.650000000000006], [-21.6295520818,23.029454421799997], [0.9406054720000001,4.335761728]","hospdead, d.time, dzgroup, scoma, charges, race, sps, surv2m, diabetes, dementia, dnrday, wblc, hrt, resp, bili, adlsc",0.0,1.0,1.0,1,4.5,8375,6066,0.34782608695652173,0.00023568476319901972,2,2
"0.0, [-43.30000000000001,191.3], [1038.29,2395.71], 3.0, [10.66,19.34], [67.0,133.0], [121927.16,527182.84], [2.6613684120000016,73.932381588], [-0.12930175777,0.23928710937], 0.0, 1.0, [0.15499999999999997,0.845], [-29.320000000000007,177.32], [-47.4023438,82.5976562], [56.0,164.0], [5.399999999999999,66.6], [37.000782,40.999218], [270.67625,569.32375], [-2.069481194,5.069481194], [21.848154780199998,41.3471576198], [123.24,150.76], [7.410493495000001,7.849272505]","death, slos, d.time, dzgroup, edu, scoma, totcst, sps, surv2m, dementia, ca, prg6m, dnrday, wblc, hrt, resp, temp, pafi, alb, bili, sod, ph",3.0,1.0,1.0,1,1.0,6077,6077,0.4782608695652174,5.2374391822004384e-05,1,1
"0.0, [111.1,236.9], 0.0, 0.0, 0.0, [236390.06,821591.94], [188168.31,498442.19], [28.900000000000002,78.1], [-1.1658810390000056,64.165881039], [37.54,74.46000000000001], [0.37084106461500005,0.943123779385], [0.35890380813,0.7570629878699999], [-27.869999999999997,33.87], 0.0, 0.0, 1.0, [0.615,0.885], [118.65,229.35], [43.625,188.375], [-13.300781199999996,44.6992188], [9.5,234.5], [-0.12461852499999981,5.124618525], [-11.4365200046,11.8364833846], [-194.89602548,350.89602548], [7200.0,10800.0], 0.0, [-2.228071293,2.228071293]","sex, slos, dzgroup, dzclass, num.co, charges, totcst, avtisst, sps, aps, surv2m, surv6m, hday, diabetes, dementia, ca, prg6m, dnrday, meanbp, wblc, hrt, alb, bili, glucose, urine, adls, adlsc",3.0,1.0,1.0,1,4.0,6104,6104,0.5869565217391305,0.00020949756728801754,1,1
"0.0, [3.1799999999999997,16.82], 0.0, [11.5,70.5], [-217461.5,418627.5], 4.0, [32.28,77.72], [0.106397704855,0.523485107145], [-0.011303710575000014,0.415295410575], [-24.715000000000003,76.715], 2.0, [-50.5,69.5], [15.3,56.7], [-5.269375000000025,460.269375], [-7.462537765,8.262464525], [123.76,144.24], [-1.874409183,1.874409183]","hospdead, edu, income, scoma, charges, race, aps, surv2m, surv6m, hday, dnr, wblc, resp, pafi, bili, sod, adlsc",2.0,1.0,1.0,1,10.0,6166,6166,0.3695652173913043,0.0005237439182200439,1,1
"[70.22491815000001,100.83502185], 0.0, [-718.62,780.62], 2.0, [2.2349999999999994,21.765], 3.0, [-183101.35119999998,272811.2888], [-12.856671999999998,35.523328], 4.0, [-1.470000000000006,79.47], [0.051400146315000006,0.724478759685], [80.47,161.53], [-44.6015625,79.3984375], [3.0,57.0], [30.05499999999998,521.945], [1.1324679865,6.0667508135], [-13.752538681,14.552465441000002], [7.050141495,7.488920504999999], 1.0, [-1.47563477,3.47563477]","age, hospdead, d.time, num.co, edu, income, totcst, avtisst, race, aps, surv6m, meanbp, wblc, resp, pafi, alb, bili, ph, adls, adlsc",0.0,1.0,1.0,1,12.0,6438,6200,0.43478260869565216,0.0006284927018640526,1,1
"[49.03211655,106.11582345000001], 0.0, [-89.82279302908348,138.8], 1.0, 3.0, [-258144.61,365222.61], [-125395.56199325001,194457.56199325], [-4.609999999999999,53.61], 4.0, [0.312689209525,0.9431701664750001], [0.29738281272,0.75242187528], 0.0, 1.0, [0.7649996,1.1149996], [66.4,143.6], [-19.100585940000002,34.89941406], [-17.4120208748,17.811984254800002], [-5.2555273412000005,6.4554785212], [118.64,165.36], [-245.36803233999996,447.36803233999996], [-45.345,67.345], 1.0, 0.0","age, sex, slos, num.co, income, charges, totmcst, avtisst, race, surv2m, surv6m, dementia, ca, prg6m, meanbp, wblc, bili, crea, sod, glucose, bun, adlp, adls",3.0,0.1,1.0,1,10.0,6245,6245,0.5,0.0005237439182200439,0,0
"[-49.7,55.7], [24.49000000000001,571.51], 1.0, 0.0, [-36.5,36.5], [12.96,49.04], [3.774840497499998,38.4204719025], [-15.439999999999998,75.44], 1.0, [0.519999714,1.079999714], [0.44,1.06], [5.784999999999997,104.215], [-8.703125,43.296875], [-27.0,159.0], [-0.16244967249999975,4.5618636724999995], [111.06398432,446.93601567999997], 2.0","slos, d.time, dzclass, income, scoma, avtisst, sps, aps, diabetes, prg2m, prg6m, meanbp, wblc, hrt, alb, glucose, adlp",2.0,0.1,1.0,1,2.0,6253,6253,0.3695652173913043,0.00010474878364400877,0,0
"[-38.0,132.0], 2.0, [5.955,18.045], 3.0, [-239712.28000000003,421820.28], 4.0, [14.262930912000002,85.533944088], [52.27,141.73], [0.11867187513000005,0.68125488287], [-0.13454345668499998,0.538535156685], 0.0, [-0.05500004799999997,0.654999952], [-0.030000000000000027,0.63], [10.61,99.39], [-25.902343800000008,84.0976562], [12.5,87.5], [-15.700000000000003,43.7], [33.9963657,39.3942543], [-78.30312500000002,404.803125], [-18.6716007286,23.471405408600003], [7.304937105,7.554438895], [-133.87203136,537.8720313599999], [-485.0,5185.0]","slos, dzgroup, edu, income, charges, race, sps, aps, surv2m, surv6m, dementia, prg2m, prg6m, meanbp, wblc, hrt, resp, temp, pafi, bili, ph, glucose, urine",3.0,1.0,1.0,1,1.0,6254,6254,0.5,5.2374391822004384e-05,1,1
"[18.264887299999998,62.9390927], 1.0, 0.0, [407.63,1400.37], [3.4749999999999996,20.525], 3.0, [-357188.62,380674.62], [-113527.2761,127093.2839], 1.0, [0.48690551778499996,1.1410241702150001], [-55.885000000000005,65.885], [-62.30078125,79.69921875], [-2.1999999999999993,30.2], [-4.2470439945,7.646946334500001], [-120.87203136,550.8720313599999], [465.0,4605.0], [1.488793985,6.086401415]","age, sex, hospdead, d.time, edu, income, charges, totcst, race, surv6m, dnrday, wblc, resp, crea, glucose, urine, adlsc",2.0,0.03125,0.5,1,13.0,9186,6256,0.3695652173913043,0.000680867093686057,1,2
"1.0, 1.0, [-73.15111163958017,-72.3], 2.0, [2.629999999999999,19.37], [-10.431225379500003,71.206380307], [-0.025000000000000022,0.525], 0.0, [32.0,128.0], [-3.5729090845999996,7.7721278446]","death, hospdead, slos, num.co, edu, sps, prg2m, dnr, hrt, crea",0.0,0.1,1.0,1,31.0,6259,6259,0.21739130434782608,0.001623606146482136,0,0
"0.0, 1.0, [581.71,1250.29], 0.0, 0.0, [83620.7504054,339503.2495946], [6.459999999999997,63.040000000000006], 4.0, [-1.2063803069999999,56.206380307], [0.55347900355,0.8444702144499999], [0.505,0.995], [0.3349999,0.8649999], 2.0, [-18.545,206.54500000000002], [-60.900390619999996,71.09960938], [80.0,176.0], [-4.300000000000001,44.3], [34.1993002,38.5975798], [-5.5215206944,11.894686600838313], [247.10397452,792.8960254799999], [-44.615,56.615], [-1825.0,2225.0], [-2.086606449,2.086606449]","death, sex, d.time, dzclass, num.co, totmcst, avtisst, race, sps, surv2m, prg2m, prg6m, dnr, dnrday, wblc, hrt, resp, temp, crea, glucose, bun, urine, adlsc",3.0,0.1,1.0,1,6.5,6263,6263,0.5,0.0003404335468430285,0,0
"[25.211227249999993,70.71273275], 1.0, 1.0, [-62.099999999999994,84.1], [459.45,1168.55], 0.0, [1.42,12.58], [9.55,46.45], [-0.2570043919999989,47.257004392], [4.399999999999999,89.6], 1.0, [0.87,1.13], 2.0, [-51.730000000000004,73.73], [-58.0,158.0], 4.0, [2.054858395,5.945141605]","age, death, sex, slos, d.time, dzclass, edu, avtisst, sps, aps, diabetes, prg6m, dnr, dnrday, hrt, adls, adlsc",2.0,0.1,1.0,1,3.0,6272,6272,0.3695652173913043,0.00015712317546601315,0,0
"[25.211227249999993,70.71273275], 1.0, 1.0, [-62.099999999999994,84.1], [459.45,1168.55], 0.0, [1.42,12.58], [9.55,46.45], [-0.2570043919999989,47.257004392], [4.399999999999999,89.6], 0.0, [0.87,1.13], 2.0, [-51.730000000000004,73.73], [-58.0,158.0], 4.0, [2.054858395,5.945141605]","age, death, sex, slos, d.time, dzclass, edu, avtisst, sps, aps, dementia, prg6m, dnr, dnrday, hrt, adls, adlsc",2.0,1.0,1.0,1,21.0,7246,6272,0.3695652173913043,0.001099862228262092,1,1
"[40.678627049999996,89.48933295], 1.0, 0.0, 0.0, [-320.94,448.94], 3.0, 1.0, [0.14999999999999858,21.85], 3.0, [-25.5,43.5], [-118293.73000000004,606847.73], [-87863.9575901,381253.9575901], [27.689999999999998,61.31], [1.3811510759999948,56.814161324000004], 0.0, 0.0, [11.379999999999995,142.62], [-14.7011719,39.2988281], [56.5,143.5], [-2.5,42.5], [-0.6798412759999999,6.879060076], [-102.17601812999999,286.17601813], [-44.165,76.16499999999999], [-0.591479495,2.5914794949999997]","age, death, sex, hospdead, d.time, dzclass, num.co, edu, income, scoma, charges, totmcst, avtisst, sps, diabetes, dnr, meanbp, wblc, hrt, resp, alb, glucose, bun, adlsc",3.0,1.0,1.0,1,3.0,6313,6313,0.5217391304347826,0.00015712317546601315,1,1
"[23.56813655,80.65184345], 0.0, 0.0, 0.0, 1.0, [14.645,27.355], [145653.93,947126.0700000001], [5.800000000000001,42.7], 4.0, [7.983869784499994,64.4067552155], [-0.02227172847500003,0.608209228475], [-0.055023193750000005,0.41897582975000003], 0.0, 0.0, 1.0, [0.764999619,1.0349996190000001], [-43.025000000000006,123.025], [66.5,153.5], [34.1993002,38.5975798], [-136.765,407.8275], [0.5577822915000001,4.442217708499999], [109.6,154.4], 3.0, [0.488999019,5.5110009810000005]","age, hospdead, dzgroup, dzclass, num.co, edu, charges, avtisst, race, sps, surv2m, surv6m, diabetes, dementia, ca, prg2m, dnrday, hrt, temp, pafi, alb, sod, adls, adlsc",3.0,1.0,1.0,1,1.0,6316,6316,0.5217391304347826,5.2374391822004384e-05,1,1
"[77.21023825,106.16574175], 1.0, 1.0, 0.0, [-498.63,534.63], 1.0, [-283201.94,301999.94], [-218514.75710055,229279.61648054997], [-3.16,18.16], [3.3099999999999987,58.69], [0.23355468703999993,0.85433593696], [-24.725,26.725], 0.0, 1.0, [0.45499980900000003,0.944999809], 2.0, [-118.46000000000001,132.46], [-6.703125,129.296875], [-29.5,189.5], [-2.2022281655000002,4.2022281655], [6.012255870000001,8.13422853]","age, death, sex, hospdead, d.time, dzclass, charges, totmcst, avtisst, aps, surv2m, hday, diabetes, dementia, prg2m, dnr, dnrday, wblc, hrt, crea, adlsc",0.0,1.0,1.0,1,1.0,6317,6317,0.45652173913043476,5.2374391822004384e-05,1,1
"0.0, 0.0, [-47.2,109.2], [-341.33000000000004,489.33000000000004], 2.0, 1.0, [-34.0,34.0], [-5.039999999999999,31.04], [-12.297817989999999,47.09469299], [1.889999999999997,60.11], 0.0, 0.0, [0.544999619,1.254999619], [0.7099996,1.0899996], 0.0, [-10.999999999999996,47.0], [-13.650000000000002,37.650000000000006], [33.05115345,38.94884655], [57.352499999999964,654.6475], [-3.7047493010000005,9.104163361000001], [125.84,150.16], [7.149751495,7.588530505], [-308.35203626,468.35203626], [6.395,65.605], 2.0","sex, hospdead, slos, d.time, dzgroup, dzclass, scoma, avtisst, sps, aps, diabetes, dementia, prg2m, prg6m, dnr, wblc, resp, temp, pafi, crea, sod, ph, glucose, bun, adls",3.0,1.0,1.0,1,3.0,6333,6333,0.5434782608695652,0.00015712317546601315,1,1
"[13.8733678,50.27457220000001], 0.0, [12.299999999999997,185.7], 0.0, 5.0, [8.5,73.5], [307908.81280405,499820.68719595], 2.0, [55.92,124.08], [-0.08781616202000003,0.5717639160200001], [-28.400000000000002,30.400000000000002], 0.0, [0.49499979999999993,0.9049997999999999], 2.0, [-39.375,237.375], [-29.5,34.5], [64.0,196.0], [-0.22471622499999988,5.024520825], [0.428496931399998,42.5715030686], [7.2617578400000005,7.53707016], [-76.60803478999992,668.6080347899999], [145.0,4915.0], 0.0, [-1.06098633,1.06098633]","age, hospdead, slos, dzclass, num.co, scoma, totmcst, race, aps, surv2m, hday, dementia, prg6m, dnr, dnrday, wblc, hrt, alb, bili, ph, glucose, urine, adls, adlsc",1.0,1.0,1.0,1,1.0,6353,6353,0.5217391304347826,5.2374391822004384e-05,1,1
"1.0, [50.49999999999999,225.394005575033], [-470.71000000000004,886.71], 7.0, 1.0, [4.8,17.2], [-35.5,35.5], [27.95,73.05], 4.0, [11.803744510000001,71.19625549], [0.33499999999999996,0.665], [0.33499999999999996,0.665], [64.38,195.62], [50.0,200.0], [34.24505985,40.94244015], [0.020195344000000226,3.379707056], [-12.013698195400002,41.388479332087954], [-2.9597381620000003,4.359640502], [111.28,140.72], [-142.62403086999996,518.62403087], [1.5579394819999999,4.245771518]","death, slos, d.time, dzgroup, num.co, edu, scoma, avtisst, race, sps, prg2m, prg6m, meanbp, hrt, temp, alb, bili, crea, sod, glucose, adlsc",2.0,0.1,1.0,1,1.0,6358,6358,0.45652173913043476,5.2374391822004384e-05,0,0
"1.0, [50.49999999999999,169.5], [-470.71000000000004,886.71], 7.0, 1.0, [4.8,17.2], [-35.5,35.5], [27.95,73.05], 4.0, [11.803744510000001,71.19625549], [0.33499999999999996,0.665], [0.33499999999999996,0.665], [64.38,195.62], [34.24505985,40.94244015], [-12.013698195400002,27.6133075754], [-2.9597381620000003,4.359640502], [111.28,140.72], [-142.62403086999996,518.62403087], [1.5579394819999999,4.245771518]","death, slos, d.time, dzgroup, num.co, edu, scoma, avtisst, race, sps, prg2m, prg6m, meanbp, temp, bili, crea, sod, glucose, adlsc",2.0,0.1,1.0,1,1.0,6358,6358,0.41304347826086957,5.2374391822004384e-05,0,0
"[77.52929795,111.44860205], 0.0, 0.0, [428.41,1299.59], 2.0, 3.0, [-31.5,19.5], 1.0, [13.009496157000001,54.584253843], [37.57,84.43], [0.14482788061500002,0.7171105953849999], [-18.845000000000002,20.845000000000002], 0.0, [-26.200195309999998,31.799804689999995], [39.0,171.0], [22.7,53.3], [34.74748605,40.3938633], [0.5728463945000004,4.5418271085]","age, death, hospdead, d.time, num.co, income, scoma, race, sps, aps, surv2m, hday, diabetes, wblc, hrt, resp, temp, alb",4.0,1.0,1.0,1,18.0,8397,6364,0.391304347826087,0.0009427390527960789,1,1
"[71.02709854999999,95.01880145], 0.0, [-108.9,118.9], [-440699.30000000005,449825.30000000005], [-221675.81269999998,227904.70729999998], [-149968.34565355,155669.08393355], [7.189999999999998,40.81], 1.0, [-14.655756222,52.655756222], [14.73,67.27], [0.64215820358,0.9137500004200001], [0.48483642601,0.80715576199], [-23.255000000000003,25.255000000000003], 1.0, 0.0, 2.0, [-74.335,84.335], [11.350000000000001,44.65], [34.74427785,37.44322215], [-18.470039368000002,19.269966128], [127.36,144.64], [7.23032235,7.48842765], 4.0","age, sex, slos, charges, totcst, totmcst, avtisst, race, sps, aps, surv2m, surv6m, hday, diabetes, dementia, dnr, dnrday, resp, temp, bili, sod, ph, adls",2.0,1.0,1.0,1,10.0,6378,6378,0.5,0.0005237439182200439,1,1
"[40.9945972,87.32340280000001], 0.0, 1.0, 0.0, [-24.799999999999997,192.8], 0.0, 2.0, [16981.90999999999,263934.59], [27789.917004500006,241025.3329955], [1.5199999999999996,44.980000000000004], 4.0, [37.56,128.44], [0.051929931845,0.7439685061550001], [-32.980000000000004,66.98], 1.0, [0.419999809,0.979999809], 2.0, [13.89,154.11], [-4.550000000000011,130.55], [-47.4023438,90.5976562], [-12.5,32.5], [35.649319750000004,40.14756025], [107.54125000000002,476.45875], [0.24282806850000016,4.7571719315], [-0.5320728315000007,9.5320728315], [-2955.0000000000005,3345.0000000000005], [0.9369775609999997,4.402866239]","age, death, sex, hospdead, slos, dzclass, num.co, totcst, totmcst, avtisst, race, aps, surv6m, hday, diabetes, prg2m, dnr, dnrday, meanbp, wblc, resp, temp, pafi, alb, crea, urine, adlsc",1.0,0.1,1.0,1,3.5,6400,6400,0.5869565217391305,0.00018331037137701535,0,0
"0.0, 0.0, [-36.2,52.2], [1087.25,2606.75], [-0.8200000000000003,12.82], [-148674.25,169370.25], [-27.21,84.92], [0.37025390654,1.1179809567499999], 0.0, 1.0, [-0.07,0.6699999999999999], [-3.8500000000000014,50.95], [-4.5810262313,7.9703764342], 2.0, [-2.0145071922753894,3.1189584572567193]","death, hospdead, slos, d.time, edu, charges, aps, surv6m, dementia, ca, prg6m, resp, crea, adlp, adlsc",4.0,0.03125,0.5,1,18.5,6814,6415,0.32608695652173914,0.0009689262487070811,1,2
"1.0, 0.0, 1.0, 1.0, 2.0, [1.9699999999999998,10.030000000000001], [-31.5,31.5], [-421793.63,430565.63], 1.0, 0.0, 0.0, 1.0, [0.55,0.95], [-45.815000000000005,53.815000000000005], [72.47,153.53], [-48.80029297,55.19970703], [11.0,149.0], [34.847446950000005,37.74631305], [-0.15491757099999992,6.354136370999999], [-16.183075713200004,17.7829292332], [-1.5514745353000001,5.9508885953], [120.96000000000001,167.04]","death, hospdead, dzgroup, dzclass, num.co, edu, scoma, charges, race, diabetes, dementia, ca, prg2m, dnrday, meanbp, wblc, hrt, temp, alb, bili, crea, sod",3.0,0.1,1.0,1,9.5,6443,6443,0.4782608695652174,0.0004975567223090417,0,0
"[-28.500000000000004,28.500000000000004], [9.2,54.3], 1.0, [0.393741454915,0.772030029085], [0.269141845895,0.676781006105], 0.0, 1.0, [-19.715000000000003,153.715], [90.275,215.725], [-6.850000000000001,22.85], [35.44779885,40.145961150000005], [-8.715625000000017,298.71562500000005], [-1.0025211355000003,5.4019351955], [112.56,155.44], [7.28012735,7.53823265], 2.0, 0.0","scoma, avtisst, race, surv2m, surv6m, diabetes, ca, dnrday, meanbp, resp, temp, pafi, crea, sod, ph, adlp, adls",2.0,0.1,1.0,1,3.0,6497,6497,0.3695652173913043,0.00015712317546601315,0,0
"0.0, 1.0, [-77.0,93.0], 0.0, 0.0, 1.0, [-216722.93,253982.93], [-112273.41801490002,129393.3867749], [4.25,24.75], [-1.2772540260000014,42.277254026], [-27.28,69.28], 2.0, [-135.53,137.53], [36.085,95.91499999999999], [27.234090063797588,31.75], [193.500625,518.499375], [-17.3295032518,27.3295032518], [-1.7788224757999997,2.9787736558], [125.0,157.0], [7.09382868,7.64445332], [2730.0,6330.0], 5.0, 6.0","death, sex, slos, dzgroup, dzclass, income, charges, totmcst, avtisst, sps, aps, ca, dnrday, meanbp, resp, pafi, bili, crea, sod, ph, urine, adlp, adls",2.0,0.1,1.0,1,6.5,6506,6506,0.5,0.0003404335468430285,0,0
"[67.42818825,96.38369175], 0.0, [1164.84,1813.16], 1.0, 3.0, 3.0, [-13.5,13.5], [-254364.61,369002.61], [-161153.9962,244101.6838], 4.0, [0.595863036705,1.109947509295], [0.48203857437000003,1.03187744163], [-21.8007812,42.1992188], [0.24999999999999822,31.75], [34.44439515,37.74310485], [79.84875,483.90125], [-19.771698378600004,22.3713077586], [-4.198090594699999,6.5979929347], [122.48,145.52], [7.3473000850000005,7.631215915], [2.559731441,7.440268559]","age, sex, d.time, dzgroup, num.co, income, scoma, charges, totcst, race, surv2m, surv6m, wblc, resp, temp, pafi, bili, crea, sod, ph, adlsc",2.0,1.0,1.0,1,8.0,6520,6520,0.45652173913043476,0.00041899513457603507,1,1
"[18.200000000000003,167.8], 2.0, [11.5,62.5], [-7762.289999999979,365832.79], 2.0, [35.47,96.53], [-0.26590209961,0.45187622061], [-0.23318450929500006,0.30717437749500004], 0.0, 1.0, [0.36,0.64], [0.315,0.685], 2.0, [-8.475000000000009,194.47500000000002], [27.0,328.95055618803997], [-0.5499999999999972,52.55], [34.5943365,37.5931635], [-126.00624500000002,357.100005], [-0.9222665645000001,6.3216805645], [120.44,141.56], [-144.86403331999998,568.86403332], [26.169999999999998,75.83]","slos, num.co, scoma, totcst, race, aps, surv2m, surv6m, dementia, ca, prg2m, prg6m, dnr, dnrday, hrt, resp, temp, pafi, alb, sod, glucose, bun",2.0,0.1,1.0,1,1.5,6556,6556,0.4782608695652174,7.856158773300657e-05,0,0
"[16.192076699999998,70.7938833], 1.0, 0.0, [-78.0,92.0], [-314.55,394.55], 1.0, 1.0, 6.0, [-154824.3144,161781.6856], 4.0, [-16.568224839000006,48.763537239], 1.0, 1.0, [0.10499985700000003,0.694999857], 1.0, [-100.63000000000001,98.63000000000001], [16.574999999999996,103.42500000000001], [12.299999999999999,35.7], [124.72,143.28], 6.0, [3.054858395,6.945141605]","age, death, hospdead, slos, d.time, dzgroup, dzclass, num.co, totcst, race, sps, diabetes, ca, prg2m, dnr, dnrday, meanbp, resp, sod, adlp, adlsc",0.0,0.1,1.0,1,4.5,6574,6574,0.45652173913043476,0.00023568476319901972,0,0
"1.0, 1.0, 2.0, 1.0, 0.0, [-105306.0262,223964.2138], [-182052.4887901,287065.42639010004], [6.43,28.57], 4.0, [-20.729999999999997,68.72999999999999], [0.35168579054499993,0.854124755455], 0.0, 1.0, [0.305,0.6950000000000001], [47.085,106.91499999999999], [12.5,207.5], [-9.700000000000003,49.7], [32.4951576,39.6923424], [7.1057321700000005,7.67356383], [25.620000000000005,94.38], [465.0,3795.0], 0.0, 4.0, [1.87802734,6.12197266]","death, sex, dzgroup, dzclass, income, totcst, totmcst, avtisst, race, aps, surv6m, dementia, ca, prg2m, meanbp, hrt, resp, temp, ph, bun, urine, adlp, adls, adlsc",4.0,0.1,1.0,1,3.0,6575,6575,0.5217391304347826,0.00015712317546601315,0,0
"1.0, 0.0, [-51.1,61.1], [-304.5,708.5], 2.0, 1.0, 4.0, [7.8149999999999995,16.185000000000002], [-196116.94229160002,201922.5008916], 1.0, 1.0, [0.33999980900000004,1.059999809], [0.5949997,1.0049997], [31.0,193.0], [-2.7500000000000036,46.75], [34.24768155,38.34607845], [-14.381538772600003,15.1814655326], [-4.5640595279,6.9639618679], [133.16,156.84], [7.304937105,7.554438895], 7.0","death, hospdead, slos, d.time, dzgroup, dzclass, num.co, edu, totmcst, dementia, ca, prg2m, prg6m, hrt, resp, temp, bili, crea, sod, ph, adls",3.0,0.1,1.0,1,7.0,6594,6594,0.45652173913043476,0.0003666207427540307,0,0
"[46.1918363,107.4120437], 1.0, 0.0, [-5.5,57.5], [279669.34801049996,777218.6519895], 4.0, [7.242995608000001,54.757004392], [0.21989868200499996,0.539989013995], [-0.03665649380500002,0.560582275805], [-15.810000000000002,51.81], 1.0, 1.0, [0.26,0.74], 0.0, [-14.480000000000004,124.48], [-9.5,149.5], [-4.850000000000001,24.85], [36.74768155,40.84607845], [-180.606875,460.606875], [-0.6919201684000003,8.091334228400001], [122.96000000000001,169.04], [7.39908186,7.63998014], [43.125,90.875], 0.0","age, num.co, income, scoma, totmcst, race, sps, surv2m, surv6m, hday, diabetes, ca, prg6m, dnr, meanbp, hrt, resp, temp, pafi, crea, sod, ph, bun, adls",1.0,1.0,1.0,1,5.0,6599,6599,0.5217391304347826,0.0002618719591100219,1,1
"1.0, [15.669999999999959,846.33], 0.0, 4.0, [2.3900000000000006,21.61], [29.0,44.71983622618646], [8.01,39.99], [0.023212943999997293,63.375224656], [0.17115112288499998,0.568839111115], [0.024433593720000008,0.47947265628], [-31.655,75.655], 1.0, [-0.155,0.45499999999999996], [42.365,117.63499999999999], [13.0,139.0], [-19.050000000000004,43.050000000000004], [31.94517715,39.24232285], [-16.2685390474,17.0684658074], [-5.587440797599999,7.587440797599999], [23.125,70.875]","sex, d.time, dzgroup, num.co, edu, scoma, avtisst, sps, surv2m, surv6m, hday, ca, prg6m, meanbp, hrt, resp, temp, bili, crea, bun",3.0,0.1,1.0,1,7.0,6634,6634,0.43478260869565216,0.0003666207427540307,0,0
"[40.8044975,82.16950250000001], 1.0, [15.669999999999959,846.33], 0.0, 0.0, 4.0, [29.0,59.0], [8.01,39.99], 4.0, [0.023212943999997293,63.375224656], [0.17115112288499998,0.568839111115], [0.024433593720000008,0.47947265628], [-31.655,143.09780191084025], 1.0, [-0.180000024,0.479999976], [42.365,117.63499999999999], [13.0,139.0], [-19.050000000000004,43.050000000000004], [31.94517715,39.24232285], [-16.2685390474,17.0684658074], [-5.587440797599999,7.587440797599999]","age, sex, d.time, dzgroup, dzclass, num.co, scoma, avtisst, race, sps, surv2m, surv6m, hday, ca, prg2m, meanbp, hrt, resp, temp, bili, crea",3.0,0.1,1.0,1,7.0,6634,6634,0.45652173913043476,0.0003666207427540307,0,0
"1.0, [-107.30000000000001,127.30000000000001], [-376.33000000000004,454.33000000000004], 7.0, 1.0, [9.499999999999996,64.5], [-248080.7916889,277899.9010889], [14.43,36.57], 1.0, [5.529745790999996,51.064004209000004], [6.149999999999999,55.85], [0.013011474654999994,0.26897094734500004], [-27.545,41.545], 0.0, 0.0, [0.15,0.44999999999999996], 2.0, [-49.04,69.03999999999999], [33.05115345,38.94884655], [13.851875000000007,286.148125], [7.19971721,7.69872079], [-47.75999999999999,89.75999999999999], [30.0,4170.0], [-0.662211917,2.662211917]","death, slos, d.time, dzgroup, num.co, scoma, totmcst, avtisst, race, sps, aps, surv6m, hday, dementia, ca, prg6m, dnr, dnrday, temp, pafi, ph, bun, urine, adlsc",0.0,0.1,1.0,1,1.0,6654,6654,0.5217391304347826,5.2374391822004384e-05,0,0
"1.0, [-107.30000000000001,127.30000000000001], [-376.33000000000004,454.33000000000004], 7.0, 1.0, [6.095,21.905], [9.499999999999996,64.5], [-142259.8125,174346.1875], [-248080.7916889,105829.65198037427], [14.43,36.57], [5.529745790999996,51.064004209000004], [6.149999999999999,55.85], [-0.04591182781554948,0.26897094734500004], [-27.545,41.545], 0.0, 0.0, [0.15,0.44999999999999996], 2.0, [-49.04,69.03999999999999], [101.05,158.95], [13.851875000000007,286.148125], [7.19971721,7.69872079], [-47.75999999999999,89.75999999999999], [30.0,4170.0], [-0.662211917,2.662211917]","death, slos, d.time, dzgroup, num.co, edu, scoma, totcst, totmcst, avtisst, sps, aps, surv6m, hday, dementia, ca, prg6m, dnr, dnrday, meanbp, pafi, ph, bun, urine, adlsc",0.0,0.1,1.0,1,1.0,6654,6654,0.5434782608695652,5.2374391822004384e-05,0,0
"1.0, [-72.3,58.6], [-120617.0225,138999.89750000002], [-10.431225379500003,76.33588149650001], [-130.53,142.53]","hospdead, slos, totcst, sps, dnrday",0.0,1.0,1.0,4,39.08234709082866,9986,6655,0.10869565217391304,0.008453841477345018,814,814
"[-75.7,97.7], 1.0, 1.0, 0.0, [-243736.65999999997,316021.66], [13.04,58.96], [-0.4399999999999977,90.44], [0.40666748089000004,0.65314697311], 1.0, 1.0, 2.0, [-59.11,81.11], [-25.5,40.5], [108.24,151.76], 0.0, 0.0, [-2.015874027,2.015874027]","slos, dzgroup, dzclass, income, charges, avtisst, aps, surv6m, diabetes, ca, dnr, dnrday, wblc, sod, adlp, adls, adlsc",0.0,0.013168724279835387,0.6666666666666666,1,11.0,6662,6662,0.3695652173913043,0.0005761183100420483,0,0
"[68.34455820000001,98.1273618], 0.0, [-58.3,74.3], [433.71,1102.29], 0.0, 1.0, 2.0, [13.290000000000001,38.71], [-17.130444179500003,55.1304441795], [-13.18,69.18], 1.0, 1.0, [0.444999809,0.954999809], 1.0, [-95.94,95.94], [-9.0,129.0], [-23.050000000000004,39.050000000000004], [35.7008993,40.2991007], [-0.12999386599999996,5.329212666], [-36.38999999999999,74.38999999999999], [-2666.0,3364.0], 7.0, [5.620717771,8.379282229]","age, hospdead, slos, d.time, dzgroup, num.co, income, avtisst, sps, aps, dementia, ca, prg2m, dnr, dnrday, hrt, resp, temp, alb, bun, urine, adls, adlsc",3.0,1.0,1.0,1,5.0,6689,6689,0.5,0.0002618719591100219,1,1
"1.0, 0.0, [-118.8,132.8], 3.0, [0.6850000000000005,23.314999999999998], [-100886.86420000001,114405.2158], [-182514.03282204998,194201.86876205], [-16.37,30.37], 4.0, [-10.613786515500006,45.8090989155], [-16.15,76.15], [-42.364999999999995,44.364999999999995], 1.0, 0.0, 2.0, [-0.3640000008,0.3659999992], 0.0, [-48.815000000000005,50.815000000000005], [-4.850000000000001,24.85], [35.14669805,42.24392195], [-15.2686000874,18.0684047674], [-0.48538086199999997,2.485380862]","sex, hospdead, slos, num.co, edu, totcst, totmcst, avtisst, race, sps, aps, hday, diabetes, dementia, ca, prg6m, dnr, dnrday, resp, temp, bili, adlsc",0.0,0.1,1.0,1,1.5,6721,6721,0.4782608695652174,7.856158773300657e-05,0,0
"[45.36722725,90.86873275], [-94.2,130.2], [-547.2800000000001,587.2800000000001], 1.0, 1.0, 7.0, [-0.0600000000000005,16.060000000000002], 3.0, [-23.0,41.0], [-79293.56029999998,104337.9197], [-188655.68249160002,209383.7606916], [-9.753335999999997,41.086664], [1.3239941439999967,64.676005856], [0.18490112340500003,0.8929797365950001], [0.022386474254999955,0.657545165745], [-20.990000000000002,28.990000000000002], 1.0, [-89.25,95.25], [-10.0,146.0], [2.430115926,5.369688674], [-1.8768513454,5.0765583854], [3.797548826,6.202451174]","age, slos, d.time, dzgroup, dzclass, num.co, edu, income, scoma, totcst, totmcst, avtisst, sps, surv2m, surv6m, hday, diabetes, dnrday, hrt, alb, crea, adlsc",0.0,0.1,1.0,1,2.0,6723,6723,0.4782608695652174,0.00010474878364400877,0,0
"[0.9807865999999947,57.2371934], 1.0, 0.0, 0.0, 0.0, 3.0, [3.5,48.5], [-229298.27000000002,317738.27], [-160553.87560000003,194044.8444], [-121270.09849414999,155935.94229415], [-5.879130856000003,57.472880856], [-18.409999999999997,82.41], [0.50290771501,1.14308837899], 0.0, [0.4149997999999999,0.9849998], 2.0, [-38.125,84.33064601434953], [26.224999999999994,93.775], [-34.703125,73.296875], [33.45138805,40.54861195], [-88.10749999999999,228.1075], [7.03277376,7.44574224], [-291.10403576999994,-25.685011513159395], [44.665,115.33500000000001], [-1231.0,3449.0]","age, death, hospdead, dzgroup, dzclass, num.co, scoma, charges, totcst, totmcst, sps, aps, surv2m, dementia, prg6m, dnr, dnrday, meanbp, wblc, temp, pafi, ph, glucose, bun, urine",0.0,0.1,1.0,1,5.5,6728,6728,0.5434782608695652,0.00028805915502102414,0,0
"[30.942526349999994,91.33543365], 0.0, 0.0, [-96136.9942,106490.8458], [-178933.6678122,190674.38657220002], [-5.400000000000002,27.400000000000002], [5.290027722999998,42.905284677], [-1.9499999999999993,61.95], [-0.02568595041370919,0.738450928145], [-18.845000000000002,20.845000000000002], 0.0, 1.0, 2.0, [-9.480000000000004,129.48000000000002], [-10.999999999999996,47.0], [-13.400000000000002,33.400000000000006], [34.998987400000004,37.7978926], [-182.94500000000002,308.94500000000005], [-1.4297985659999999,4.029407966], [-17.842893597,23.042112357], [-3.787636107599999,9.3872454876], [7.0225149049999995,7.616157095], [-102.42401861999997,296.42401861999997], 7.0","age, hospdead, num.co, totcst, totmcst, avtisst, sps, aps, surv2m, hday, dementia, ca, dnr, meanbp, wblc, resp, temp, pafi, alb, bili, crea, ph, glucose, adls",3.0,0.003125,0.5,1,7.25,6749,6749,0.5217391304347826,0.0003797143407095318,0,0
"0.0, 0.0, [28.0,60.0], [-96136.9942,106490.8458], [-178933.6678122,190674.38657220002], [-5.400000000000002,27.400000000000002], [-1.9499999999999993,61.95], [0.32136352585500005,0.738450928145], [-18.845000000000002,20.845000000000002], 0.0, 1.0, 2.0, [-9.480000000000004,129.48000000000002], [-10.999999999999996,47.0], [-13.400000000000002,33.400000000000006], [34.998987400000004,37.7978926], [-182.94500000000002,308.94500000000005], [-1.4297985659999999,4.029407966], [-17.842893597,23.042112357], [-3.787636107599999,9.3872454876], [7.0225149049999995,7.616157095], [-102.42401861999997,296.42401861999997]","hospdead, num.co, scoma, totcst, totmcst, avtisst, aps, surv2m, hday, dementia, ca, dnr, meanbp, wblc, resp, temp, pafi, alb, bili, crea, ph, glucose",3.0,0.003125,0.5,1,7.25,6749,6749,0.4782608695652174,0.0003797143407095318,0,0
"[45.832087699999995,83.8878923], 1.0, 0.0, [700.45,1409.55], 0.0, 0.0, [27.0,61.0], [-158971.38,303273.38], [-79915.29809309999,247045.6730931], [37.56,65.44], 4.0, [-15.54,89.53999999999999], [0.32671386692,1.02509277308], [0.235889892845,0.9279284671550001], [-14.375,22.375], 0.0, 1.0, [0.4799997,1.1199997], [-96.53,176.53], [-17.85,29.85], [437.81598383000005,784.18401617], [-1.511000981,3.511000981]","age, sex, hospdead, d.time, dzgroup, num.co, scoma, totcst, totmcst, avtisst, race, aps, surv2m, surv6m, hday, diabetes, ca, prg6m, dnrday, resp, glucose, adlsc",4.0,0.1,1.0,1,13.5,6761,6761,0.4782608695652174,0.0007070542895970592,0,0
"1.0, 0.0, 1.0, [1.6599999999999993,10.34], [-35.0,35.0], [-395763.81200000003,418430.108], [-149288.6562,167317.3438], 4.0, [-9.843379666500002,40.6402546665], [-20.54,84.53999999999999], [0.6136059571300001,1.17618896487], [0.52159179696,1.12831054704], 1.0, 2.0, [-38.7011719,59.2988281], [8.499999999999993,131.5], [16.299999999999997,39.7], 1.0, 0.0, [-1.874409183,1.874409183]","death, hospdead, dzgroup, edu, scoma, charges, totcst, race, sps, aps, surv2m, surv6m, ca, dnr, wblc, hrt, resp, adlp, adls, adlsc",0.0,1.0,1.0,1,7.0,6764,6764,0.43478260869565216,0.0003666207427540307,1,1
"1.0, 0.0, 2.0, 1.0, 2.0, [-5977.719999999972,604667.72], [52486.52120495,287045.47879505], 4.0, [-9.05,35.05], 1.0, 0.0, 1.0, [0.58,0.92], [0.7799997999999999,1.1199998], 0.0, [-62.334999999999994,96.335], [112.11772196790227,116.91], [-15.6015625,72.3984375], [35.0959356,38.2946844], [-110.33187500000003,355.206875], [-1.2545269709999998,5.254526971], [-208.12003184999998,474.12003185]","death, hospdead, dzgroup, dzclass, num.co, charges, totmcst, race, hday, diabetes, dementia, ca, prg2m, prg6m, dnr, dnrday, meanbp, wblc, temp, pafi, alb, glucose",2.0,0.1,1.0,1,1.0,6777,6777,0.4782608695652174,5.2374391822004384e-05,0,0
"0.0, 0.0, [-117.39999999999999,127.39999999999999], [-119.98000000000002,811.98], 1.0, [5.700000000000001,24.299999999999997], 2.0, [-19.34,41.34], 4.0, [0.617647704735,1.112332763265], [-34.28,36.28], 0.0, 0.0, [0.84,1.16], [0.8199998,1.0799998], [10.05,37.95], [32.950353150029095,38.54900295], [2.3619858324999994,6.0364517675], [-10.207574843000002,11.807428363000001], [125.03999999999999,158.96], [-234.61603283,468.61603283], [-7.785,91.98132065722703], [460.0,3160.0], [-0.10746091600000018,3.8535547160000005]","death, hospdead, slos, d.time, num.co, edu, income, avtisst, race, surv2m, hday, diabetes, ca, prg2m, prg6m, resp, temp, alb, bili, sod, glucose, bun, urine, adlsc",4.0,0.1,1.0,1,1.5,6788,6788,0.5217391304347826,7.856158773300657e-05,0,0
"0.0, 0.0, 0.0, 0.0, [17.47,44.53], 1.0, [0.570172118675,1.103656005325], [-13.52,33.519999999999996], 0.0, 0.0, [-0.115000036,0.31499996399999997], [26.5,113.5], [-182.21499999999997,450.215], [139.0,155.0], 1.0, [-1.546367192,3.546367192]","death, dzgroup, dzclass, num.co, avtisst, race, surv2m, hday, diabetes, dementia, prg2m, hrt, pafi, sod, adls, adlsc",3.0,0.1,1.0,1,4.0,6789,6789,0.34782608695652173,0.00020949756728801754,0,0
"1.0, 0.0, [-90.9,136.9], 7.0, [-81015.6,427855.6], [-58258.256392649986,290026.25639264996], [28.47,55.53], 4.0, [-0.10794799820500002,0.34793823220500003], 1.0, 0.0, 2.0, [-0.10500003600000002,0.304999964], [-0.11000004,0.30999995999999996], [-106.15,152.15], [64.19,129.81], [-124.3644430340393,89.3984375], [21.499999999999986,228.5], [7.549999999999997,44.45], [34.54834625,42.04541375], [-72.83625,313.64875], [-1.1704856091000002,3.7700949891000004], [121.2,146.8], [-70.90402351999995,432.90402351999995], 0.0, [-2.3695361370000003,2.3695361370000003]","death, hospdead, slos, dzgroup, charges, totmcst, avtisst, race, surv2m, diabetes, dementia, ca, prg2m, prg6m, dnrday, meanbp, wblc, hrt, resp, temp, pafi, crea, sod, glucose, adls, adlsc",4.0,0.1,1.0,1,4.5,6793,6793,0.5652173913043478,0.00023568476319901972,0,0
"0.0, [-75.3,91.3], 1.0, 3.0, [7.0,75.0], [-472599.75,481533.75], [-94470.3639,101825.3561], [-10.59,29.59], [-21.24,41.239999999999995], 1.0, [0.409999905,0.789999905], [0.19,0.81], 0.0, [-135.53,137.53], [51.120000000000005,112.88], [-52.60058594,67.39941406], [-34.5,154.5], [5.549999999999997,42.45], [7.09945364,7.71890636], 5.0, [2.5950976519999998,7.404902348]","hospdead, slos, dzclass, income, scoma, charges, totcst, avtisst, aps, dementia, prg2m, prg6m, dnr, dnrday, meanbp, wblc, hrt, resp, ph, adls, adlsc",3.0,0.1,1.0,1,5.0,6844,6844,0.45652173913043476,0.0002618719591100219,0,0
"[54.5745472,100.90335280000001], 1.0, 1.0, 0.0, [11.94,28.060000000000002], 1.0, [12162.585000000021,385757.665], [2.4299999999999997,24.57], [24.119999999999997,63.88], [-29.869999999999997,93.81383103490384], 0.0, 0.0, 1.0, [0.759999771,1.2199997710000001], 0.0, [68.34,171.66], [-55.6015625,76.3984375], [32.5,197.5], [-4.600000000000001,20.6], [36.695896499999996,39.6947235], [1.919853544,5.279365256], [0.3123035475,4.8869152125], [119.12,156.88], [7.1110357,7.6272462999999995]","age, death, hospdead, dzgroup, edu, income, totcst, avtisst, aps, hday, diabetes, dementia, ca, prg2m, dnr, dnrday, wblc, hrt, resp, temp, alb, crea, sod, ph",3.0,0.1,1.0,1,4.0,6845,6845,0.5217391304347826,0.00020949756728801754,0,0
"[54.5745472,100.90335280000001], 1.0, 1.0, 0.0, [11.94,28.060000000000002], 1.0, [12162.585000000021,385757.665], [2.4299999999999997,24.57], [24.119999999999997,63.88], [0.43615234327999997,0.90173828072], 0.0, 0.0, 1.0, [0.759999771,1.2199997710000001], 0.0, [68.34,171.66], [-55.6015625,76.3984375], [32.5,197.5], [-4.600000000000001,20.6], [36.695896499999996,39.6947235], [1.919853544,5.279365256], [0.3123035475,4.8869152125], [119.12,156.88], [7.1110357,7.6272462999999995]","age, death, hospdead, dzgroup, edu, income, totcst, avtisst, aps, surv2m, diabetes, dementia, ca, prg2m, dnr, dnrday, wblc, hrt, resp, temp, alb, crea, sod, ph",3.0,0.1,1.0,1,4.0,6845,6845,0.5217391304347826,0.00020949756728801754,0,0
"0.0, 1.0, [-5.300000000000011,229.3], [-161.51,385.51], 3.0, [135222.0,451828.0], [148219.68120870003,560474.8187913], [9.3,46.2], 2.0, [-3.1608186305000032,63.1608186305], [-1.9200000000000017,71.92], [0.22932495146499998,0.8986047365350001], [0.14386596672499996,0.760064697275], 0.0, 0.0, 1.0, [0.6599996,1.1399996], 0.0, [-62.900390619999996,75.09960938], [26.5,125.5], [6.449999999999999,41.55], [-17.270149228,20.469856268], [-4.8129640977,7.8129640977], [128.6,157.4], [-280.37603038,370.37603038]","sex, hospdead, slos, d.time, income, totcst, totmcst, avtisst, race, sps, aps, surv2m, surv6m, diabetes, dementia, ca, prg6m, dnr, wblc, hrt, resp, bili, crea, sod, glucose",3.0,1.0,1.0,1,3.0,6848,6848,0.5434782608695652,0.00015712317546601315,1,1
"[60.80114854999999,84.79285145], 0.0, [-15.0,15.0], [-401840.85000000003,425074.85000000003], [4.769778088999999,38.425534311], [-7.119999999999997,95.12], [0.250711669485,0.715230712515], [-27.665000000000003,29.665000000000003], 0.0, 1.0, [0.27,0.73], [-0.030000000000000027,0.63], 0.0, [-46.97,48.97], [12.134999999999998,129.865], [-22.300781250000004,33.69921875], [-2.5,162.5], [0.14999999999999858,47.85], [-2.298803715,2.298803715]","age, hospdead, scoma, charges, sps, aps, surv6m, hday, diabetes, ca, prg2m, prg6m, dnr, dnrday, meanbp, wblc, hrt, resp, adlsc",3.0,0.0,0.0,1,18.433600000000002,6861,6861,0.41304347826086957,0.0009654485890901001,0,8
"[31.064136549999994,88.14784345000001], 0.0, 0.0, [-15.100000000000009,165.10000000000002], [-2.4564353298824217,16.34], [-25.0,25.0], [-213821.96500000003,498597.715], 4.0, [-32.41,68.41], [0.48566406201999995,1.13030273398], 1.0, 1.0, [0.6749996,1.1249996], [1.2000000000000028,148.8], [13.5,178.5], [-10.450000000000003,26.450000000000003], [36.24607245,40.14454755], [75.07187499999998,558.178125], [-5.7641967756,14.3638061556], [120.56,163.44], 7.0","age, death, hospdead, slos, edu, scoma, charges, race, aps, surv6m, diabetes, ca, prg6m, dnrday, hrt, resp, temp, pafi, bili, sod, adls",2.0,0.1,1.0,1,4.5,6879,6879,0.45652173913043476,0.00023568476319901972,0,0
"[62.48703784999999,98.06094215], 1.0, 0.0, [-41.420000000000016,647.4200000000001], 2.0, [7.164999999999999,24.835], [-34.0,34.0], [-202347.37,217471.37], [-87262.90409999999,96368.5759], [-22.509999999999998,27.509999999999998], 4.0, [-10.5527231835,37.9511607835], [-35.7,63.7], [0.50309570298,1.16267578102], [0.43690673813,0.83506591787], 0.0, 0.0, [0.8049995419999999,1.1549995419999999], [0.6599997,0.9399997], [-26.5,186.5], [-3.1001837950999995,5.5000861351], [120.48,159.52], 3.0, [-1.3695361370000003,3.3695361370000003]","age, sex, hospdead, d.time, num.co, edu, scoma, charges, totcst, avtisst, race, sps, aps, surv2m, surv6m, diabetes, ca, prg2m, prg6m, hrt, crea, sod, adlp, adlsc",4.0,0.1,1.0,1,7.0,6893,6893,0.5217391304347826,0.0003666207427540307,0,0
"1.0, 3.0, [-0.5,74.5], [117942.81,586519.69], [10.060000000000002,58.44], [7.136370699499999,50.679275265012095], [22.73,75.27], [0.07440307655499995,0.6854846194449999], 0.0, 2.0, [7.277964085,7.561879915], 1.0","death, income, scoma, totcst, avtisst, sps, aps, surv2m, diabetes, dnr, ph, adlp",3.0,0.1,1.0,1,8.52,6942,6942,0.2608695652173913,0.0004462298183234773,0,0
"[16.1778883,44.3060917], 0.0, 0.0, [2.2349999999999994,21.765], [-108449.27039415,168756.77039415], 1.0, [0.554442138945,0.913331299055], 1.0, [0.19,0.81], [-84.165,126.165], [18.854999999999997,121.14500000000001], [-63.80078125,78.19921875], [-21.5,155.5], [-12.05,32.05], [35.2998476,42.4970324], [20.473749999999995,424.52625], [-1.1121993824999996,5.7118087825], [-11.580001832,13.580001832], [7.17902372,7.660820279999999], [-226.12003184999998,456.12003185], [-20.560000000000002,40.56], 7.0","age, death, dzgroup, edu, totmcst, race, surv2m, ca, prg6m, dnrday, meanbp, wblc, hrt, resp, temp, pafi, alb, bili, ph, glucose, bun, adls",3.0,0.1,1.0,1,5.5,6950,6950,0.4782608695652174,0.00028805915502102414,0,0
"1.0, 0.0, [-562.62,936.62], 0.0, [0.995000000000001,23.005], 1.0, [-351702.51,398882.51], [-71851.3831,105447.97690000001], [-171345.20079205,205370.70079205], [-0.3966719999999988,43.063328], [-20.630000000000003,54.63], [0.28829467719499996,0.885533446805], [-42.364999999999995,44.364999999999995], 2.0, [35.5,116.5], [-7.050000000000004,55.050000000000004], [33.65052785,36.34947215], [-1.9618069424,3.1617581224], [7.1591702900000005,7.52051771], 6.0, 5.0","sex, hospdead, d.time, dzclass, edu, income, charges, totcst, totmcst, avtisst, aps, surv6m, hday, ca, hrt, resp, temp, crea, ph, adlp, adls",3.0,0.1,1.0,1,2.5,6951,6951,0.45652173913043476,0.00013093597955501096,0,0
"[30.097727749999994,67.32623225], 0.0, [-46.599999999999994,150.6], 7.0, 0.0, 2.0, [-33.5,33.5], [12.599999999999998,65.9], 1.0, [16.689999999999998,103.31], [0.35919921858,0.63079101542], [0.14943359372,0.60447265628], [-15.11,23.11], 0.0, 0.0, [-0.03500000000000003,0.635], [4.134999999999998,121.86500000000001], [-42.1015625,75.8984375], [34.95,61.05], [37.64611155,41.74450845], [-0.9071170414999998,5.706921641499999], [-13.123538589399999,13.9234653494], [-1.9260488851999997,6.125267645199999], [121.88,148.12], [6.94027364,7.55972636]","age, hospdead, slos, dzgroup, dzclass, num.co, scoma, avtisst, race, aps, surv2m, surv6m, hday, diabetes, dementia, prg6m, meanbp, wblc, resp, temp, alb, bili, crea, sod, ph",1.0,1.0,1.0,1,2.0,6952,6952,0.5434782608695652,0.00010474878364400877,1,1
"[14.8537866,71.11019340000001], 0.0, [-105.9,121.9], 1.0, 1.0, [-37.0,37.0], [-392021.07,409451.07], [-165437.89529279998,175738.77029279998], [-2.670943447500001,61.6709434475], [18.86,67.14], [0.611402587855,1.028489990145], [-23.990000000000002,25.990000000000002], [0.515,0.985], [-124.84,140.84], [-22.700195309999998,27.299804690000002], [14.349999999999998,65.65], [36.094923,42.092577], [211.70375,756.29625], [-2.2472881345000006,9.646702194500001], [117.12,154.88], [7.2372705150000005,7.641635485], [82.215,133.785], 1.0, 2.0, [0.549985349,3.450014651]","age, hospdead, slos, dzgroup, dzclass, scoma, charges, totmcst, sps, aps, surv2m, hday, prg6m, dnrday, wblc, resp, temp, pafi, crea, sod, ph, bun, adlp, adls, adlsc",0.0,1.0,1.0,1,4.0,6967,6967,0.5434782608695652,0.00020949756728801754,1,1
"[34.04593714999999,81.20204285], 0.0, 0.0, 0.0, 0.0, [7.164999999999999,24.835], 3.0, [-32.0,32.0], [-271792.06,415184.06], [12.99,42.51], [12.928497620999998,38.665252379], [0.45450195303999996,1.0752832029600001], [0.466185302955,0.911744385045], 0.0, 1.0, [0.615,0.885], [0.15499999999999997,0.845], [-129.995,131.995], [-35.0,73.0], [73.0,199.0], [-18.150000000000002,42.150000000000006], [110.99624999999999,356.94125], [-2.8022647855000002,3.6021915455], [122.03999999999999,139.96], [7.141963270000001,7.53772473], 4.0, [3.080478514,4.919521486]","age, death, dzgroup, dzclass, num.co, edu, income, scoma, charges, avtisst, sps, surv2m, surv6m, dementia, ca, prg2m, prg6m, dnrday, wblc, hrt, resp, pafi, crea, sod, ph, adls, adlsc",2.0,1.0,1.0,1,9.0,6977,6977,0.5869565217391305,0.00047136952639803944,1,1
"[38.58623624999999,100.63374375000001], 1.0, 0.0, [-112.39999999999999,132.39999999999998], 1.0, 2.0, 3.0, [-144667.8644,159273.89560000002], 3.0, [-18.0226631625,56.2179755625], 0.0, 2.0, [-113.61500000000001,133.615], [43.33,116.67], [-28.100585940000002,41.89941406], [-1.5681970987000002,5.568197098700001], [128.28,157.72]","age, death, hospdead, slos, dzgroup, num.co, income, totcst, race, sps, dementia, dnr, dnrday, meanbp, wblc, crea, sod",3.0,1.0,1.0,1,3.0,6998,6998,0.3695652173913043,0.00015712317546601315,1,1
"0.0, 0.0, [-140.38,386.38], 2.0, [-271154.16,288604.16], [-122936.4722546,132946.0269346], [1.5044337484999986,42.0893162515], [0.294403076375,1.005401611625], 1.0, 0.0, 1.0, [0.5949997140000001,1.004999714], [-123.61500000000001,123.61500000000001], [16.0,124.0], [34.64990625,42.14697375], [430.480625,896.0193750000001], [-6.0704740942,7.4703764342], [118.28,163.72], [-23.155,55.155]","sex, hospdead, d.time, dzgroup, charges, totmcst, sps, surv6m, diabetes, dementia, ca, prg2m, dnrday, hrt, temp, pafi, crea, sod, bun",2.0,0.1,1.0,1,8.0,7015,7015,0.41304347826086957,0.00041899513457603507,0,0
"[40.05304785,75.62695215000001], 0.0, 0.0, 0.0, [32.900000000000006,247.1], [247.54999999999995,1564.45], 0.0, 1.0, [-34.0,34.0], [365847.92,796432.0800000001], [253171.19521019998,736504.8047898], 0.0, 2.0, [34.834999999999994,245.16500000000002], [-5.800781199999999,46.1992188], [47.5,182.5], [0.5975765245,7.0020328555], [134.52,159.48], [7.297495085,7.581410915], [-319.35203626,457.35203626]","age, death, sex, hospdead, slos, d.time, dzgroup, num.co, scoma, totcst, totmcst, diabetes, ca, dnrday, wblc, hrt, crea, sod, ph, glucose",3.0,0.1,1.0,1,3.0,7019,7019,0.43478260869565216,0.00015712317546601315,0,0
"1.0, 1.0, [-42.0,60.0], [-509.63,489.24], 6.0, 1.0, 3.0, [-74888.9883,251460.64], [20.1363706995,66.66050430050001], [-40.160000000000004,42.160000000000004], 0.0, 0.0, 0.0, [0.22499999999999998,0.775], 0.0, [34.05115345,39.94884655], [112.84,153.16]","death, sex, slos, d.time, dzgroup, num.co, income, totcst, sps, hday, diabetes, dementia, ca, prg2m, dnr, temp, sod",0.0,1.0,1.0,1,20.0,8172,7026,0.3695652173913043,0.0010474878364400877,1,1
"[57.136746599999995,113.3931534], 1.0, 0.0, [-87.2,103.2], [253.62,780.38], 0.0, [66.5,111.5], [-371986.39999999997,391320.39999999997], [2.469999999999999,29.53], [-6.174535417500003,38.3698478175], [0.24536254855499995,0.856444091445], [0.26734863253999996,0.60862792946], [-40.160000000000004,42.160000000000004], 0.0, [-0.035000100000000006,0.4349999], 0.0, [-76.49,78.49], [89.87562500000001,414.874375], [-10.8365749346,12.4364284546], [121.44,158.56], [7.239086575,7.5402094250000005], [-13.120000000000005,109.12], 6.0","age, death, sex, slos, d.time, dzclass, scoma, charges, avtisst, sps, surv2m, surv6m, hday, diabetes, prg6m, dnr, dnrday, pafi, bili, sod, ph, bun, adls",3.0,0.1,1.0,1,8.0,7033,7033,0.5,0.00041899513457603507,0,0
"[54.362587049999995,103.17329294999999], 0.0, 0.0, [-60.0,76.0], [93.70999999999998,762.29], 0.0, 4.0, [5.87,20.13], [-19.000000000000004,37.0], [-223627.82,259799.82], 4.0, [33.218479612109874,54.59], [0.544105224895,0.951744385105], 1.0, 2.0, [-47.35,63.35], [27.519999999999996,166.48000000000002], [3.849999999999998,46.150000000000006], [33.648111650000004,39.94564835], [-0.4024234755,6.0020328555], [121.8,160.2], [-1625.0,5125.0], 2.0","age, death, hospdead, slos, d.time, dzgroup, num.co, edu, scoma, charges, race, aps, surv6m, dementia, dnr, dnrday, meanbp, resp, temp, crea, sod, urine, adls",1,0.1,1.0,1,3.0,7045,7045,0.5,0.00015712317546601315,0,0
"[54.362587049999995,103.17329294999999], 0.0, 0.0, [-60.0,76.0], [93.70999999999998,762.29], 0.0, [5.87,20.13], [-19.000000000000004,37.0], [-223627.82,259799.82], 4.0, [13.41,54.59], [0.544105224895,0.951744385105], 1.0, 2.0, [-47.35,63.35], [27.519999999999996,166.48000000000002], [3.849999999999998,46.150000000000006], [33.648111650000004,39.94564835], [-0.4024234755,6.0020328555], [121.8,160.2], [-1625.0,5125.0], 2.0","age, death, hospdead, slos, d.time, dzgroup, edu, scoma, charges, race, aps, surv6m, dementia, dnr, dnrday, meanbp, resp, temp, crea, sod, urine, adls",3.0,0.1,1.0,1,3.0,7045,7045,0.4782608695652174,0.00015712317546601315,0,0
"1.0, 0.0, [-120.5,134.5], [-41.76999999999998,545.77], 2.0, [6.84,29.16], [86.0,114.0], [-274030.16,285728.16], 4.0, [-7.562848000500001,38.961285600500005], [-23.470000000000006,57.470000000000006], [0.07983764691499998,0.458126221085], [-37.955000000000005,39.955000000000005], 1.0, 1.0, [0.22999999999999998,0.77], [-104.165,106.165], [-52.5,172.5], [33.5995348,39.1973452], [-4.398041764699999,6.398041764699999], [120.44,157.56], [5.656083982,8.343916018]","death, sex, slos, d.time, num.co, edu, scoma, charges, race, sps, aps, surv2m, hday, dementia, ca, prg2m, dnrday, hrt, temp, crea, sod, adlsc",3.0,0.1,1.0,1,6.0,7053,7053,0.4782608695652174,0.0003142463509320263,0,0
"[36.225227249999996,81.72673275], [-116.72000000000003,774.72], 0.0, [11.04,20.96], [-23.5,41.5], [25.5,46.0], 4.0, [2.5499954249999988,52.043754575], [32.89,71.11], 1.0, [0.275,0.725], [-97.61500000000001,149.615], [26.0,122.0], [107.84,148.16], 0.0, [-2.581733403,2.581733403]","age, d.time, dzclass, edu, scoma, avtisst, race, sps, hday, ca, prg2m, dnrday, hrt, sod, adls, adlsc",2.0,1.0,1.0,1,7.0,7078,7078,0.34782608695652173,0.0003666207427540307,1,1
"[46.2198563,107.4400637], [-87.88999999999999,985.89], 0.0, [11.379999999999999,37.620000000000005], [0.6299999999999955,67.37], [0.288905029405,0.996983642595], [0.24811279343000003,0.83587158257], 2.0, [-50.64500000000001,100.64500000000001], [-11.2510505704,12.650952910400001], [7.26770523,7.73229477], [-46.68801518999999,278.68801519], [-28.020000000000003,56.02], [-1.803676761,1.803676761]","age, d.time, dzclass, avtisst, aps, surv2m, surv6m, ca, dnrday, bili, ph, glucose, bun, adlsc",3.0,0.00023174285888671875,0.1875,1,33.2852744192,9700,7079,0.30434782608695654,0.0017432960043341202,3,16
"0.0, 0.0, 3.0, 3.0, [-204972.0025,20452.521552866558], [-124089.50999369999,174440.0723937], 4.0, [8.111058657000001,49.685816343], [4.789999999999999,77.21000000000001], [0.5985095219450001,0.957398682055], [-26.485,48.485], 1.0, 0.0, [0.464999714,1.134999714], [0.22499999999999998,0.775], 2.0, [-22.600585940000002,37.39941406], [-10.150000000000002,50.150000000000006], [34.397818400000006,39.1959416], [1.0452777290000004,7.554331671], [-20.600649640200004,22.800356680200004], [-181.64002695,395.64002695], [-23.560000000000002,37.56], 5.0, [3.656083982,6.343916018]","hospdead, dzgroup, num.co, income, totcst, totmcst, race, sps, aps, surv2m, hday, diabetes, dementia, prg2m, prg6m, dnr, wblc, resp, temp, alb, bili, glucose, bun, adls, adlsc",3.0,0.1,1.0,1,10.0,7117,7117,0.5434782608695652,0.0005237439182200439,0,0
"1.0, 1.0, 0.0, [-25.0,179.0], [5.734341229499998,32.4609711705], [-4.140000000000001,44.14], [0.45643310555000005,0.74742431645], [0.262735595485,0.727254638515], 0.0, [0.125,0.875], [-0.030000000000000027,0.63], 0.0, [-107.85499999999999,109.85499999999999], [63.120000000000005,124.88], [74.5,149.5], [-13.700000000000003,45.7], [34.44478615,39.74271385], [-4.132170491500001,5.9319751715], [7.09945364,7.71890636], 4.0","death, sex, hospdead, slos, sps, aps, surv2m, surv6m, dementia, prg2m, prg6m, dnr, dnrday, meanbp, hrt, resp, temp, crea, ph, adls",2.0,0.0,0.0,1,15.0,7126,7126,0.43478260869565216,0.0007856158773300657,0,1
"[37.43708654999999,142.60631745687607], 0.0, 0.0, [-95.7,111.7], [-397674.30000000005,492850.30000000005], [-152586.9062,-135364.54551449956], [-14.419999999999998,55.672305015071494], [-22.2421314965,48.0390064965], 0.0, 2.0","age, sex, hospdead, slos, charges, totcst, avtisst, sps, dementia, dnr",4.0,0.1,1.0,1,24.0,7138,7138,0.21739130434782608,0.0012569854037281052,0,0
"[76.59860805,107.4400637], 1.0, [-87.88999999999999,985.89], 0.0, 0.0, 2.0, [-277278.62,460584.62], [-177638.6588,290938.2212], [3.599999999999998,9.960690132074312], 1.0, [0.6299999999999955,67.37], [0.288905029405,0.996983642595], 0.0, 2.0, [-50.64500000000001,100.64500000000001], [-44.701171900000006,65.29882810000001], [29.499999999999986,200.5], [2.6999999999999993,51.3], [36.14490345,42.04259655], [23.02749999999999,268.9725], [-23.387521745,12.650952910400001], [-46.68801518999999,327.92801764], [-52.98500000000001,56.02], 0.0","age, death, d.time, dzgroup, dzclass, num.co, charges, totcst, avtisst, race, aps, surv2m, dementia, ca, dnrday, wblc, hrt, resp, temp, pafi, bili, glucose, bun, adls",3.0,0.05658436213991769,0.8333333333333333,1,11.0,7149,7149,0.5217391304347826,0.0005761183100420483,0,0
"[48.745567199999996,95.0743728], [-107.45999999999998,743.46], 0.0, 2.0, [-5.835000000000001,11.835], [-5.060000000000002,49.06], [-9.57,85.57], [0.33278076151999997,0.6431713864799999], [0.13773559548499997,0.602254638515], [-31.22,45.22], 0.0, [0.33499999999999996,0.665], [-113.00342810451812,156.685], [38.0989483,40.6979317], [-3.9491860249,5.7489907049], [-70.65602303,422.65602303000003], [-56.67,84.67], 7.0, [4.347534175,9.652465825]","age, d.time, dzclass, num.co, edu, avtisst, aps, surv2m, surv6m, hday, dementia, prg2m, dnrday, temp, crea, glucose, bun, adls, adlsc",3,0.1,1.0,1,2.0,7154,7154,0.41304347826086957,0.00010474878364400877,0,0
"1.0, 0.0, [-110.30000000000001,124.30000000000001], 1.0, 0.0, [-472103.75,482029.75], [-155038.9766,161567.0234], [-163012.41114295,171056.40724295], [-22.060000000000002,32.06], [1.5044337484999986,42.0893162515], [0.54520751937,0.95259521463], [0.34792236331,0.8598413086900001], 0.0, [0.664999619,1.134999619], [0.59,0.91], 2.0, [16.065000000000005,129.935], [-16.0,146.0], [2.4723459145000004,5.726872885500001], [-2.9831194316999996,5.9831194317], [275.0,3875.0], 5.0, [3.054858395,6.945141605]","sex, hospdead, slos, dzclass, income, charges, totcst, totmcst, avtisst, sps, surv2m, surv6m, diabetes, prg2m, prg6m, dnr, meanbp, hrt, alb, crea, urine, adls, adlsc",3.0,1.0,1.0,1,10.0,7175,7175,0.5,0.0005237439182200439,1,1
"[33.4587976,73.1692024], 0.0, [663.49,1210.51], 0.0, [3.1499999999999986,24.85], [11.0,63.0], [97268.26000000001,936905.74], [28.700000000000003,53.3], 0.0, [0.8710262589999971,54.324286141], 0.0, 0.0, [0.12999999999999998,0.47], 2.0, [-6.1015624999999964,51.8984375], [35.34822895,42.245531050000004], [59.865624999999994,455.134375], [1.0626693324999998,4.7371352675], [-0.6685024274,32.6685024274], [-5.3046028110000005,7.504309851], [118.44,155.56], [-102.62403086999996,558.62403087], [964.0,5194.0]","age, death, d.time, dzclass, edu, scoma, charges, avtisst, race, sps, diabetes, dementia, prg6m, dnr, wblc, temp, pafi, alb, bili, crea, sod, glucose, urine",2.0,1.0,1.0,1,5.0,7178,7178,0.5,0.0002618719591100219,1,1
"1.0, [-72.3,58.6], [-346.20000000000005,464.20000000000005], 2.0, [5.900000000000002,55.099999999999994], [11.019620973999999,54.574129026], 0.0","death, slos, d.time, num.co, avtisst, sps, diabetes",0.0,0.15711276683241135,0.690625,2,31.92275442557408,9953,7203,0.15217391304347827,0.003343869696645283,221,320
"[-64.5,88.5], [-464.76,588.76], 1.0, 0.0, [-13.5,13.5], [-15.68,23.68], [-31.760000000000005,47.760000000000005], [0.21091552718999998,0.64699462881], 0.0, 0.0, [-0.26500002,0.6022330934389786], [-135.53,137.53], [46.26,115.74000000000001], [3.2499999999999964,52.75], [34.8944147,38.2930853], [505.0,5095.0], [1.913393551,6.086606449]","slos, d.time, num.co, income, scoma, avtisst, aps, surv6m, diabetes, ca, prg6m, dnrday, meanbp, resp, temp, urine, adlsc",3.0,0.0,0.0,1,20.0,7209,7209,0.3695652173913043,0.0010474878364400877,0,1
"[-64.5,88.5], 1.0, 0.0, [-13.5,13.5], [-15.68,23.68], [-31.760000000000005,47.760000000000005], 0.0, 0.0, [-0.26500002,0.36499998], [-135.53,137.53], [46.26,115.74000000000001], [3.2499999999999964,52.75], [34.8944147,38.2930853], [505.0,5095.0], [1.913393551,6.086606449]","slos, num.co, income, scoma, avtisst, aps, diabetes, ca, prg6m, dnrday, meanbp, resp, temp, urine, adlsc",3.0,0.013168724279835387,0.6666666666666666,1,7.666666666666667,7209,7209,0.32608695652173914,0.0004015370039687003,0,0
"0.0, [-87.24000000000001,885.24], 1.0, 2.0, [9.726655999999998,37.606656], [-23.990000000000002,25.990000000000002], 1.0, 0.0, 1.0, [-0.170000072,0.569999928], [-0.10499999999999998,0.605], [83.47,164.53], [-56.203125,91.796875], [3.6999999999999993,52.3], [33.600938400000004,38.399061599999996], [-5.387489627599999,7.7873919676], [7.36350633,7.65602567], [-42.120000000000005,80.12], [-825.0000000000002,2325.0], [1.443886716,4.556113284]","sex, d.time, dzclass, num.co, avtisst, hday, diabetes, dementia, ca, prg2m, prg6m, meanbp, wblc, resp, temp, crea, ph, bun, urine, adlsc",4.0,1.0,1.0,1,2.0,7215,7215,0.43478260869565216,0.00010474878364400877,1,1
"[28.9255972,75.25440280000001], 0.0, 0.0, [11.299999999999997,184.7], [1236.45,1945.55], 0.0, 0.0, 1.0, [3.995000000000001,26.005], 3.0, [-78011.3156,111952.2844], [10.901715139999997,37.057471362], [-33.980000000000004,65.98], 0.0, 0.0, 1.0, [0.169999857,0.959999905], 0.0, [-27.460000000000008,66.575], [-18.000000000000004,38.0], [10.499999999999986,217.5], [33.3976229,38.1993353], [121.9975,578.7525], [0.5750884750000003,5.774075335], [-20.042539597,22.471405408600003], 7.0, [5.019492184,8.980507816]","age, death, hospdead, slos, d.time, dzgroup, dzclass, num.co, edu, income, totcst, sps, hday, diabetes, dementia, ca, prg2m, dnr, dnrday, wblc, hrt, temp, pafi, alb, bili, adls, adlsc",3.0,0.1,1.0,1,4.5,7232,7232,0.5869565217391305,0.00023568476319901972,0,0
"1.0, 0.0, [0.5849996,1.2149996], [-33.04,85.03999999999999], [-1.2000000000000028,35.19999665472954], [-9.1596752434,36.7573314434], [-3.7831682616999998,5.1830706017], [120.03999999999999,137.96], [-43.525000000000006,61.525000000000006], 3.0, [3.045112303,4.954887697]","income, diabetes, prg6m, dnrday, resp, bili, crea, sod, bun, adlp, adlsc",4.0,0.06525522118239999,0.8943298969072164,1,6.5,7253,7253,0.2391304347826087,0.0003404335468430285,0,0
"[31.30103685,83.42094315], 0.0, 0.0, [-80.80000000000001,102.80000000000001], 1.0, 4.0, [11.229278820999998,36.966033579], [0.7240344240950001,0.985926513905], [0.567623291365,0.9563024906350001], [-45.305,47.305], 0.0, 0.0, [0.464999905,0.734999905], [0.4449999,0.7549999000000001], 0.0, [-111.77000000000001,131.77], [15.82,116.18], [-51.9003906,74.0996094], [0.44253506850000024,4.9568789315], [-5.221471864400001,7.221471864400001]","age, sex, hospdead, slos, dzclass, race, sps, surv2m, surv6m, hday, diabetes, dementia, prg2m, prg6m, dnr, dnrday, meanbp, wblc, alb, crea",4.0,0.010240000000000003,0.4,1,9.8,7946,7259,0.43478260869565216,0.000513269039855643,2,5
"[18.129127549999996,58.66683245], [161.15999999999997,1538.8400000000001], 2.0, [10.04,19.96], [-16254.390000000014,632556.39], [34905.91720720002,376082.5827928], [2.717369235499998,65.0795057645], [0.45671630889000003,0.70319580111], 0.0, 1.0, 2.0, [-55.400390619999996,66.59960938], [-154.15202401,360.15202401], [3.3500000000000014,60.65], 3.0, [1.832915037,4.167084963]","age, d.time, num.co, edu, charges, totmcst, sps, surv6m, diabetes, dementia, dnr, wblc, glucose, bun, adls, adlsc",3.0,1.0,1.0,1,2.0,7283,7283,0.34782608695652173,0.00010474878364400877,1,1
"1.0, 1.0, [-414.66999999999996,780.67], 0.0, 0.0, 1.0, [-19.5,19.5], [-68482.18,720268.1799999999], 4.0, [17.907933657,59.482691343], [0.04333862313500003,0.602657470865], [-10.725000000000001,40.725], 0.0, [0.5949998,1.3049998], 2.0, [17.114999999999995,138.885], [22.959999999999994,131.04000000000002], [-41.20019531,54.79980469], [-42.5,182.5], [34.7942583,37.3932417], [0.4976723995000003,6.901741600499999], [-10.480392452,14.679611212000001], [-1.7258535751999995,6.3254629552], [-30.89500000000001,100.89500000000001], [0.0674804400000002,4.3114257600000006]","death, sex, d.time, dzgroup, dzclass, num.co, scoma, charges, race, sps, surv6m, hday, dementia, prg6m, dnr, dnrday, meanbp, wblc, hrt, temp, alb, bili, crea, bun, adlsc",1.0,1.0,1.0,1,1.0,7315,7315,0.5434782608695652,5.2374391822004384e-05,1,1
"[18.652466499999996,87.5220937], 0.0, [-36.2,62.4], 3.0, [-22.5,22.5], [-127700.62,201569.62], [-17.560000000000002,36.56], [0.57511718798,1.23469726602], 2.0, [-93.78500000000001,69.885], [-10.5,331.6088025026671], [33.54494255,39.64255745], [-0.601552641,0.9809312127610329]","age, death, slos, income, scoma, totcst, avtisst, surv2m, dnr, dnrday, hrt, temp, adlsc",4.0,0.43098733515725846,0.8450704225352113,1,38.829974912625836,9955,7366,0.2826086956521739,0.002033696320512466,60,71
"1.0, [34.3,139.7], [-519.32,777.32], 1.0, 3.0, [-34.5,34.5], [-117614.89880000002,217987.46120000002], [-4.780000000000001,22.28], [-27.665000000000003,29.665000000000003], 0.0, [-0.11000009999999999,0.5099999], [-63.575,65.575], [49.1,164.9], [-7.449999999999999,47.45], [-3.2984323846999994,7.497651144699999], [126.75999999999999,163.24]","sex, slos, d.time, dzgroup, income, scoma, totcst, avtisst, hday, dementia, prg6m, dnrday, meanbp, resp, crea, sod",4,0.1,1.0,1,1.0,7379,7379,0.34782608695652173,5.2374391822004384e-05,0,0
"[25.907187399999994,68.9267926], 1.0, 0.0, [-78.30000000000001,156.3], 7.0, [3.164999999999999,20.835], [-10.5,28.5], [-247091.18,541659.1799999999], [-137184.8175,325059.9425], [-7245.7907950500085,227313.16679505], 4.0, [0.359002685775,0.6908020022250001], 0.0, 0.0, 0.0, [-0.25000004000000003,0.44999996000000003], 1.0, [25.54,110.46000000000001], [-16.800781199999996,41.1992188], [-10.150000000000002,50.150000000000006], [-0.49744045949999993,5.6966592595], [-15.043088917,25.841917037], [-1.8278979456000002,4.0276049856], [114.24,141.76], [-265.6080347899999,479.6080347899999], [-48.85000000000001,84.85000000000001]","age, death, hospdead, slos, dzgroup, edu, scoma, charges, totcst, totmcst, race, surv6m, diabetes, dementia, ca, prg6m, dnr, meanbp, wblc, resp, alb, bili, crea, sod, glucose, bun",2.0,1.0,1.0,1,18.0,7404,7404,0.5652173913043478,0.0009427390527960789,1,1
"1.0, 0.0, 3.0, [-13.5,31.5], [-373082.39999999997,390224.39999999997], [9.446656,43.886656], 4.0, 1.0, [-119.08,117.08], [-9.5,137.5], [-4.689607238,6.289460758], [2.9785498390000003,6.585903361000001]","death, hospdead, num.co, scoma, charges, avtisst, race, ca, dnrday, hrt, crea, adlsc",3.0,0.004115226337448558,0.3333333333333333,1,14.08315172864,8861,7406,0.2608695652173913,0.0007375965067245297,5,15
"1.0, [-65.5,87.5], [-262.92999999999995,972.93], 1.0, [7.5600000000000005,22.439999999999998], [-308887.5,327201.5], [-126234.76999999999,139714.27], [-154085.95261325,165767.17137325002], [-6.99,24.990000000000002], [0.60459960934,1.03138671866], [-18.11,20.11], 1.0, 1.0, [-84.94,106.94], [37.379999999999995,168.62], [-18.500000000000014,188.5], [-7.050000000000004,55.050000000000004], [32.4010166,37.5989834], [109.48,148.52], [-62.40002449999997,462.4000245], [-53.165,67.16499999999999], 2.0, [5.045112303,6.954887697]","death, slos, d.time, dzclass, edu, charges, totcst, totmcst, avtisst, surv2m, hday, diabetes, dementia, dnrday, meanbp, hrt, resp, temp, sod, glucose, bun, adlp, adlsc",0,0.1,1.0,1,7.0,7414,7414,0.5,0.0003666207427540307,0,0
"1.0, 2.0, [3.629999999999999,20.37], [-21.5,21.5], [0.03795288084499998,0.729991455155], [-18.845000000000002,20.845000000000002], 0.0, 0.0, [0.5549996189999999,1.3860811218827074], 2.0, [42.379999999999995,140.9], [0.6499999999999986,39.35], [33.04974985,44.230780834576706], [-3.8407270782000005,6.0404341182], [112.64,146.96]","death, dzclass, edu, scoma, surv6m, hday, diabetes, dementia, prg2m, dnr, meanbp, resp, temp, crea, sod",4.0,0.22149019143884427,0.7397260273972602,1,25.48776236237017,9977,7424,0.32608695652173914,0.0013349060526329113,54,73
"0.0, 0.0, 0.0, [-373082.39999999997,390224.39999999997], 4.0, [0.364644775435,1.053323974565], [0.12504394537000002,0.6748828126299999], 1.0, [-119.08,117.08], [-9.5,137.5], [-4.689607238,6.289460758], [2.9785498390000003,6.585903361000001]","sex, hospdead, dzgroup, charges, race, surv2m, surv6m, ca, dnrday, hrt, crea, adlsc",3.0,0.010240000000000003,0.4,1,12.00123998208,9778,7469,0.2608695652173913,0.0006285576451713628,6,15
"[-1.0020130000000016,48.635993], 0.0, [-423.2800000000001,711.2800000000001], 7.0, 0.0, 1.0, [-32.5,32.5], [-14.52,44.519999999999996], [8.656620333499998,59.1402546665], [35.12,74.88], [0.03938232415999998,0.58256591784], [0.027358398540000023,0.36863769546], [-1.4599999999999973,51.459999999999994], 0.0, 0.0, [-94.78500000000001,100.78500000000001], [-22.0,56.0], [29.0,251.0], [-166.26563,272.92187], [-1.5278491256000002,4.3276538056], [116.44,153.56], 0.0","age, hospdead, d.time, dzgroup, dzclass, income, scoma, avtisst, sps, aps, surv2m, surv6m, hday, diabetes, dementia, dnrday, wblc, hrt, pafi, crea, sod, adlp",3.0,0.1,1.0,1,2.5,7470,7470,0.4782608695652174,0.00013093597955501096,0,0
"0.0, 0.0, 0.0, 0.0, 2.0, [2.615,23.384999999999998], [-33.5,33.5], [-232576.71999999997,378068.72], [-147426.39519145002,257720.89519145002], 4.0, [-42.980000000000004,56.980000000000004], 0.0, 1.0, [-0.15500000800000002,0.234999992], [-0.23993600003999999,0.24006399996], 2.0, [-96.46000000000001,154.46], [114.33,187.67000000000002], [-8.703125,71.296875], [152.97562499999998,653.649375], [1.3349053670000002,4.064508633], [123.4,142.6], 5.0","death, sex, dzgroup, dzclass, num.co, edu, scoma, charges, totmcst, race, hday, diabetes, ca, prg2m, prg6m, dnr, dnrday, meanbp, wblc, pafi, alb, sod, adls",2.0,0.1,1.0,1,8.5,7473,7473,0.5,0.0004451823304870373,0,0
"0.0, 1.0, [-116.36000000000001,1342.3600000000001], 0.0, 4.0, [-1.1449999999999996,17.145], [15.676656,47.656656], 4.0, [-11.630000000000003,63.63], [0.596077880885,0.993765869115], [0.5904455561849999,0.865364989815], 1.0, [0.515,0.985], [-62.1015625,83.8984375], [-0.17222385449999988,4.9720284545], [-2.5107603422,3.7107115222000004], [114.0,146.0], [7.242895475,7.716088524999999], [-150.3600343,584.3600343], [-53.98500000000001,73.98500000000001], [-421.0,3359.0], 6.0, [3.87802734,8.12197266]","death, sex, d.time, dzclass, num.co, edu, avtisst, race, aps, surv2m, surv6m, diabetes, prg6m, wblc, alb, crea, sod, ph, glucose, bun, urine, adls, adlsc",3.0,0.1,1.0,1,1.5,7536,7536,0.5,7.856158773300657e-05,0,0
"0.0, 1.0, [-116.36000000000001,1342.3600000000001], 0.0, 4.0, [-1.1449999999999996,17.145], [15.676656,47.656656], 4.0, [-11.630000000000003,63.63], [0.596077880885,0.993765869115], [0.5904455561849999,0.865364989815], 1.0, [0.549999619,1.249999619], [0.515,0.985], [10.434999999999995,89.565], [-62.1015625,83.8984375], [-0.17222385449999988,4.9720284545], [-2.5107603422,3.7107115222000004], [114.0,146.0], [7.242895475,7.716088524999999], [-150.3600343,584.3600343], [-53.98500000000001,73.98500000000001], [-421.0,3359.0], 6.0, [3.87802734,8.12197266]","death, sex, d.time, dzclass, num.co, edu, avtisst, race, aps, surv2m, surv6m, diabetes, prg2m, prg6m, meanbp, wblc, alb, crea, sod, ph, glucose, bun, urine, adls, adlsc",4,0.1,1.0,1,1.5,7536,7536,0.5434782608695652,7.856158773300657e-05,0,0
"1.0, 0.0, 0.0, [-416.72,474.72], 6.0, 2.0, [2.700000000000001,21.299999999999997], 1.0, [-24.0,24.0], 4.0, [-27.89,55.89], [0.21443603472000003,0.66947509728], [-37.22,39.22], 0.0, 0.0, 2.0, [-21.97,73.97], [-57.1015625,82.8984375], [58.0,172.0], [-19.998749999999973,629.99875], [-0.022253114400000662,12.420690614400002], [125.24,152.76], [7.06801815,7.6702638499999996], [76.17,125.83], [-525.0,2445.0], 0.0","death, sex, hospdead, d.time, dzgroup, dzclass, edu, income, scoma, race, aps, surv6m, hday, dementia, ca, dnr, dnrday, wblc, hrt, pafi, crea, sod, ph, bun, urine, adls",0.0,1.0,1.0,1,9.0,7544,7544,0.5652173913043478,0.00047136952639803944,1,1
"1.0, 1.0, 6.0, 3.0, [-25.0,25.0], [-383467.383,405282.977], [-213336.8562,-28181.553263343085], 2.0, [-14.170943447500001,50.1709434475], [0.646746825825,1.083233642175], [-52.655,54.655], 1.0, [0.07499999999999998,0.42500000000000004], 0.0, [35.015,90.985], [-63.900390619999996,74.09960938], [52.49812499999999,395.06437500000004], [-2.3768513454,4.5765583854], [112.64,143.36], [7.385015105,7.634516895], [2.160957028,5.839042972]","sex, dzclass, num.co, income, scoma, charges, totcst, race, sps, surv2m, hday, diabetes, prg6m, dnr, meanbp, wblc, pafi, crea, sod, ph, adlsc",2.0,0.1,1.0,1,3.5,7572,7572,0.45652173913043476,0.00018331037137701535,0,0
"1.0, [-9.799999999999997,207.8], 0.0, 1.0, [40.0,70.0], [0.08275634792000003,0.7811352540800001], [0.02281127966499996,0.601090088335], 0.0, 0.0, 2.0, [28.085,87.91499999999999], [63.0,177.0], [-15.150000000000002,27.150000000000002], [-1.3710112042000002,12.1698393242], [132.68,149.32], [7.28226584,7.557578159999999], [-1.343916018,1.343916018]","sex, slos, dzclass, num.co, scoma, surv2m, surv6m, diabetes, dementia, dnr, meanbp, hrt, resp, crea, sod, ph, adlsc",3.0,1.0,1.0,1,3.0,7582,7582,0.3695652173913043,0.00015712317546601315,1,1
"1.0, 0.0, [-568.45,748.45], 0.0, 0.0, 3.0, [-10.0,28.0], [9.649999999999999,38.35], 1.0, [38.7,81.3], [0.28500000000000003,0.715], [0.37,0.63], [-28.30078125,47.69921875], [35.0943365,38.0931635], [13.379375000000039,531.620625], [-21.1295520818,23.529454421799997], [-2.5192436989,3.5192436989], 6.0, [3.842661129,8.157338871]","death, hospdead, d.time, dzgroup, dzclass, num.co, scoma, avtisst, race, aps, prg2m, prg6m, wblc, temp, pafi, bili, crea, adls, adlsc",3.0,0.1,1.0,1,6.0,7584,7584,0.41304347826086957,0.0003142463509320263,0,0
"[37.43708654999999,99.08713155000001], 1.0, [-74.9,52.2], [1.08,20.92], [-22.2421314965,19.92264438139585], [0.52032226566,0.9374414063400001], 0.0, 0.0, [124.91,175.09], [-52.80078125,67.19921875], [33.55115345,39.44884655], [-4.2386827078,7.8382920878]","age, death, slos, edu, sps, surv6m, diabetes, dementia, meanbp, wblc, temp, crea",4.0,0.0015088388150337464,0.2727272727272727,1,30.903616,8953,7585,0.2608695652173913,0.0016185580931007638,3,11
"[28.5448783,56.673081700000004], 1.0, [8.599999999999994,185.4], [-590.84,786.84], 0.0, [5.18,18.82], [3.4800000000000004,62.519999999999996], 4.0, [19.47,80.53], 1.0, [0.279999905,0.9199999050000001], 0.0, [-32.46000000000001,218.46], [46.82,147.18], [-53.3007812,76.6992188], [14.0,146.0], [-7.850000000000001,57.85], [34.696092,38.694528], [-2.7682703387000003,4.368123858700001], 1.0","age, death, slos, d.time, dzclass, edu, avtisst, race, aps, ca, prg2m, dnr, dnrday, meanbp, wblc, hrt, resp, temp, crea, adls",3.0,0.1,1.0,1,2.5,7616,7616,0.43478260869565216,0.00013093597955501096,0,0
"0.0, [972.71,1641.29], [4.715,19.285], 3.0, [-8.509999999999998,41.51], 4.0, [14.079999999999998,87.92], [0.3997924809500001,0.68419189505], 0.0, 1.0, [0.295,0.7050000000000001], 2.0, [65.59,208.41], [36.75087975,41.24912025], [35.00125000000003,684.99875], [-2.8022647855000002,3.6021915455], [7.14163113,7.778290869999999], 1.0","sex, d.time, edu, income, avtisst, race, aps, surv6m, dementia, ca, prg2m, dnr, meanbp, temp, pafi, crea, ph, adls",1,0.1,1.0,1,8.0,7625,7625,0.391304347826087,0.00041899513457603507,0,0
"[40.910037849999995,76.48394215], 0.0, [-39.5,45.5], 1.0, 1.0, 3.0, [2.3900000000000006,21.61], 0.0, [-14.04,22.04], [-10.409999999999997,90.41], [0.568670654525,1.199151611475], [-46.775,48.775], 1.0, [-76.335,82.335], [-54.10058594,65.89941406], [15.85,40.15], [34.54455155,38.64294845], [0.320341762,4.422822238]","age, hospdead, slos, dzgroup, dzclass, num.co, edu, income, avtisst, aps, surv2m, hday, ca, dnrday, wblc, resp, temp, adlsc",2.0,0.0009765625,0.25,1,16.5,7628,7628,0.391304347826087,0.0008641774650630723,1,4
"[18.652466499999996,99.08713155000001], 0.0, 0.0, 0.0, [-109379.23750000002,238887.36250000002], [-199138.50238129997,162329.63159535], [1.990000000000002,52.01], 1.0, [-2.201317898500001,56.2013178985], [0.36757446243499997,1.056253661565], [-31.340000000000003,33.34], 1.0, 2.0, [-23.444999999999993,117.445], [35.5,194.5], [100.42835011374598,162.0], [7.0767823750000005,7.722045625], [-2.0145071922753894,1.5911524410000002]","age, death, sex, hospdead, totcst, totmcst, avtisst, race, sps, surv2m, hday, ca, dnr, meanbp, hrt, sod, ph, adlsc",4.0,0.5549289573066435,0.8888888888888888,1,36.15030484828161,9748,7634,0.391304347826087,0.0018933502306088057,16,18
"[21.454116549999995,78.53782345], [-16.700000000000003,190.7], [-247.29000000000002,421.29], 3.0, [15.000000000000004,73.0], [547170.86,877937.14], [21.240000000000002,50.76], 4.0, [20.239999999999995,99.76], 0.0, 1.0, 0.0, [-14.703125,49.296875], [53.0,227.0], [-3.4491860249000004,6.2489907049], [136.92,165.08], [7.12856515,7.730810849999999], 6.0","age, slos, d.time, dzclass, scoma, charges, avtisst, race, aps, dementia, ca, dnr, wblc, hrt, crea, sod, ph, adls",3.0,1.0,1.0,1,7.0,7635,7635,0.391304347826087,0.0003666207427540307,1,1
"[59.724998,92.817002], 0.0, 0.0, [1175.49,1722.51], [-21.5,21.5], [-321397.07,480075.07], [11.7,56.8], 4.0, [12.979121706,48.614628294], [0.170626220735,0.665311279265], [-37.305,55.305], 0.0, 2.0, 0.0, [17.61,106.39], [26.0,200.0], [37.100547399999996,39.899452600000004], [-81.53999999999999,199.54], [0.414966403,3.984447597], [114.32,145.68], [7.21045921,7.70946279]","age, death, hospdead, d.time, scoma, charges, avtisst, race, sps, surv2m, hday, dementia, ca, dnr, meanbp, hrt, temp, pafi, alb, sod, ph",2.0,0.03125,0.5,1,11.5,7666,7666,0.45652173913043476,0.0006023055059530504,1,2
"[49.19503784999999,84.76894215], 0.0, 1.0, [-28.75999999999999,1024.76], 1.0, 4.0, [7.49,20.509999999999998], [10.5,71.5], [17.23,55.769999999999996], [10.682246706,46.317753294], [0.05649902377999996,0.54945800822], 1.0, [0.719999619,1.079999619], [-38.5,65.5], [-130.90437500000002,404.904375], [-20.3588939634,25.5581127234], [117.16,160.93426664551484], [180.88796619,905.11203381], 6.0, [3.842661129,8.157338871]","age, death, sex, d.time, dzclass, num.co, edu, scoma, avtisst, sps, surv6m, diabetes, prg2m, wblc, pafi, bili, sod, glucose, adls, adlsc",1.0,0.1,1.0,1,1.0,7672,7672,0.43478260869565216,5.2374391822004384e-05,0,0
"[-509.63,489.24], 3.0, [-104884.8193,110407.26070000001], [-148240.1720537,150289.41033369998], [-16.650000000000002,36.650000000000006], [18.367434389,52.023190611000004], [-0.18779174802000004,0.47178833002000004], [-0.30483993531000003,0.53326538092], 0.0, 2.0, [-86.25,98.25], [-5.147068404500001,6.7469219245000005], [5.373154294,8.626845706000001]","d.time, num.co, totcst, totmcst, avtisst, sps, surv2m, surv6m, diabetes, dnr, dnrday, crea, adlsc",0.0,1.0,1.0,1,38.0,9593,7675,0.2826086956521739,0.001990226889236167,2,2
"0.0, [2.4749999999999996,19.525], 3.0, [-178280.69999999998,203372.69999999998], [-93504.2364,109123.6036], [-119313.2730346,136569.2261546], [-16.93,42.93], 4.0, [0.624390869555,1.235472412445], [0.70086181607,1.06110107393], 0.0, 0.0, [-67.49,87.49], [-28.100585940000002,37.89941406], [34.196092,38.194528], [0.6600366519999996,6.539182148], [-8.830000000000002,40.83], 3.0, 4.0, [2.160957028,5.839042972]","hospdead, edu, income, charges, totcst, totmcst, avtisst, race, surv2m, surv6m, diabetes, dementia, dnrday, wblc, temp, alb, bun, adlp, adls, adlsc",0.0,1.0,1.0,1,18.0,7688,7688,0.43478260869565216,0.0009427390527960789,1,1
"1.0, 0.0, [-28.000000000000004,28.000000000000004], [12.245733911266862,45.89], 4.0, [23.458872072,55.134877928], [-14.25,92.25], [0.4238195806150001,0.9961022953850001], [0.30436889625499997,0.939527587745], [-49.715,51.715], 0.0, 1.0, [0.654999771,1.324999771], [-40.730000000000004,84.73], [8.54,93.46000000000001], [-38.0,80.0], [3.999999999999993,88.0], [7.27928729,7.64063471], 6.0","sex, hospdead, scoma, avtisst, race, sps, aps, surv2m, surv6m, hday, dementia, ca, prg2m, dnrday, meanbp, wblc, hrt, ph, adls",2.0,0.1,1.0,1,3.5,7689,7689,0.41304347826086957,0.00018331037137701535,0,0
"1.0, 0.0, 1.0, [-28.000000000000004,28.000000000000004], [22.11,45.89], 4.0, [23.458872072,55.134877928], [-14.25,92.25], [0.4238195806150001,0.9961022953850001], [0.30436889625499997,0.939527587745], [-49.715,51.715], 0.0, 1.0, [0.654999771,1.324999771], [-40.730000000000004,84.73], [8.54,93.46000000000001], [0.3396151709583748,80.0], [3.999999999999993,88.0], 6.0","sex, hospdead, num.co, scoma, avtisst, race, sps, aps, surv2m, surv6m, hday, dementia, ca, prg2m, dnrday, meanbp, wblc, hrt, adls",2.0,0.1,1.0,1,3.5,7689,7689,0.41304347826086957,0.00018331037137701535,0,0
"[41.66838779999999,78.0695922], 0.0, [-47.69999999999999,193.7], [1096.63,2089.37], 0.0, 0.0, [10.195,19.805], [-17.5,17.5], [-84605.20000000001,358643.2], [17.689999999999998,51.31], [0.38289917040500004,1.090977783595], [0.346807861725,0.9630065922750001], 0.0, [0.6499997,0.9499997], [-8.180000000000007,154.18], [50.41499999999999,183.585], [-26.1015625,55.8984375], [-29.28875000000002,462.60125000000005], [1.1725412145000003,4.4270681855], [-4.5556982412,7.1553076212], [7.303120045,7.655863954999999], 0.0","age, hospdead, slos, d.time, dzgroup, num.co, edu, scoma, totcst, avtisst, surv2m, surv6m, dementia, prg6m, dnrday, meanbp, wblc, pafi, alb, crea, ph, adls",3.0,0.03125,0.5,1,22.5,7703,7703,0.4782608695652174,0.0011784238159950986,1,2
"[19.724077700000002,57.779882300000004], 0.0, 0.0, 1.0, 2.0, [0.995000000000001,23.005], [-12.45,24.45], 3.0, [-9.5324735495,42.930911149500005], [-24.21,48.21], [0.60101806643,1.18877685557], 0.0, 1.0, 2.0, [55.0,193.0], [-4.150000000000002,56.150000000000006], [94.7575,481.2425], [-14.6105754842,16.2104290042], [114.6,159.4], [7.20037078,7.57892522], [-130.64802498999995,404.64802498999995], [-27.299999999999997,87.3], [-1735.0,3755.0], 6.0","age, sex, hospdead, dzclass, num.co, edu, avtisst, race, sps, aps, surv6m, diabetes, ca, dnr, hrt, resp, pafi, bili, sod, ph, glucose, bun, urine, adlp",2.0,1.0,1.0,1,4.0,7722,7722,0.5217391304347826,0.00020949756728801754,1,1
"0.0, 0.0, 0.0, [-36.2,52.2], [-357444.07999999996,169370.25], [-152586.9062,201569.62], [-22.2421314965,48.0390064965], [-27.21,57.660000000000004], [0.37025390654,0.9253845218750001], 0.0, 2.0, [-71.87,97.87], [19.8,52.2], [7.0767823750000005,7.7819380549999995], [-219.63202890999997,553.1980993408279], [-2.0145071922753894,3.1189584572567193]","death, sex, hospdead, slos, charges, totcst, sps, aps, surv6m, dementia, dnr, dnrday, resp, ph, glucose, adlsc",4.0,0.3540925979614258,0.8125,1,37.54466675194273,9895,7723,0.34782608695652173,0.001966379087292829,52,64
"[37.6594865,95.57049350000001], 0.0, 2.0, 2.0, [2.459999999999999,23.54], 1.0, [-29.729999999999997,59.73], [0.703038330095,0.964930419905], [-48.980000000000004,50.980000000000004], 0.0, 0.0, 0.0, [0.0050000000000000044,0.595], [58.995,169.005], [71.5,164.5], [2.4625717325,6.1370376675000005], [-15.425014500000001,16.024990080000002], [7.30923886,7.5501371399999995], [-39.715,99.715], 0.0, 1.0, [-1.47563477,3.47563477]","age, hospdead, dzclass, num.co, edu, race, aps, surv2m, hday, diabetes, dementia, ca, prg6m, meanbp, hrt, alb, bili, ph, bun, adlp, adls, adlsc",2.0,1.0,1.0,1,2.0,7724,7724,0.4782608695652174,0.00010474878364400877,1,1
"[55.76868675,109.54319325], 1.0, 0.0, [-95.7,111.7], [-331.94,437.94], 1.0, [-1.3100000000000023,32.31], 4.0, [1.0753074674999965,55.5184425325], [-1.2399999999999984,61.239999999999995], [0.16906127977499996,0.500860596225], [-21.785,23.785], [0.534999809,0.8649998090000001], 1.0, [-47.125,45.125], [-53.20019531,68.79980469], [-4.5,214.5], [-3.650000000000002,47.650000000000006], [33.34783795,38.245922050000004], [-5.487587277599999,7.687294317599999], [7.21427782,7.5240041799999995], [-30.615000000000002,70.61500000000001], 0.0, 0.0","age, death, hospdead, slos, d.time, dzgroup, avtisst, race, sps, aps, surv6m, hday, prg2m, dnr, dnrday, wblc, hrt, resp, temp, crea, ph, bun, adlp, adls",0.0,0.1,1.0,1,7.0,7776,7776,0.5217391304347826,0.0003666207427540307,0,0
"[59.64673775,96.87524225000001], 1.0, 2.0, 3.0, [-31.0,31.0], [0.05000000000000071,36.95], [7.57,54.43], [0.47783447231,0.92402099569], [0.23558105496000004,0.84229980504], 0.0, 1.0, 1.0, [-95.095,93.095], [34.0,172.0], [3.8000000000000007,36.2], [-4.7556494112,6.9553564512], 2.0, [0.49508368199999997,3.1829157180000003]","age, death, dzgroup, num.co, scoma, avtisst, aps, surv2m, surv6m, dementia, ca, dnr, dnrday, hrt, resp, crea, adlp, adlsc",4.0,1.0,1.0,1,4.0,7794,7794,0.391304347826087,0.00020949756728801754,1,1
"[25.43163974887259,76.56347350000001], [0.995000000000001,23.13], [-14.419999999999998,37.60871777313924], [-46.04,48.04], 0.0, 2.0, [-63.60058594,46.796875], [0.4251434650000001,7.774075335000001], [-8.349599079799999,11.1494037598], [100.42835011374598,144.72], [-0.601552641,1.5911524410000002]","age, edu, avtisst, hday, dementia, dnr, wblc, alb, bili, sod, adlsc",4.0,0.22242724180804663,0.7403508771929824,1,37.40771353829902,9996,7806,0.2391304347826087,0.001959206246020171,211,285
"[59.56126810000001,90.9986719], 1.0, 0.0, [-113.00000000000001,125.00000000000001], 2.0, 1.0, 0.0, [-34.0,34.0], [-292872.83,305050.83], [-13.470000000000002,41.47], 4.0, [-6.170000000000002,32.17], 0.0, 1.0, [0.49499971400000004,1.104999714], [-0.065,0.665], 1.0, [50.5,209.5], [117.331875,530.168125], [-6.1789330309,7.1789330309], [124.08,143.92], [6.84299833,7.1355176700000005], [-31.795,61.795], [-0.16708496299999998,2.1670849629999998]","age, death, sex, slos, dzgroup, dzclass, income, scoma, charges, avtisst, race, aps, dementia, ca, prg2m, prg6m, dnr, hrt, pafi, crea, sod, ph, bun, adlsc",4.0,0.1,1.0,1,5.0,7813,7813,0.5217391304347826,0.0002618719591100219,0,0
"[54.159666900000005,105.4522731], 0.0, 0.0, [-100.9,126.9], 0.0, 1.0, [3.01,20.990000000000002], [-13.0,13.0], [16.38,42.620000000000005], 4.0, [1.769778088999999,35.425534311], [0.60881591831,1.0550024416900001], [0.43836303731500004,1.111441650685], [-40.160000000000004,42.160000000000004], 0.0, 1.0, 0.0, [-73.64500000000001,77.64500000000001], [68.4,145.6], [-68.10058594,81.89941406], [-5.050000000000004,57.050000000000004], [32.64951525,38.14736475], [1.0604272519999998,6.939572748], [-4.2981882446999995,6.497895284699999], [120.75999999999999,157.24], [-1.1573388709999999,3.157338871]","age, death, hospdead, slos, dzgroup, num.co, edu, scoma, avtisst, race, sps, surv2m, surv6m, hday, dementia, ca, dnr, dnrday, meanbp, wblc, resp, temp, alb, crea, sod, adlsc",4.0,0.1,1.0,1,1.5,7819,7819,0.5652173913043478,7.856158773300657e-05,0,0
"[54.159666900000005,105.4522731], 0.0, 0.0, [-100.9,126.9], 0.0, 1.0, [3.01,20.990000000000002], [-13.0,13.0], 4.0, [1.769778088999999,35.425534311], [0.60881591831,1.0550024416900001], [-40.160000000000004,42.160000000000004], 1.0, 0.0, [-73.64500000000001,77.64500000000001], [68.4,145.6], [-68.10058594,81.89941406], [-5.050000000000004,57.050000000000004], [32.64951525,38.14736475], [1.0604272519999998,6.939572748], [-4.2981882446999995,6.497895284699999], [120.75999999999999,157.24], [1404.9999999999998,5095.0], [-1.1573388709999999,3.157338871]","age, death, hospdead, slos, dzgroup, num.co, edu, scoma, race, sps, surv2m, hday, ca, dnr, dnrday, meanbp, wblc, resp, temp, alb, crea, sod, urine, adlsc",4.0,0.1,1.0,1,1.5,7819,7819,0.5217391304347826,7.856158773300657e-05,0,0
"1.0, [-19.6,75.6], 2.0, [17.27,40.230000000000004], [0.003199463280000009,0.46878540071999997], [0.014570312244999994,0.327409667755], [-52.655,54.655], 0.0, 1.0, [-0.13,0.13], 2.0, [-90.08,146.07999999999998], [56.75,153.25], [33.24986715,40.54701285], [234.899375,612.600625], [-14.039502335800002,18.0395023358], [-120.16802009,310.16802009], [-51.89500000000001,79.89500000000001]","sex, slos, num.co, avtisst, surv2m, surv6m, hday, dementia, ca, prg6m, dnr, dnrday, meanbp, temp, pafi, bili, glucose, bun",1.0,1.0,1.0,1,1.0,7836,7836,0.391304347826087,5.2374391822004384e-05,1,1
"1.0, 0.0, [-33.099999999999994,113.1], [725.42,2062.58], 0.0, 1.0, [-13.0,31.0], [-13.61,44.61], [14.079999999999998,87.92], [0.203863525725,0.8200622562750001], 1.0, [0.224999905,0.974999905], [0.3199999,0.8799999000000001], 2.0, [-57.78500000000001,137.78500000000003], [19.47,100.53], [-8.0,28.0], [-0.6961438742999997,12.2957532543], [2.214545903,4.124321297]","sex, hospdead, slos, d.time, dzgroup, num.co, scoma, avtisst, aps, surv6m, ca, prg2m, prg6m, dnr, dnrday, meanbp, resp, crea, adlsc",4.0,0.013168724279835387,0.6666666666666666,1,6.333333333333333,7843,7843,0.41304347826086957,0.00033170448153936106,0,0
"1.0, [182.67999999999995,1479.3200000000002], [6.08,25.92], [-180957.81,378297.62], 0.0, 2.0, [-72.095,116.095], [-52.80078125,67.19921875], [-5.5704740942,6.8572055116]","death, d.time, edu, charges, ca, dnr, dnrday, wblc, crea",4.0,0.563336818558437,0.891566265060241,1,27.667359010198144,9977,7855,0.1956521739130435,0.001449061101480181,74,83
"0.0, [-5.699999999999989,235.7], [1373.6799999999998,2670.32], 0.0, 1.0, [496667.63,916486.37], [24.31,52.19], 4.0, [7.237933199499999,53.7620668005], [120.07,175.93], 0.0, 0.0, [0.724999619,1.074999619], [0.7449996,1.0549996], 2.0, [-36.4023438,85.5976562], [100.0,244.0], [37.0975447,40.4962153], [-145.79250499999995,372.448745], [-5.0725428746,6.272494054599999], [110.0,158.0], [0.925117228,4.603203172000001]","death, slos, d.time, dzclass, num.co, charges, avtisst, race, sps, hday, diabetes, dementia, prg2m, prg6m, dnr, wblc, hrt, temp, pafi, crea, sod, adlsc",2.0,1.0,1.0,1,3.0,7879,7879,0.4782608695652174,0.00015712317546601315,1,1
"1.0, [-344.81,404.81], 4.0, [-10.431225379500003,71.206380307], [0.3831665035499999,1.04676513645], [-52.655,54.655], [-124.685,7.96028152011651], [40.94499999999999,93.055], [-17.8007812,52.3984375], [-2.7342148619,5.1341172019]","death, d.time, race, sps, surv6m, hday, dnrday, meanbp, wblc, crea",0.0,0.07277707679309771,0.5921052631578947,1,26.118482290311174,9943,7880,0.21739130434782608,0.0013679396252688398,90,152
"1.0, [-344.81,404.81], [-10.431225379500003,71.206380307], [0.3831665035499999,1.04676513645], [-52.655,54.655], 0.0, [-124.685,7.96028152011651], [40.94499999999999,93.055], [-17.8007812,52.3984375], [-2.7342148619,5.1341172019]","death, d.time, sps, surv6m, hday, diabetes, dnrday, meanbp, wblc, crea",0.0,0.08315798745448,0.6081081081081081,1,22.575092057598095,9943,7880,0.21739130434782608,0.0011823567168424618,90,148
"[75.43794799999999,108.529952], 1.0, 0.0, [121.11000000000001,1194.8899999999999], 0.0, 3.0, [-16.5,16.5], [-255441.49000000002,266151.49], [-21.24,41.239999999999995], [0.660960693655,0.9169201663450001], 0.0, [-61.730000000000004,63.730000000000004], [-42.701171880000004,59.298828119999996], [24.5,135.5], [-0.8595117119999998,5.859511712], [-1.9002326250999997,6.7000373051], [125.2,150.8], [-725.0,3325.0], [1.387250993,4.004350607]","age, death, hospdead, d.time, dzgroup, income, scoma, charges, aps, surv6m, diabetes, dnrday, wblc, hrt, alb, crea, sod, urine, adlsc",4.0,1.0,1.0,1,5.0,7893,7893,0.41304347826086957,0.0002618719591100219,1,1
"1.0, 0.0, [-55.39999999999999,87.39999999999999], [-352.81,396.81], 4.0, 1.0, [-13.5,13.5], [-204434.26,228106.26], [-70686.2891,87616.7109], [-17.060000000000002,37.06], [-23.821491262499997,50.4191474625], [-10.21,62.21], 0.0, [-0.16,0.16], [-0.35000000000000003,0.35000000000000003], [-48.97,46.97], [-43.80078119999999,72.1992188], [-41.500000000000014,165.5], [96.18187499999999,684.693125], [0.6627670324999999,4.3372329675], [-144.90402351999995,358.90402351999995]","death, sex, slos, d.time, dzgroup, num.co, scoma, charges, totcst, avtisst, sps, aps, dementia, prg2m, prg6m, dnrday, wblc, hrt, pafi, alb, glucose",0.0,1.0,1.0,1,6.0,7894,7894,0.45652173913043476,0.0003142463509320263,1,1
"[44.80134695,95.26665305], [836.64,2295.36], 3.0, [-281554.5,354534.5], [-195219.9193907,245466.6069907], 4.0, [-28.86,64.86], [0.23434204076499998,0.709627685235], [-40.895,42.895], 2.0, [-18.35,38.35], [36.44439515,39.74310485], [125.4,160.6], [7.292700475,7.765893524999999], 0.0","age, d.time, dzclass, charges, totmcst, race, aps, surv2m, hday, dnr, resp, temp, sod, ph, adls",3.0,1.0,1.0,1,10.0,7898,7898,0.32608695652173914,0.0005237439182200439,1,1
"1.0, [-45.4,63.4], [-575.58,761.58], 1.0, 1.0, 6.0, [-19.5,19.5], [-176711.3006322,192896.75375220002], [-21.200000000000003,36.2], 4.0, [-2.5071615069999993,54.905599107], 0.0, 1.0, [0.414999752,1.1049997520000001], [-122.77000000000001,120.77000000000001], [31.505000000000003,114.495], [-7.750000000000002,23.75], [35.84482525,41.34267475], [-1.344864659,4.144669339], [60.32798089000002,469.67201910999995], [-390.0,2400.0], 2.0, [-1.5207470730000001,1.5207470730000001]","death, slos, d.time, dzgroup, dzclass, num.co, scoma, totmcst, avtisst, race, sps, dementia, ca, prg2m, dnrday, meanbp, resp, temp, crea, glucose, urine, adlp, adlsc",2.0,1.0,1.0,1,8.0,7920,7920,0.5,0.00041899513457603507,1,1
"[28.040187399999997,71.05979260000001], 0.0, 0.0, 0.0, 1.0, [150723.05,850420.95], [41.09,62.41], 4.0, [5.760000000000002,68.24], [0.5454736328400001,1.07635253916], 0.0, [0.29000000000000004,0.71], [92.92,329.08], [-42.201171880000004,61.798828119999996], [-9.700000000000003,49.7], [34.04756425,37.54619575], [-24.43062500000002,476.243125], [-12.5090507536,13.908953093600001], [-3.6811238913000004,7.4809285713], [121.12,142.88], [-22.75,72.75]","age, sex, hospdead, dzclass, income, charges, avtisst, race, aps, surv6m, diabetes, prg2m, dnrday, wblc, resp, temp, pafi, bili, crea, sod, bun",3.0,1.0,1.0,1,3.0,7927,7927,0.45652173913043476,0.00015712317546601315,1,1
"1.0, 0.0, [-48.3,84.3], [-231.76,821.76], 0.0, 0.0, [2.5,71.5], [-332754.07,468718.07], [18.316657,47.016657], 4.0, [31.823994143999997,95.176005856], [-0.189144287085,0.189144287085], [-15.375,21.375], [0.09999985700000003,0.699999857], 2.0, [-89.00999999999999,125.00999999999999], [-50.5,67.5], [4.499999999999993,127.5], [7.85,32.15], [36.5943365,39.5931635], [121.08,156.92000000000002], [-21.155,57.155], [0.22569339399999988,3.479384806]","death, hospdead, slos, d.time, dzgroup, dzclass, scoma, charges, avtisst, race, sps, surv2m, hday, prg2m, dnr, dnrday, wblc, hrt, resp, temp, sod, bun, adlsc",4.0,0.1,1.0,1,5.0,7931,7931,0.5,0.0002618719591100219,0,0
"1.0, 0.0, [-48.3,84.3], [-231.76,821.76], 0.0, [2.5,71.5], [-332754.07,468718.07], [18.316657,47.016657], 4.0, [31.823994143999997,95.176005856], [-0.189144287085,0.189144287085], [-15.375,21.375], 0.0, 2.0, [-89.00999999999999,125.00999999999999], [-50.5,67.5], [4.499999999999993,127.5], [7.85,32.15], [36.5943365,39.5931635], [121.08,156.92000000000002], [0.22569339399999988,3.479384806]","death, hospdead, slos, d.time, dzgroup, scoma, charges, avtisst, race, sps, surv2m, hday, dementia, dnr, dnrday, wblc, hrt, resp, temp, sod, adlsc",4.0,0.1,1.0,1,5.0,7931,7931,0.45652173913043476,0.0002618719591100219,0,0
"[44.4572671,92.44067290000001], 1.0, [126.1,217.9], 0.0, 0.0, 2.0, 0.0, [-33.0,33.0], [64827.06,650028.94], 4.0, [9.4067775485,49.991660051500006], 0.0, 1.0, [-0.025000072000000012,0.42499992799999997], [111.115,232.885], [-9.899999999999999,45.9], [34.2012903,40.7987097], [0.20988406199999998,3.9893347379999997], [-7.925197600000001,23.52480698], 1.0","age, hospdead, slos, dzgroup, dzclass, num.co, income, scoma, charges, race, sps, diabetes, ca, prg2m, dnrday, resp, temp, alb, bili, adls",3.0,1.0,1.0,1,6.0,7933,7933,0.43478260869565216,0.0003142463509320263,1,1
"1.0, 1.0, [-66.6,96.6], 0.0, [7.505,16.495], 3.0, [8.5,79.5], 4.0, [0.45739868155499996,1.068480224445], [-15.340000000000003,49.34], [0.299999905,0.899999905], [75.20500000000001,391.41999999999996], [7.22552774,7.67291026], [-1505.0,4255.0], 0.0, [-1.06098633,1.06098633]","death, sex, slos, dzclass, edu, income, scoma, race, surv2m, hday, prg2m, pafi, ph, urine, adls, adlsc",3.0,1.0,1.0,1,4.0,7944,7944,0.34782608695652173,0.00020949756728801754,1,1
"1.0, 1.0, 1.0, [114.4,209.6], 1.0, [-34.0,34.0], [-87933.30000000005,802591.3], [38848.53999999998,456768.46], [119000.931006,403314.818994], [26.03,60.47], [15.6464955165,64.1503794835], [0.47180419961000003,0.7239965823900001], 0.0, 0.0, 1.0, [-2.6000000000000014,58.6], [36.6975056,39.896254400000004], [0.4278738455000002,5.572126154499999], [-143.87203136,527.8720313599999], 0.0","death, sex, hospdead, slos, num.co, scoma, charges, totcst, totmcst, avtisst, sps, surv2m, diabetes, dementia, ca, resp, temp, alb, glucose, adls",3.0,1.0,1.0,1,8.0,7945,7945,0.43478260869565216,0.00041899513457603507,1,1
"[30.958016849999996,83.07792315], 1.0, 0.0, [-64.7,74.7], [-633.49,845.49], [4.08,23.92], 0.0, [25.5,96.5], [-449633.97,479055.97], [0.168599853435,0.857279052565], [-36.955000000000005,40.955000000000005], 1.0, [-0.04000003600000002,0.239999964], [93.91,144.09], [-46.70117189999999,69.2988281], [-6.418125000000003,406.41812500000003], [-3.6897293079999995,7.289338688], [7.24603574,7.69341826], [148.30398677,431.69601323], [-14.660000000000004,84.66], [1010.0,6590.0]","age, death, hospdead, slos, d.time, edu, income, scoma, charges, surv2m, hday, ca, prg2m, meanbp, wblc, pafi, crea, ph, glucose, bun, urine",3.0,1.0,1.0,1,1.0,7959,7959,0.45652173913043476,5.2374391822004384e-05,1,1
"0.0, 0.0, [-100.1,114.1], 1.0, 2.0, 2.0, [-12.5,12.5], [-464835.86,476575.86], [-7.894003751500001,32.6908787515], [2.3399999999999963,67.66], [0.61169921922,1.11608398478], [-21.785,23.785], [0.03999992799999999,0.359999928], [-63.575,65.575], [-22.30078125,39.69921875], [-5.25,53.25], [33.4965612,39.894058799999996], [0.7151739830000006,8.484044817000001], 3.0","death, sex, slos, dzclass, num.co, income, scoma, charges, sps, aps, surv2m, hday, prg2m, dnrday, wblc, resp, temp, alb, adls",4.0,1.0,1.0,1,3.0,7963,7963,0.41304347826086957,0.00015712317546601315,1,1
"[45.6977866,101.95419340000001], 1.0, 0.0, 0.0, [-72.3,58.6], [-346.20000000000005,485.85], 7.0, 3.0, [-139634.6492,145310.7508], 1.0, [11.019620973999999,52.5592561305], [0.32880004891500003,0.707088623085], [0.3265455266243376,0.46074462889], 0.0, 0.0, [-29.4003906,50.5996094], [90.0,180.0], [121.0,137.0]","age, death, sex, hospdead, slos, d.time, dzgroup, income, totcst, race, sps, surv2m, surv6m, dementia, ca, wblc, hrt, sod",0.0,0.0,0.0,1,27.0,7986,7986,0.391304347826087,0.0014141085791941183,0,1
"[57.100107550000004,97.63781245], 1.0, 1.0, 0.0, [-81.7,91.7], 1.0, [3.04,12.96], [-219480.15000000002,225782.15000000002], 4.0, [-1.8599999999999994,91.86], [0.65359619143,1.02218505857], [0.45532592813500006,1.014644775865], 0.0, 0.0, 1.0, [0.49499979999999993,0.9049997999999999], [-68.8,78.8], [-13.375,131.375], [10.899999999999999,45.1], [32.64669805,39.74392195], [-4.1555517612,7.5554541012000005], [5.259999999999998,58.74], [465.0,4515.0]","age, death, sex, hospdead, slos, dzclass, edu, charges, race, aps, surv2m, surv6m, diabetes, dementia, ca, prg6m, dnrday, meanbp, resp, temp, crea, bun, urine",3.0,0.0003200000000000001,0.2,1,25.8,7997,7997,0.5,0.0013512593090077131,1,5
"[55.71123624999999,117.75874375000001], 1.0, 1.0, [-38.3,60.3], 4.0, [-34.0,34.0], [-226965.358,241611.522], 4.0, [0.42986084031000005,0.87604736369], [-49.715,51.715], 0.0, 0.0, 0.0, [34.0961311,38.2944889], [181.19,602.81], [125.4,144.6], [45.10397452000001,590.8960254799999], [-1.6949999999999967,53.69499999999999], 5.0, [3.726816404,6.273183596]","age, death, sex, slos, num.co, scoma, totcst, race, surv2m, hday, diabetes, dementia, ca, temp, pafi, sod, glucose, bun, adls, adlsc",4.0,1.0,1.0,1,2.0,8007,8007,0.43478260869565216,0.00010474878364400877,1,1
"[37.43708654999999,99.08713155000001], 0.0, [-67.2,52.2], 2.0, [-22.2421314965,48.0390064965], [0.26176391566499996,0.8400427243349999], 0.0, [-46.660000000000004,56.660000000000004], [34.54974985,41.247130150000004], [2.0799756160000005,7.119243184], 0.0","age, hospdead, slos, dzgroup, sps, surv6m, diabetes, dnrday, temp, alb, adlp",4.0,0.3540925979614258,0.8125,1,28.66064934912,9881,8008,0.2391304347826087,0.0015010840788838857,13,16
"1.0, 0.0, [-72.3,94.3], [-245.76999999999998,341.77], 2.0, [-4.3149999999999995,18.314999999999998], [8.399999999999999,93.6], [-32.075,34.075], 0.0, 0.0, [-17.8007812,110.88249601171762], [-59.0,139.0], [36.0963266,41.2942934]","death, sex, slos, d.time, dzclass, edu, aps, hday, diabetes, dnr, wblc, hrt, temp",0.0,0.26150027784488145,0.7647058823529411,2,27.616448343244798,9785,8012,0.2826086956521739,0.002892789372522494,13,17
"1.0, [-95.7,111.7], 1.0, 3.0, [-17.5,17.5], [-8.26,21.259999999999998], 1.0, [-2.8076284770000015,34.807628477], [0.114449463315,0.7875280766849999], 0.0, 0.0, 2.0, [29.574999999999996,116.42500000000001], [27.0,153.0], [-5.5130373377,7.1128908577], 2.0, [0.974379881,3.025620119]","death, slos, num.co, income, scoma, avtisst, race, sps, surv6m, diabetes, ca, dnr, meanbp, hrt, crea, adls, adlsc",0.0,1.0,1.0,1,2.0,8025,8025,0.3695652173913043,0.00010474878364400877,1,1
"0.0, 0.0, [79.35999999999996,646.6400000000001], 2.0, [7.0,75.0], [-1.874068447500001,62.4678184475], [0.18723754867499998,0.720721435325], [-36.22,40.22], 0.0, 1.0, 2.0, [-61.1015625,78.8984375], [33.598131200000005,39.9956288], [0.3602319519999999,6.239377448000001], [-15.639538955800003,16.4394657158], [7.253316045,7.606059954999999], [-220.88002939999996,408.88002939999996], [-11.379999999999995,57.379999999999995]","death, hospdead, d.time, income, scoma, sps, surv2m, hday, diabetes, dementia, dnr, wblc, temp, alb, bili, ph, glucose, bun",3.0,1.0,1.0,1,3.0,8028,8028,0.391304347826087,0.00015712317546601315,1,1
"[-33.900000000000006,57.900000000000006], 0.0, 0.0, 0.0, [-313291.17000000004,360963.17000000004], [-244203.1275889,281777.5651889], [9.870000000000001,45.129999999999995], 4.0, [1.6563060034999992,71.93744399650001], [24.17,127.83], [0.12854248083999997,0.65942138716], 1.0, 0.0, [-89.405,91.405], [-12.450000000000003,24.450000000000003], [34.44920245,38.34767755], [7.29319333,7.58571267], [-214.11203381,510.11203381], [-62.715,76.715], [3925.0,8695.0], 1.0","slos, dzgroup, dzclass, income, charges, totmcst, avtisst, race, sps, aps, surv6m, ca, dnr, dnrday, resp, temp, ph, glucose, bun, urine, adls",2.0,1.0,1.0,1,5.0,8050,8050,0.45652173913043476,0.0002618719591100219,1,1
"1.0, [-92.1,122.1], 4.0, [4.04,13.96], [-66132.8984,92170.1016], [-2.0433359999999983,23.376663999999998], 4.0, [0.360997314095,0.622889403905], 0.0, 0.0, [0.374999809,1.024999809], 2.0, [-71.715,101.715], [60.47,141.53], [-26.0,36.0], [-18.0,138.0], [-4.487831417599999,8.6870501776], 6.0, [5.045112303,6.954887697]","death, slos, num.co, edu, totcst, avtisst, race, surv2m, diabetes, ca, prg2m, dnr, dnrday, meanbp, wblc, hrt, crea, adls, adlsc",3.0,1.0,1.0,1,1.0,8054,8054,0.41304347826086957,5.2374391822004384e-05,1,1
"1.0, 0.0, 0.0, 3.0, 4.0, [0.12504394537000002,0.6748828126299999], 1.0, [12.485,149.515], [-43.690124239364394,47.3984375], [-9.5,137.5], [-4.689607238,6.289460758]","death, sex, hospdead, dzclass, race, surv6m, ca, meanbp, wblc, hrt, crea",3.0,0.004115226337448558,0.3333333333333333,1,12.6,8291,8065,0.2391304347826087,0.0006599173369572553,2,6
"1.0, [-41.900000000000006,49.900000000000006], [-193042.3612,237541.79880000002], [-10.431225379500003,71.206380307], [-109.235,123.235], [10.149999999999999,39.85]","hospdead, slos, totcst, sps, dnrday, resp",0.0,1.0,1.0,2,40.67183364260321,9965,8067,0.13043478260869565,0.004435041717318627,363,363
"0.0, [-100.30000000000001,134.3], [3.5,78.5], 4.0, [-15.369006039000006,49.962756039000006], [0.6368432616099999,0.88903564439], [0.43567016554499993,0.938109130455], [-15.375,21.375], 0.0, 2.0, [0.425,1.075], [0.4549999,0.7449999], [-53.70019531,64.29980469], [13.399999999999999,38.6], [36.55998530000002,351.4400147], [-19.245000000000005,55.245000000000005], [-900.0000000000005,5400.0], [-0.48538086199999997,2.485380862]","hospdead, slos, scoma, race, sps, surv2m, surv6m, hday, dementia, ca, prg2m, prg6m, wblc, resp, glucose, bun, urine, adlsc",0,0.1,1.0,1,3.0,8084,8084,0.391304347826087,0.00015712317546601315,0,0
"1.0, [-30.6,64.6], [-110.38,416.38], 2.0, [1.924999999999999,22.075000000000003], 0.0, [-36.0,36.0], [-411312.52,453768.52], [-95963.0478,119329.03220000002], [-13.599999999999998,35.599999999999994], 0.0, 2.0, [-112.15,146.15], [48.875,97.125], [5.149999999999999,34.85], [2.4047040210000006,6.394124179], [-5.2131105777,7.4128176177], [129.16,152.84], 1.0","death, slos, d.time, dzgroup, edu, income, scoma, charges, totcst, avtisst, diabetes, dnr, dnrday, meanbp, resp, alb, crea, sod, adlp",2.0,0.03125,0.5,1,25.0,8095,8095,0.41304347826086957,0.0013093597955501097,1,2
"1.0, 0.0, [-7.0,129.0], [-192.41000000000008,962.4100000000001], 0.0, 2.0, [3.629999999999999,20.37], 0.0, [20.189999999999998,53.81], [8.5249977125,33.271877287500004], [-5.409999999999997,95.41], [0.56337402372,1.01841308628], [-37.955000000000005,39.955000000000005], 1.0, 0.0, 1.0, [0.15499995200000002,0.444999952], [-0.08500010000000002,0.48499990000000004], [-0.40000000000000036,28.4], [33.44818985,40.145570150000005], [91.423125,521.826875], [1.0875930375,3.7122115625], [7.16828172,7.65007828], [-204.35203625999998,572.35203626], [-15.57,87.57], [-1.0963525410000001,1.0963525410000001]","sex, hospdead, slos, d.time, dzclass, num.co, edu, income, avtisst, sps, aps, surv6m, hday, diabetes, dementia, ca, prg2m, prg6m, resp, temp, pafi, alb, ph, glucose, bun, adlsc",3.0,1.0,1.0,1,2.0,8116,8116,0.5652173913043478,0.00010474878364400877,1,1
"[66.60888815,97.21899185], [227.10000000000002,834.9], 1.0, [-25.5,25.5], [-313618.2904054086,159299.9361], [1.5399999999999991,38.46], [0.724344482065,1.005635985935], [-27.665000000000003,29.665000000000003], 0.0, 1.0, 0.0, [33.155,96.845], [15.499999999999993,120.5], [29.408749999999998,451.02875], [122.44,159.56], [-44.85000000000001,88.85000000000001], 1.0, [-0.34391601800000005,2.343916018]","age, d.time, dzclass, scoma, totcst, aps, surv2m, hday, dementia, ca, dnr, meanbp, hrt, pafi, sod, bun, adlp, adlsc",4.0,0.1,1.0,1,1.5,8148,8148,0.391304347826087,7.856158773300657e-05,0,0
"0.0, [-70.6,92.6], [272.28,1163.72], [-3.9050000000000002,11.905000000000001], [-27.0,27.0], [-358755.51,391829.51], [-16.961599830500003,49.3600374305], [-19.25,87.25], [0.669742431915,1.048031006085], [0.6389880366549999,0.894947509345], 0.0, 1.0, 2.0, [-68.335,90.335], [24.0,204.0], [-5.0555761712,6.6554296912], 2.0","death, slos, d.time, edu, scoma, charges, sps, aps, surv2m, surv6m, diabetes, ca, dnr, dnrday, hrt, crea, adlp",2.0,0.0,0.0,1,19.333333333333332,8152,8152,0.3695652173913043,0.001012571575225418,0,3
"[45.181797450000005,87.37410255], 1.0, [-92.4,118.4], 0.0, 0.0, [-11.16,11.16], [-262724.95,436972.95], [-134393.35499999998,232869.60499999998], [-175718.1103904,279184.1103904], [0.37542724625,0.86041259775], 1.0, 1.0, 2.0, [-103.235,129.235], [-28.90039062,47.099609380000004], [8.249999999999998,39.75], [32.44818985,39.145570150000005], [-1.5272513054999997,5.9266653055], [-15.555502702199998,21.5555027022], [130.52,155.48], [16.620000000000005,85.38]","age, death, slos, dzgroup, dzclass, edu, charges, totcst, totmcst, surv2m, diabetes, ca, dnr, dnrday, wblc, resp, temp, alb, bili, sod, bun",3.0,0.03125,0.5,1,19.0,8162,8162,0.45652173913043476,0.0009951134446180834,1,2
"5.0, [3.01,20.990000000000002], 3.0, [-239413.06,447563.06], [-14882.138596100005,169921.8885961], [24.43,46.57], 1.0, [9.1468098465,37.8531901535], [11.57,58.43], [0.377227783375,1.104705810625], [0.38963378896,0.99635253904], [-24.195,30.195], 1.0, [-0.195,0.235], [-16.201171900000006,39.7988281], [12.75,35.25], [0.2925900585000001,6.9066287415], [-14.281502152600002,15.281502152600002], [-1.5664945183000003,7.7657132783], [-11.885000000000005,77.885], [2285.0,8315.0], 0.0","dzgroup, edu, income, charges, totmcst, avtisst, race, sps, aps, surv2m, surv6m, hday, ca, prg6m, wblc, resp, alb, bili, crea, bun, urine, adls",3.0,1.0,1.0,1,5.0,8168,8168,0.4782608695652174,0.0002618719591100219,1,1
"[30.725837449999997,72.91814255], 0.0, 0.0, [-84.3,116.3], [6.5400000000000205,857.46], 0.0, 1.0, [-166185.82,317241.82], [5.539870608000001,53.053879392], [-13.700000000000003,85.7], [0.5400476078850001,0.937735596115], [0.43991943318999993,0.87599853481], 0.0, 1.0, [0.369999905,0.829999905], [-83.63000000000001,115.63000000000001], [74.1,189.9], [-60.8007812,85.1992188], [34.4959747,37.8946453], [1.0724435145000002,4.3269704855], [-2.9642060078999997,8.5638153879], [124.2,165.8], [7.350439349999999,7.60854465], [75.17,124.83], [435.0,4215.0], 0.0, [-1.76831055,1.76831055]","age, death, hospdead, slos, d.time, dzclass, num.co, charges, sps, aps, surv2m, surv6m, diabetes, ca, prg2m, dnrday, meanbp, wblc, temp, alb, crea, sod, ph, bun, urine, adls, adlsc",2.0,1.0,1.0,1,14.0,8191,8191,0.5869565217391305,0.0007332414855080614,1,1
"1.0, 1.0, 0.0, 0.0, [20.37,55.629999999999995], [0.577965087795,1.033851318205], 1.0, 0.0, 2.0, [-0.5,134.5], [-1.7972451594999999,4.3968545594999995], [-3.1577426116,6.3574496516], [141.92,170.08], 6.0","death, sex, hospdead, dzclass, avtisst, surv2m, diabetes, dementia, dnr, hrt, alb, crea, sod, adls",2.0,1.0,1.0,1,5.0,8198,8198,0.30434782608695654,0.0002618719591100219,1,1
"0.0, [-36.2,52.2], [1599.0596723343347,2606.75], [-338105.06,558524.08], [-68877.2488,171743.3112], [-3.4854414345,45.3296629795], 0.0, 1.0, [0.6599999999999999,1.34], 2.0, [46.0,142.0], [-1.2000000000000028,49.2], [100.42835011374598,162.0], 1.0","hospdead, slos, d.time, charges, totcst, sps, dementia, ca, prg2m, dnr, hrt, resp, sod, adls",4.0,0.2373046875,0.75,1,32.25,9912,8199,0.30434782608695654,0.0016890741362596414,3,4
"0.0, [-73.80000000000001,109.80000000000001], [-397674.30000000005,492850.30000000005], 0.0, 0.0, 2.0, [-46.660000000000004,56.660000000000004], [15.0,141.0], [122.03999999999999,155.96], [-2.1927050820000002,2.202451174]","hospdead, slos, charges, dementia, ca, dnr, dnrday, hrt, sod, adlsc",4.0,0.24277230786404397,0.7534246575342466,1,23.916233190790926,9977,8202,0.21739130434782608,0.0012525981680409101,110,146
"[52.388846449999996,111.12715355], 1.0, 0.0, [-72.3,58.6], [-346.20000000000005,464.20000000000005], 2.0, [11.019620973999999,54.574129026], 0.0, 2.0, [3.5734765960000003,8.100351604]","age, death, sex, slos, d.time, num.co, sps, diabetes, dnr, adlsc",0.0,0.46266436603796024,0.8571428571428571,1,20.848,9878,8210,0.21739130434782608,0.0010919013207051473,6,7
"[18.652466499999996,76.56347350000001], [1080.63,2606.75], [0.995000000000001,23.005], [-338105.06,558524.08], [-3.4854414345,41.665881039000006], [-21.325249987770533,23.785], 0.0, 1.0, [-13.203125,76.39941406], [46.0,139.0]","age, d.time, edu, charges, sps, hday, dementia, ca, wblc, hrt",4.0,0.18729558609232272,0.7153284671532847,1,30.571497854192643,9996,8219,0.21739130434782608,0.0016011636072010517,98,137
"[65.13592815,95.74603185], 1.0, 0.0, 0.0, [4.715,19.285], 0.0, [22.810000000000002,71.19], [18.6265602125,43.373439787500004], [32.15,81.85], [0.164205322015,0.647684325985], 1.0, [-67.53,205.53], [-1.8299999999999983,117.83], [35.1950794,41.9924206], [-4.489533998,6.489533998], 1.0","age, death, dzgroup, dzclass, edu, income, avtisst, sps, aps, surv6m, ca, dnrday, meanbp, temp, crea, adls",3.0,0.004115226337448558,0.3333333333333333,1,31.333333333333332,8224,8224,0.34782608695652173,0.0016410642770894707,1,3
"[51.465967,101.103973], 1.0, [-80.60000000000001,150.60000000000002], [634.54,1485.46], 0.0, 0.0, [9.49,22.509999999999998], [-99663.76679309999,227297.2043931], [11.428183290999996,56.962441709000004], [13.979999999999997,102.02000000000001], [0.14472045952499996,0.7752014164750001], [0.13238281266000002,0.5495019533400001], [-28.400000000000002,30.400000000000002], 0.0, 2.0, [-18.504999999999995,88.505], [33.4,110.6], [76.49999999999999,283.5], [-8.899999999999999,28.9], [35.2974665,38.296293500000004], [-76.53999999999999,204.54], [-5.2385606378,6.8384141578], [-39.89500000000001,91.89500000000001], 1.0","age, sex, slos, d.time, dzgroup, dzclass, edu, totmcst, sps, aps, surv2m, surv6m, hday, dementia, dnr, dnrday, meanbp, hrt, resp, temp, pafi, crea, bun, adls",3.0,1.0,1.0,1,11.0,8243,8243,0.5217391304347826,0.0005761183100420483,1,1
"0.0, 0.0, [-373082.39999999997,390224.39999999997], 4.0, 1.0, [-119.08,117.08], [-15.110000000000007,89.11000000000001], [-9.5,137.5], [-0.6999999999999993,40.7], [1.8776235555,4.9221810445], [-1845.0,4905.0], [2.9785498390000003,6.585903361000001]","hospdead, dzgroup, charges, race, ca, dnrday, meanbp, hrt, resp, alb, urine, adlsc",3.0,0.004115226337448558,0.3333333333333333,1,17.0,9326,8253,0.2608695652173913,0.0008903646609740746,1,3
"1.0, 1.0, [-85.2,105.2], [334.32,1063.68], [-18.5,18.5], [6.77,50.230000000000004], 1.0, [0.718719482125,0.9612121578749999], [-36.955000000000005,40.955000000000005], 0.0, [0.559999714,1.039999714], 2.0, [6.899999999999999,41.1], [1.2374527275,5.9617660725]","death, sex, slos, d.time, scoma, avtisst, race, surv2m, hday, dementia, prg2m, dnr, resp, alb",3.0,0.004115226337448558,0.3333333333333333,1,34.666666666666664,8255,8255,0.30434782608695654,0.0018156455831628184,1,3
"1.0, [-39.3,59.3], 1.0, 2.0, [2.0949999999999998,17.905], 3.0, [-21.5,21.5], [-386005.07,415467.07], [-11.380000000000003,44.38], [0.5044337484999986,41.0893162515], [-28.54,76.53999999999999], [-44.57,46.57], 0.0, 1.0, 1.0, [45.98,100.02000000000001], [-61.40039062,66.59960938], [97.5,262.5], [34.24466885,38.94283115], [-0.9547222709999996,5.554331671], [-3.9792260009,9.3786400609], [120.96,151.04], [-18.804999999999993,116.80499999999999], [-1680.0,3180.0], [6.080478514,7.919521486]","sex, slos, dzclass, num.co, edu, income, scoma, charges, avtisst, sps, aps, hday, diabetes, dementia, ca, meanbp, wblc, hrt, temp, alb, crea, sod, bun, urine, adlsc",3.0,0.1,1.0,1,2.0,8260,8260,0.5434782608695652,0.00010474878364400877,0,0
"[18.652466499999996,76.56347350000001], 1.0, 0.0, [-36.2,62.4], 0.0, 2.0, [2.545,21.455], [1.990000000000002,52.01], [0.37025390654,1.5319319830553497], 0.0, 2.0, [51.5,192.5], [10.249999999999998,41.75], [-3.4577914415999995,6.0574008216], [100.42835011374598,162.0], [7.0767823750000005,7.722045625], 0.0, 0.0, [-0.48538086199999997,2.485380862]","age, sex, hospdead, slos, dzclass, num.co, edu, avtisst, surv6m, dementia, ca, hrt, resp, crea, sod, ph, adlp, adls, adlsc",4.0,0.1,1.0,1,17.0,8271,8271,0.41304347826086957,0.0008903646609740746,0,0
"[18.652466499999996,99.08713155000001], 0.0, 0.0, 0.0, [2.545,21.455], 4.0, [0.6411187779999992,67.95263122200001], 0.0, 2.0, [100.42835011374598,162.0]","age, death, hospdead, dzclass, edu, race, sps, dementia, dnr, sod",4.0,0.2550063900805163,0.7608695652173914,1,30.45149084124271,9974,8273,0.21739130434782608,0.0015948783128834235,140,184
"[54.036956999999994,126.52702764781802], 0.0, [-36.900000000000006,190.9], 0.0, [1.1100000000000003,12.89], [18.5,63.5], [4.049999999999997,61.45], [5.779902906,41.415409494], [21.744999999999997,70.255], 0.0, 1.0, 0.0, [10.25,77.75], [34.9014076,42.0985924], [178.3825,564.8675000000001], [7.092505475,7.565698524999999], [19.639965700000005,754.3600343], [-27.120000000000005,95.12], [-1400.0,5080.0]","age, hospdead, slos, num.co, edu, scoma, avtisst, sps, hday, diabetes, ca, dnr, resp, temp, pafi, ph, glucose, bun, urine",3,0.1,1.0,1,1.5,8277,8277,0.41304347826086957,7.856158773300657e-05,0,0
"[51.6775772,98.00638280000001], 1.0, [-120617.0225,138999.89750000002], [-10.431225379500003,76.33588149650001], [27.15,76.85], 0.0, [-130.53,142.53]","age, hospdead, totcst, sps, aps, diabetes, dnrday",0.0,0.9585120594834645,0.9915611814345991,1,42.52338459443812,9965,8288,0.15217391304347827,0.002227136406346887,235,237
"[18.652466499999996,87.5220937], [-36.2,62.4], 3.0, [-22.5,22.5], [-127700.62,201569.62], [-17.560000000000002,36.56], [0.57511718798,1.23469726602], 2.0, [-10.5,331.6088025026671], [33.54494255,39.64255745], [112.4,147.6], [-0.601552641,1.5911524410000002]","age, slos, income, scoma, totcst, avtisst, surv2m, dnr, hrt, temp, sod, adlsc",4.0,0.14772867726567052,0.6821705426356589,1,31.89327885580741,9993,8292,0.2608695652173913,0.0016703910832825048,88,129
"[26.724927149999992,73.88103285], 0.0, [-44.0,58.0], 2.0, 1.0, [3.2649999999999997,14.735], 1.0, [-25.5,25.5], [-9.088474473000002,52.283786873], [-10.95,52.95], [0.76911132858,1.04070312542], [-37.955000000000005,39.955000000000005], 0.0, 1.0, [0.5599996190000001,1.239999619], [10.5,37.5], [33.049358850000004,37.74752115], [35.35062499999998,536.024375], [-22.9730155992,23.5729911792], [-4.8725917046,6.4724452245999995], [131.76,152.24], [7.15056678,7.52912122], 5.0, [4.045112303,5.954887697]","age, hospdead, slos, dzgroup, dzclass, edu, income, scoma, sps, aps, surv2m, hday, dementia, ca, prg2m, resp, temp, pafi, bili, crea, sod, ph, adlp, adlsc",2.0,1.0,1.0,1,4.0,8303,8303,0.5217391304347826,0.00020949756728801754,1,1
"[22.27951735,66.12642265], [-64.3,102.3], 3.0, 1.0, [3.87,18.13], 3.0, [-160165.15,251422.65], [-2.5766719999999985,39.243328000000005], 4.0, [0.5074584965500001,0.79844970745], [-23.715000000000003,77.715], 0.0, 1.0, [-0.150000036,0.349999964], 2.0, [-24.9003906,45.0996094], [-3.650000000000002,47.650000000000006], [-103.42401861999997,295.42401861999997], [-36.3,78.3], [4.948759762,9.051240238]","age, slos, dzgroup, dzclass, edu, income, totcst, avtisst, race, surv2m, hday, diabetes, ca, prg2m, dnr, wblc, resp, glucose, bun, adlsc",4.0,0.1,1.0,1,6.5,8318,8318,0.43478260869565216,0.0003404335468430285,0,0
"[22.27951735,66.12642265], 0.0, [-64.3,102.3], 3.0, 1.0, [3.87,18.13], 3.0, [-2.5766719999999985,39.243328000000005], 4.0, [0.5074584965500001,0.79844970745], [-23.715000000000003,77.715], 0.0, 1.0, [-0.150000036,0.349999964], 2.0, [-24.9003906,45.0996094], [-3.650000000000002,47.650000000000006], [33.2010948,38.7989052], [-103.42401861999997,295.42401861999997], [-36.3,78.3], [4.948759762,9.051240238]","age, hospdead, slos, dzgroup, dzclass, edu, income, avtisst, race, surv2m, hday, diabetes, ca, prg2m, dnr, wblc, resp, temp, glucose, bun, adlsc",4.0,0.1,1.0,1,6.5,8318,8318,0.45652173913043476,0.0003404335468430285,0,0
"0.0, [-36.2,72.4], [6.669999999999959,837.33], [-33.0,22.5], [-137741.4855931,189219.4855931], 1.0, [16.79,89.21000000000001], 0.0, 0.0, 1.0, 2.0, [-93.78500000000001,69.885], [-38.60058594,51.39941406], [36.3962093,39.64255745], [-10.994599537800001,14.794404217800002], [100.42835011374598,162.0], [1.1135107189999998,6.135512681]","death, slos, d.time, scoma, totmcst, race, aps, diabetes, dementia, ca, dnr, dnrday, wblc, temp, bili, sod, adlsc",2,0.1,1.0,1,25.0,8320,8320,0.3695652173913043,0.0013093597955501097,0,0
"0.0, [-73.80000000000001,109.80000000000001], [11.18,24.82], [-397674.30000000005,492850.30000000005], 0.0, 0.0, 2.0, [-46.660000000000004,56.660000000000004], [122.03999999999999,155.96], [-2.1927050820000002,2.202451174]","hospdead, slos, edu, charges, dementia, ca, dnr, dnrday, sod, adlsc",4.0,0.2266170619465376,0.7431192660550459,1,24.27358511033562,9977,8327,0.21739130434782608,0.0012713142574934894,81,109
"1.0, 1.0, [-32.900000000000006,58.900000000000006], 4.0, 2.0, 2.0, [-18.5,18.5], [22.253120425,71.74687957500001], [17.28,62.72], [-0.089448242155,0.269440917955], [-0.343019504555,0.349019069755], [0.34499980900000005,1.054999809], 2.0, [-57.11,83.11], [3.0,57.0], [-4.680000000000007,381.805], [-206.62403086999996,454.62403086999996], [-29.254999999999995,87.255], [1395.0,4095.0], 5.0, 1.0, [0.009746091999999873,1.9902539080000001]","death, sex, slos, dzgroup, dzclass, income, scoma, sps, aps, surv2m, surv6m, prg2m, dnr, dnrday, resp, pafi, glucose, bun, urine, adlp, adls, adlsc",0.0,1.0,1.0,1,10.0,8330,8330,0.4782608695652174,0.0005237439182200439,1,1
"1.0, 1.0, [-72.3,58.6], [-102.48188,319.13812]","death, hospdead, slos, pafi",0.0,1.0,1.0,2,39.416408726964214,9986,8337,0.08695652173913043,0.004128820869764594,351,351
"1.0, 1.0, [33.5,118.5], 7.0, 1.0, [2.700000000000001,21.299999999999997], [-34.0,34.0], [-81320.07999999996,834648.08], [-4526.645191450021,400620.64519145], [0.19141967785500003,0.608507080145], [-33.425000000000004,47.425000000000004], [20.65,131.35], [14.030000000000001,125.97], [-24.703125,71.296875], [16.0,112.0], [6.849999999999998,49.150000000000006], [122.03999999999999,139.96], [-43.75,51.75], 0.0","death, sex, slos, dzgroup, num.co, edu, scoma, charges, totmcst, surv2m, hday, dnrday, meanbp, wblc, hrt, resp, sod, bun, adls",3.0,1.0,1.0,1,10.0,8341,8341,0.41304347826086957,0.0005237439182200439,1,1
"[36.478346949999995,86.94365305], 0.0, [-373.24,599.24], 6.0, [-30.0,30.0], [-159977.6,162960.52], [-1.2699999999999996,37.269999999999996], 4.0, [-1.7200970939999998,33.915409494], [0.31230957048,0.61566894552], [-35.015,37.015], [-54.195,60.195], [-20.000000000000004,36.0], [-9.25,49.25], [34.0013685,40.9986315], [-3.874660495,5.274562835], [0.987827139,4.595180661]","age, sex, d.time, dzgroup, scoma, totcst, avtisst, race, sps, surv6m, hday, dnrday, wblc, resp, temp, crea, adlsc",2.0,8.618530378972943e-05,0.15384615384615385,1,20.394039808,8371,8356,0.3695652173913043,0.001068125431737747,2,13
"[-431.36,1027.3600000000001], 0.0, [4.375,27.625], 0.0, [-47276.94500000001,250332.695], [25.89,63.61], 4.0, [7.6299999999999955,74.37], [0.42269897412499996,0.6651916498749999], [-42.364999999999995,44.364999999999995], 0.0, 2.0, [-52.545,172.54500000000002], [21.644999999999996,112.355], [37.0,199.0], [13.05,58.95], [-51.45124999999999,264.76374999999996], [0.34781280950000015,4.652187190499999], [-17.655600362199998,19.4554050422], [115.48,154.52]","d.time, num.co, edu, income, totcst, avtisst, race, aps, surv2m, hday, diabetes, dnr, dnrday, meanbp, hrt, resp, pafi, alb, bili, sod",2.0,0.1,1.0,1,8.0,8363,8363,0.43478260869565216,0.00041899513457603507,0,0
"0.0, [-431.36,1027.3600000000001], 0.0, 0.0, [4.375,27.625], 0.0, [-47276.94500000001,250332.695], [25.89,63.61], 4.0, [7.6299999999999955,74.37], [0.42269897412499996,0.6651916498749999], [-42.364999999999995,44.364999999999995], 0.0, 0.0, 2.0, [-52.545,172.54500000000002], [21.644999999999996,112.355], [37.0,199.0], [13.05,58.95], [-51.45124999999999,264.76374999999996], [0.34781280950000015,4.652187190499999], [-17.655600362199998,19.4554050422], [115.48,154.52]","sex, d.time, dzgroup, num.co, edu, income, totcst, avtisst, race, aps, surv2m, hday, diabetes, dementia, dnr, dnrday, meanbp, hrt, resp, pafi, alb, bili, sod",2.0,0.1,1.0,1,8.0,8363,8363,0.5,0.00041899513457603507,0,0
"[36.05141865,58.388521350000005], 1.0, 0.0, 1.0, 1.0, [5.3199999999999985,22.68], 3.0, [-13.0,13.0], [-315939.28,345593.28], [-10.129999999999999,25.13], 4.0, 1.0, 0.0, [0.589999905,1.109999905], [8.599999999999998,55.400000000000006], [-102.67201910999998,306.67201910999995], [-11.560000000000002,49.56], [-105.0,4305.0], 3.0, [1.656083982,4.343916018]","age, death, hospdead, dzgroup, dzclass, edu, income, scoma, charges, avtisst, race, diabetes, dementia, prg2m, resp, glucose, bun, urine, adls, adlsc",3.0,1.0,1.0,1,11.0,8366,8366,0.43478260869565216,0.0005761183100420483,1,1
"[-72.3,58.6], [-236646.8116892,275118.1866892], [-10.431225379500003,76.33588149650001], [-0.265000036,0.464999964], [9.5,205.5], [10.149999999999999,39.85], [-20.5860763544,22.185929874400003], [-3.6831926716999996,5.2830461917]","slos, totmcst, sps, prg2m, hrt, resp, bili, crea",0.0,0.23067648453224557,0.7457627118644068,1,37.89171601834671,9930,8370,0.17391304347826086,0.0019845555815530104,88,118
"0.0, [-72.3,58.6], [-436994.57899999997,390537.17000000004], [-0.30219238278,0.39618652338], 1.0, 0.0, 0.0, [-63.955,79.955], [-48.5,152.5], [1.215259403,4.784740597], [7.091675125,7.306762875]","hospdead, slos, charges, surv2m, diabetes, dementia, dnr, dnrday, hrt, alb, ph",0.0,0.1,1.0,1,4.5,8375,8375,0.2391304347826087,0.00023568476319901972,0,0
"0.0, 0.0, [1599.0596723343347,2073.37], 0.0, [1.990000000000002,52.01], [-21.325249987770533,23.785], 0.0, 0.0, 1.0, 2.0, [27.519999999999996,166.48000000000002], [35.2948448,40.8926552], [100.42835011374598,162.0]","death, hospdead, d.time, dzclass, avtisst, hday, diabetes, dementia, ca, dnr, meanbp, temp, sod",4.0,0.18593443208187066,0.7142857142857143,1,27.118213405622594,9947,8381,0.2826086956521739,0.0014202999344188096,20,28
"1.0, [-72.3,58.6], [-247235.04778904998,271637.79778905], 0.0, 0.0, [74.625,219.375], [4.0,196.0], [32.74807255,38.84568745], [-56.75999999999999,80.75999999999999], [0.05485839499999989,3.945141605]","death, slos, totmcst, dementia, dnr, meanbp, hrt, temp, bun, adlsc",0.0,0.6839095992798868,0.926829268292683,1,47.08790314824186,9965,8384,0.21739130434782608,0.002466200289562613,38,41
"1.0, 1.0, [-72.3,58.6], [-102.48188,319.13812], [-2.511000981,2.511000981]","death, hospdead, slos, pafi, adlsc",0.0,1.0,1.0,1,45.02404829569201,9986,8389,0.10869565217391304,0.002358107146851422,193,193
"1.0, 0.0, [182.67999999999995,1479.3200000000002], 1.0, [-180957.81,378297.62], 0.0, 2.0, [-72.095,116.095], [-5.5704740942,6.8572055116], [7.257456085,7.541371915]","death, sex, d.time, num.co, charges, ca, dnr, dnrday, crea, ph",4.0,0.20346349914002398,0.7272727272727273,1,32.8740352,9739,8403,0.21739130434782608,0.0017217576003351644,8,11
"1.0, [182.67999999999995,1479.3200000000002], [6.08,25.92], [-180957.81,378297.62], 0.0, 0.0, 2.0, [-72.095,116.095], [-52.80078125,67.19921875], [-5.5704740942,6.8572055116]","death, d.time, edu, charges, dementia, ca, dnr, dnrday, wblc, crea",4.0,0.6371466150555487,0.9137931034482759,1,27.667359118538723,9977,8403,0.21739130434782608,0.001449061107154453,53,58
"1.0, 1.0, [6.258264936437626,93.6], [0.020615233960000034,0.16148653953794273], 0.0, [-59.0,150.5], [36.0963266,41.2942934], [-20.357039642800004,21.156966402800002], [-0.7086427318000004,7.7086427318], [-1.6524658250000002,3.652465825]","death, hospdead, aps, surv6m, dnr, hrt, temp, bili, crea, adlsc",0.0,1.0,1.0,1,34.40875321107839,9888,8410,0.21739130434782608,0.0018021375227836713,26,26
"[33.47051835,60.77142165], 0.0, 2.0, [-19.5,34.0], [-439252.07999999996,476716.07999999996], [-125354.3911,140594.6489], [-127846.34319325001,192006.78079325], [4.82,44.18], [-9.25,97.25], [0.46307861343,1.05083740257], 0.0, 1.0, [0.22999999999999998,0.77], [-0.015000100000000016,0.7149999], [35.048967850000004,37.74791215], [-10.7365993546,12.5364040346], [-1.8192925289,4.2191948689]","age, dzgroup, num.co, scoma, charges, totcst, totmcst, avtisst, aps, surv6m, diabetes, ca, prg2m, prg6m, temp, bili, crea",2,0.0,0.0,1,36.0,8436,8436,0.3695652173913043,0.0018854781055921577,0,1
"[41.25647649999999,99.1674835], 0.0, 1.0, [381.71,1050.29], 3.0, 1.0, [0.375,23.625], [23.0,87.0], [-184808.81359175002,206122.78239175], [-3.09,57.59], [16.28,61.72], [-0.128032226155,0.5640063481550001], 0.0, [24.82,125.18], [-39.6015625,58.3984375], [4.0,124.0], [35.75068425,39.24931575], [108.0,156.0], [-199.11203381,525.11203381], [-38.75,56.75], [-0.919521486,0.919521486]","age, death, sex, d.time, dzclass, num.co, edu, scoma, totmcst, avtisst, aps, surv6m, dementia, meanbp, wblc, hrt, temp, sod, glucose, bun, adlsc",3.0,0.1,1.0,1,10.0,8438,8438,0.45652173913043476,0.0005237439182200439,0,0
"[62.96490815,93.57501185], 1.0, 0.0, 0.0, 2.0, 3.0, [4.0,78.0], [-16033.029999999999,327455.03], [-142264.84759355,163372.58199355], [17.47,44.53], [1.462464041999997,52.935973558], [-0.016801758020000057,0.64277832002], [0.019862060069999993,0.38010131793], 0.0, 2.0, [0.32,0.6799999999999999], 2.0, [-99.165,111.165], [-40.5,184.5], [34.54673715,41.84388285], [530.0,3770.0], 2.0","age, death, sex, dzgroup, num.co, income, scoma, charges, totmcst, avtisst, sps, surv2m, surv6m, dementia, ca, prg2m, dnr, dnrday, hrt, temp, urine, adls",1.0,1.0,1.0,1,3.0,8447,8447,0.4782608695652174,0.00015712317546601315,1,1
"0.0, 4.0, 2.0, 1.0, [-180957.81,378297.62], 4.0, [0.57511718798,1.23469726602], [0.630164794895,1.037803955105], 0.0, [0.654999619,1.144999619], 2.0, [-1.8023258255000003,4.6021305055], [-93.92801763999998,283.92801764], 0.0, [-2.4049023480000002,2.4049023480000002]","hospdead, dzgroup, dzclass, income, charges, race, surv2m, surv6m, ca, prg2m, dnr, crea, glucose, adlp, adlsc",4.0,1.0,1.0,1,31.0,8682,8452,0.32608695652173914,0.001623606146482136,1,1
"1.0, 1.0, [-302.89,770.89], 1.0, 3.0, [-22.5,22.5], [-236267.82,247159.82], [-187781.0775119,196042.6712719], 0.0, 1.0, 0.0, [-74.64500000000001,76.64500000000001], [8.519999999999996,147.48000000000002], [-58.60058594,73.39941406], [-3.8500000000000014,43.85], [34.6991047,38.0977753], [103.05124999999998,401.69875], [-2.174709325,6.974514005], [128.16,151.84]","death, sex, d.time, dzclass, num.co, scoma, charges, totmcst, diabetes, ca, dnr, dnrday, meanbp, wblc, resp, temp, pafi, crea, sod",4.0,0.13168724279835387,0.6666666666666666,1,18.666666666666668,9905,8454,0.41304347826086957,0.0009776553140107486,2,3
"0.0, [23.940000000000055,1280.06], 1.0, [5.645,18.355], 0.0, [-30.0,30.0], [-283551.83,314371.83], [-12.86,24.86], 4.0, [0.611497802645,1.164381103355], [-42.364999999999995,44.364999999999995], 1.0, [29.54,114.46000000000001], [-19.299999999999997,47.3], [-17.770149228,19.969856268], [-2.5512303953,4.9511327353], [119.32,150.68], [7.32016635,7.5782716500000005], [-166.39202646,400.39202646], [2490.0,8430.0], [-1.379282229,1.379282229]","hospdead, d.time, dzclass, edu, income, scoma, charges, avtisst, race, surv2m, hday, ca, meanbp, resp, bili, crea, sod, ph, glucose, urine, adlsc",3.0,0.03125,0.5,1,25.5,8455,8455,0.45652173913043476,0.0013355469914611117,1,2
"1.0, 0.0, 0.0, 3.0, [-0.28500000000000014,14.285], [-31.0,31.0], [-13.990000000000002,83.99000000000001], [-29.015,43.015], 1.0, 0.0, 2.0, [-87.925,151.925], [6.8984375,66.8984375], [-22.85,42.85], [37.24447335,40.94302665], [40.135625000000005,294.864375], [128.76,149.24], [-154.13602793,444.13602793], [-60.0,3360.0], 2.0, 1.0, [-1.298803715,3.298803715]","sex, hospdead, dzgroup, num.co, edu, scoma, aps, hday, diabetes, dementia, dnr, dnrday, wblc, resp, temp, pafi, sod, glucose, urine, adlp, adls, adlsc",2.0,1.0,1.0,1,4.0,8463,8463,0.4782608695652174,0.00020949756728801754,1,1
"1.0, [-41.6,53.6], 6.0, 2.0, [-225420.69499999998,230491.94499999998], [-9.810000000000002,23.810000000000002], 4.0, [-6.863943630500003,59.4576936305], [6.859999999999999,55.14], [0.12119873097999995,0.7807788090200001], [-0.14542236309999998,0.42337646509999993], 0.0, 0.0, 0.0, 2.0, [-58.10009766,59.89990234], [-1.0272513054999997,6.4266653055]","sex, slos, dzgroup, dzclass, totcst, avtisst, race, sps, aps, surv2m, surv6m, diabetes, dementia, ca, dnr, wblc, alb",3.0,0.0009765625,0.25,1,23.037985279999997,9803,8477,0.3695652173913043,0.0012066004678442893,3,12
"[58.638757600000005,98.3491624], 1.0, [-35.5,35.5], [11.019620973999999,71.206380307], 0.0, [-0.170000072,0.569999928], [-133.53,142.53], [-17.2011719,45.5], [34.6966785,41.6939415], [0.05722854140000022,7.7425761386000005]","age, death, scoma, sps, diabetes, prg2m, dnrday, wblc, temp, crea",0.0,0.19512597488621103,0.7212121212121212,1,41.289544599240244,9930,8482,0.21739130434782608,0.0021625147869927335,119,165
"1.0, 1.0, [-550.97,846.97], 0.0, [87683.58999999997,965486.41], [8.869999999999997,64.63], 4.0, [17.7,60.3], [0.04122924837500003,0.768707275625], [0.058430175720000005,0.51346923828], 0.0, [0.5249997999999999,0.8749998], [-90.46000000000001,160.46], [97.12,158.88], [-35.0,61.0], [-14.5,30.5], [33.64951525,39.14736475], [4.6465299243,9.9530794557], [-1877.0,4153.0], 0.0, [-1.343916018,1.343916018]","death, hospdead, d.time, dzclass, charges, avtisst, race, aps, surv2m, surv6m, diabetes, prg6m, dnrday, meanbp, wblc, resp, temp, crea, urine, adls, adlsc",3.0,1.0,1.0,1,5.0,8484,8484,0.45652173913043476,0.0002618719591100219,1,1
"0.0, [-79.30000000000001,62.4], [1080.63,2073.37], [8.870000000000001,23.005], [-33.5,33.5], [-3.4854414345,41.665881039000006], [-21.325249987770533,23.785], 0.0, 1.0, [0.6399997,0.9599997], 2.0, [-46.660000000000004,56.660000000000004], [27.519999999999996,166.48000000000002], [-13.203125,76.39941406], [35.2948448,40.8926552], [7.208813575,7.57627881]","hospdead, slos, d.time, edu, scoma, sps, hday, diabetes, ca, prg6m, dnr, dnrday, meanbp, wblc, temp, ph",4.0,0.16446348194331412,0.696969696969697,1,34.37970688137508,9996,8489,0.34782608695652173,0.0018006162389307989,23,33
"1.0, 2.0, [-7.6800000000000015,9.680000000000001], [-1.0,53.0], [-269806.83,328116.83], [-90011.4770952,137439.6332952], [8.724216412499999,33.4710959875], [0.28310302749,0.6128930665100001], [0.03841918965999999,0.45553833034], [-6.314999999999998,36.315], 1.0, [0.32,0.6799999999999999], 0.0, [6.959999999999994,115.04], [16.5,181.5], [35.7978575,40.795902500000004], [-132.76749999999998,429.3925], [-1.259902312,5.459121112], [-2.759786992,4.559591672], [-211.36803233999996,481.36803233999996], [-872.0,1738.0], 2.0, [0.1609570279999999,3.839042972]","sex, dzgroup, edu, scoma, charges, totmcst, sps, surv2m, surv6m, hday, ca, prg6m, dnr, meanbp, hrt, temp, pafi, alb, crea, glucose, urine, adls, adlsc",3.0,0.1,1.0,1,1.0,8501,8501,0.5,5.2374391822004384e-05,0,0
"1.0, 0.0, [-95.7,111.7], 0.0, [-34.0,19.5], 4.0, [-10.431225379500003,61.8296629795], [-29.869999999999997,31.869999999999997], [0.16499999999999998,0.835], [38.485,175.515], [37.0,163.0], [2.2997192800000006,6.49910892], [0.40852050500000003,3.5914794949999997]","death, hospdead, slos, dzclass, scoma, race, sps, hday, prg6m, meanbp, hrt, alb, adlsc",2.0,0.00019869482337892967,0.18181818181818182,1,16.0632064,8892,8505,0.2826086956521739,0.0008413006659113284,2,11
"[3.8139471499999935,50.97005285], 0.0, [-36.2,52.2], [-357444.07999999996,558524.08], [-199138.50238129997,162329.63159535], [-1.299999999999999,23.299999999999997], 0.0, [0.745,1.255], 2.0, [-41.405,139.405], [100.42835011374598,162.0], [7.0767823750000005,7.722045625], [1.3399999999999963,100.66], [-2.0145071922753894,3.1189584572567193]","age, death, slos, charges, totmcst, avtisst, dementia, prg2m, dnr, dnrday, sod, ph, bun, adlsc",4.0,0.670176922268936,0.9230769230769231,1,43.532799999999995,9841,8510,0.30434782608695654,0.0022800039243089524,12,13
"0.0, [-79.30000000000001,62.4], [-33.5,33.5], [-338105.06,378297.62], [1.990000000000002,52.01], [-3.4854414345,45.3296629795], [0.37025390654,0.9253845218750001], 0.0, 0.0, 1.0, [0.5099997140000001,1.089999714], 2.0, [-53.342654811556834,56.660000000000004], [-3.8637077571267415,1.5911524410000002]","death, slos, scoma, charges, avtisst, sps, surv6m, diabetes, dementia, ca, prg2m, dnr, dnrday, adlsc",4.0,0.401877572016461,0.8333333333333334,1,37.21797269583262,9996,8525,0.30434782608695654,0.0019492686847921985,90,108
"0.0, [-33.5,33.5], [-397674.30000000005,471269.11799999996], [-75689.61469999999,88945.5053], [-10.629999999999999,35.7], [-21.325249987770533,59.125], 0.0, 0.0, 2.0, [-46.660000000000004,56.660000000000004], [7.75,104.25], [-42.40002441,43.59997559], [122.03999999999999,155.96], [-2.1927050820000002,2.202451174]","hospdead, scoma, charges, totcst, avtisst, hday, dementia, ca, dnr, dnrday, meanbp, wblc, sod, adlsc",4.0,0.20172747261218202,0.726027397260274,1,29.53365819738449,9968,8534,0.30434782608695654,0.001546807386366967,53,73
"[25.43163974887259,76.56347350000001], 1.0, [182.67999999999995,1479.3200000000002], [0.995000000000001,23.005], [-180957.81,558524.08], [-3.4854414345,36.849754763291315], 1.0, 2.0, [27.519999999999996,166.48000000000002], [-52.80078125,76.39941406], [-3.599999999999998,39.599999999999994], [35.2948448,37.5993744], [-0.601552641,2.510673927]","age, death, d.time, edu, charges, sps, ca, dnr, meanbp, wblc, resp, temp, adlsc",4.0,0.5062822941801043,0.8727272727272727,1,32.08151239495437,9993,8537,0.2826086956521739,0.0016802497004158306,48,55
"0.0, [2.6850000000000005,25.314999999999998], [57.0,121.0], 4.0, [-9.414567715500006,47.008317715500006], [-25.18,57.18], [0.307061767775,0.638861084225], 0.0, 0.0, [-68.7,152.7], [-7.690000000000005,119.69], [-21.90039062,32.099609380000004], [-9.0,213.0], [27.4,52.6], [-0.7745636350000003,6.574368235], [123.52,148.48], [-2.581733403,2.581733403]","hospdead, edu, scoma, race, sps, aps, surv6m, diabetes, dementia, dnrday, meanbp, wblc, hrt, resp, alb, sod, adlsc",3.0,0.013168724279835387,0.6666666666666666,1,4.0,8543,8543,0.3695652173913043,0.00020949756728801754,0,0
"0.0, 3.0, 0.0, [2.6850000000000005,25.314999999999998], [57.0,121.0], [-9.414567715500006,47.008317715500006], [-25.18,57.18], [0.3964965825500001,0.68748779345], [0.307061767775,0.638861084225], 0.0, 0.0, [-68.7,152.7], [-7.690000000000005,119.69], [-21.90039062,32.099609380000004], [-9.0,213.0], [27.4,52.6], [-0.7745636350000003,6.574368235], [123.52,148.48], [-2.581733403,2.581733403]","hospdead, dzclass, num.co, edu, scoma, sps, aps, surv2m, surv6m, diabetes, dementia, dnrday, meanbp, wblc, hrt, resp, alb, sod, adlsc",3.0,0.013168724279835387,0.6666666666666666,1,4.0,8543,8543,0.41304347826086957,0.00020949756728801754,0,0
"[37.43708654999999,99.08713155000001], [-73.80000000000001,109.80000000000001], [-1.92,17.92], [-397674.30000000005,492850.30000000005], [-178767.92880000002,182162.9112], [-22.2421314965,48.0390064965], 0.0, 2.0, [-46.660000000000004,56.660000000000004], [42.379999999999995,159.94529664961422], [-27.950004580000005,28.049995420000002], [-42.5,176.5], [13.6,42.4], [2.0799756160000005,5.794514779], [-2.1927050820000002,2.202451174]","age, slos, edu, charges, totcst, sps, dementia, dnr, dnrday, meanbp, wblc, hrt, resp, alb, adlsc",4.0,0.1950471552173071,0.7211538461538461,1,36.447691018619416,9996,8552,0.32608695652173914,0.0019089256504165235,150,208
"1.0, 1.0, [-575.71,781.71], 3.0, [-32.0,32.0], [-73634.71999999997,537010.72], [-19182.805000000022,316419.55500000005], [-37690.86739114998,381672.11739115], [-2.530000000000001,58.53], [0.53550781234,0.96229492166], [0.409222412075,0.930621337925], [-42.835,46.835], 0.0, 1.0, [-50.5,73.5], [-10.600000000000001,50.6], [-5.6875384576,7.487343137599999], [140.04,157.96], [7.22204127,7.617802729999999], [-86.42401861999997,312.42401861999997], [-29.615000000000002,71.61500000000001], 1.0, [-0.16708496299999998,2.1670849629999998]","death, hospdead, d.time, income, scoma, charges, totcst, totmcst, aps, surv2m, surv6m, hday, dementia, ca, wblc, resp, crea, sod, ph, glucose, bun, adls, adlsc",2.0,1.0,1.0,1,11.0,8556,8556,0.5,0.0005761183100420483,1,1
"1.0, [-72.3,58.6], [-183224.2459,203035.0741], 0.0, 0.0, [74.625,219.375], [0.1953125,86.1953125], [4.0,196.0], [-56.75999999999999,80.75999999999999]","death, slos, totcst, dementia, dnr, meanbp, wblc, hrt, bun",0.0,0.5430719387136673,0.8850574712643678,1,39.5899500925142,9965,8575,0.1956521739130435,0.0020734995583589376,77,87
"1.0, 0.0, 0.0, [-373082.39999999997,390224.39999999997], 4.0, 1.0, [-119.08,117.08], [-9.5,137.5], [-0.6999999999999993,40.7], [1.8776235555,4.9221810445], [-3.5643036679,7.9637177279], [2.9785498390000003,6.585903361000001]","sex, hospdead, dzgroup, charges, race, ca, dnrday, hrt, resp, alb, crea, adlsc",3.0,0.0024299999999999994,0.3,1,14.225984,9717,8582,0.2608695652173913,0.0007450772600695652,3,10
"[182.67999999999995,1479.3200000000002], [6.08,25.92], [378297.62,416737.1514881597], 0.0, 0.0, 2.0, [-72.095,116.095], [-52.80078125,67.19921875], [-5.5704740942,6.8572055116], [7.10159213,7.738251869999999]","d.time, edu, charges, dementia, ca, dnr, dnrday, wblc, crea, ph",4.0,0.1,1.0,1,28.8,8589,8589,0.21739130434782608,0.0015083824844737263,0,0
"1.0, [182.67999999999995,1479.3200000000002], [6.08,25.92], 0.0, 0.0, 2.0, [-72.095,116.095], [-52.80078125,67.19921875], [-5.5704740942,6.8572055116], [875.0,3485.0], [-2.6170996140000002,2.6170996140000002]","death, d.time, edu, dementia, ca, dnr, dnrday, wblc, crea, urine, adlsc",4.0,1.0,1.0,1,38.132243456,9796,8589,0.2391304347826087,0.0019971530598166063,13,13
"[37.43708654999999,99.08713155000001], 0.0, 0.0, 2.0, [3.995000000000001,26.005], [-127700.62,201569.62], [-22.2421314965,48.0390064965], [0.37025390654,0.8400427243349999], 0.0, 0.0, 1.0, [0.49999990499999997,1.199999905], [-46.660000000000004,56.660000000000004], [-37.5,157.5], [13.6,42.4], [34.54974985,41.247130150000004], [2.0799756160000005,7.119243184]","age, death, hospdead, dzgroup, edu, totcst, sps, surv6m, diabetes, dementia, ca, prg2m, dnrday, hrt, resp, temp, alb",4.0,0.13168724279835387,0.6666666666666666,1,17.699840000000002,9881,8600,0.3695652173913043,0.0009270183553467862,6,9
"[37.43708654999999,99.08713155000001], 1.0, 0.0, [348.76,1321.24], 0.0, [1.08,20.92], 0.0, 0.0, [-46.660000000000004,56.660000000000004], [-52.80078125,67.19921875]","age, death, hospdead, d.time, dzgroup, edu, diabetes, dementia, dnrday, wblc",4.0,0.095367431640625,0.625,1,21.305109897216,9925,8603,0.21739130434782608,0.0011158421735676543,10,16
"0.0, 0.0, [-116.1,132.1], [67.63999999999999,1526.3600000000001], 1.0, 4.0, [3.9399999999999995,20.060000000000002], [-133321.5111,145291.76890000002], [-46.775,48.775], 0.0, 2.0, [-54.730000000000004,70.73], [69.5,186.5], [14.899999999999999,49.1], [33.7994566,38.9974234], [-4.315154958100001,6.1149596381], [130.04,147.96], [-23.515,39.515], 0.0, 0.0","sex, hospdead, slos, d.time, dzgroup, num.co, edu, totcst, hday, dementia, dnr, dnrday, hrt, resp, temp, crea, sod, bun, adlp, adls",2.0,0.03125,0.5,1,17.5,8606,8606,0.43478260869565216,0.0009165518568850767,1,2
"1.0, 1.0, 0.0, [182.67999999999995,707.94], 1.0, [0.330181884675,1.10428955087], 1.0, 0.0, 1.0, [27.889999999999993,132.11], [-5.5704740942,6.8572055116], [-0.707651274,2.510673927]","death, sex, hospdead, d.time, dzgroup, surv2m, diabetes, dementia, ca, meanbp, crea, adlsc",1,0.0,0.0,1,22.144,8619,8619,0.2608695652173913,0.001159778532506465,0,7
"[3.4476979000000014,38.1943021], 0.0, [-86.4,124.4], [4.234999999999999,23.765], 1.0, [-25.5,25.5], [9.523328,43.143328000000004], 4.0, [-8.404442898500001,49.9981928985], [0.66108154319,1.1848657228100001], [0.7432177734800001,1.04657714852], 0.0, 1.0, [0.634999714,0.9649997140000001], 2.0, [-23.0,163.0], [4.75,45.25], [276.24875,504.62625], [126.92,155.08], [7.19887715,7.80112285], [-2080.0,3680.0]","age, hospdead, slos, edu, income, scoma, avtisst, race, sps, surv2m, surv6m, dementia, ca, prg2m, dnr, hrt, resp, pafi, sod, ph, urine",3.0,1.0,1.0,1,25.0,8622,8622,0.45652173913043476,0.0013093597955501097,1,1
"0.0, [-115.69999999999999,125.69999999999999], 6.0, 2.0, 2.0, [2.08,21.92], [-193123.1126,199468.3274], [-10.45,26.45], 4.0, [-25.729999999999997,63.73], [-0.233505248625,0.477493286625], 0.0, 0.0, [-81.025,85.025], [30.5,129.5], [33.4010166,38.5989834], [31.999374999999986,585.375625], [-1.0873546625,3.4872570025], [7.185649455,7.693256545000001], [-42.89500000000001,88.89500000000001], 5.0","hospdead, slos, dzgroup, dzclass, num.co, edu, totcst, avtisst, race, aps, surv6m, dementia, ca, dnrday, hrt, temp, pafi, crea, ph, bun, adlp",2.0,1.0,1.0,1,18.0,8631,8631,0.45652173913043476,0.0009427390527960789,1,1
"[379.5,1392.5], [-8.400000000000002,24.400000000000002], 0.0, 2.0, [-63.715,75.715]","d.time, avtisst, dementia, dnr, bun",4.0,0.32199124948253766,0.7972027972027972,1,31.617291906700252,9968,8636,0.10869565217391304,0.001655936434672207,114,143
"1.0, 0.0, 0.0, [-373082.39999999997,390224.39999999997], 4.0, [-4.98,48.980000000000004], [-0.2531390149254658,0.6748828126299999], 0.0, 0.0, 1.0, 0.0, [-67.11,73.11], [12.485,149.515], [19.999999999999986,188.0], [7.350000000000001,40.65]","death, sex, hospdead, charges, race, aps, surv6m, diabetes, dementia, ca, dnr, dnrday, meanbp, hrt, resp",3.0,1.6935087808430282e-05,0.1111111111111111,1,21.546560000000003,8861,8638,0.32608695652173914,0.001128487975856327,1,9
"[18.652466499999996,87.5220937], [-79.30000000000001,52.2], [1080.63,2606.75], [-33.5,33.5], 1.0, [-4.888941342999999,41.665881039000006], 0.0, 2.0, [-46.660000000000004,56.660000000000004], [27.519999999999996,166.48000000000002], [-13.203125,76.39941406], [46.0,331.6088025026671], [35.2948448,40.8926552], [-126.75562500000001,461.755625], [-19.642576217,21.242429737000002], [120.88,147.12], [-0.601552641,2.3158306273606004]","age, slos, d.time, scoma, race, sps, diabetes, dnr, dnrday, meanbp, wblc, hrt, temp, pafi, bili, sod, adlsc",4.0,1.0,1.0,1,26.333333333333332,9753,8642,0.3695652173913043,0.0013791923179794488,3,3
"0.0, [-68.7,104.7], [-347.59,523.5899999999999], 1.0, 2.0, [-24.0,24.0], [-193932.415991,232538.415991], 4.0, [-5.292441251500001,35.2924412515], [-31.729999999999997,57.73], [0.47695312510000004,1.0589355469], [0.306597900425,0.733197021575], [-32.075,34.075], 0.0, 0.0, [0.624999714,0.9749997140000001], 2.0, [-37.35,73.35], [75.435,154.565], [-12.101562500000004,43.8984375], [35.4012121,41.5987879], [101.55625,365.06875], [-1.3373183874999999,6.5365371875], [115.56,158.44], [7.17274419,7.70616181], [-25.440014699999978,289.4400147], [-28.379999999999995,40.379999999999995]","sex, slos, d.time, num.co, income, scoma, totmcst, race, sps, aps, surv2m, surv6m, hday, diabetes, dementia, prg2m, dnr, dnrday, meanbp, wblc, temp, pafi, alb, sod, ph, glucose, bun",3.0,1.0,1.0,1,24.0,8645,8645,0.5869565217391305,0.0012569854037281052,1,1
"0.0, [7.149999999999999,22.85], [-22.5,23.5], 2.0, [-11.050000000000004,67.05000000000001], [0.28766601602,0.9323046879800001], 0.0, 0.0, [20.0,140.0], [-14.7105510742,16.1104534142], [-74.68801518999999,250.68801519], [3900.0,10650.0]","sex, edu, scoma, race, aps, surv6m, diabetes, ca, hrt, bili, glucose, urine",4.0,0.1,1.0,1,7.0,8647,8647,0.2608695652173913,0.0003666207427540307,0,0
"[61.75065789999999,96.4972621], 1.0, 0.0, [-151402.582,165203.418], 0.0, [-0.170000072,0.569999928], [-11.428784181200001,57.888280499755695], [-2380.0,3470.0], 1.0","age, death, hospdead, totcst, ca, prg2m, bili, urine, adls",0.0,0.03988191572306397,0.8320610687022901,1,22.92278086424166,8657,8657,0.1956521739130435,0.001200566706633737,0,0
"1.0, 1.0, [-310.33000000000004,520.33], 2.0, [-282964.152,429455.52800000005], [-133753.16749999998,233509.79249999998], [12.84,34.16], 1.0, [-8.1405689965,62.1405689965], [0.11678344760499992,0.657142334395], [-25.459999999999997,27.459999999999997], 0.0, 1.0, [0.05999985699999999,0.739999857], 2.0, [66.0,246.0], [34.594923,40.592577], [-50.060625000000016,485.748125], [-12.909014133600001,13.5089897136], [120.44,157.56], [7.263081045000001,7.615824955], 5.0, [3.58535156,6.414648440000001]","death, sex, d.time, dzgroup, charges, totcst, avtisst, race, sps, surv6m, hday, diabetes, dementia, prg2m, dnr, hrt, temp, pafi, bili, sod, ph, adls, adlsc",3.0,1.0,1.0,1,16.0,8661,8661,0.5,0.0008379902691520701,1,1
"[9.924137550000001,50.461842450000006], [-35.39999999999999,107.39999999999999], 3.0, 0.0, 0.0, 2.0, [-16.92,56.92], [0.43779785192000004,1.13617675808], 0.0, [0.5549995999999999,1.2449996], [-80.235,152.235], [66.38,197.62], [-35.9023438,84.0976562], [-0.3000000000000007,48.3], [-20.357039642800004,21.156966402800002], [-3.474758145,5.674465185], 0.0, [-1.7329443390000001,1.7329443390000001]","age, slos, dzclass, num.co, income, race, aps, surv2m, dementia, prg6m, dnrday, meanbp, wblc, resp, bili, crea, adls, adlsc",3.0,1.0,1.0,1,9.0,8667,8667,0.391304347826087,0.00047136952639803944,1,1
"[79.99941865,82.91193594448018], 0.0, [-90.9,102.9], 0.0, [-84206.00420000001,93093.3558], [-192560.7215916,205478.7215916], [-11.1405689965,59.1405689965], [1.3999999999999986,86.6], [0.44189697261,0.69408935539], [0.197606201305,0.5483654786950001], [-21.05,23.05], 0.0, 0.0, 1.0, [-96.94,94.94], [-36.10058594,49.89941406], [58.5,211.5], [-10.2,22.2], [128.56,155.44], [7.161333555,7.496870445]","age, death, slos, income, totcst, totmcst, sps, aps, surv2m, surv6m, hday, diabetes, dementia, ca, dnrday, wblc, hrt, resp, sod, ph",3.0,0.1,1.0,1,2.5,8676,8676,0.43478260869565216,0.00013093597955501096,0,0
"0.0, [-87.9,105.9], [379.5,992.6623196920204], [-439150.30000000005,378297.62], [-8.400000000000002,24.400000000000002], [0.6588159176099999,0.91100830039], 0.0, 1.0, [0.759999771,1.2199997710000001], 2.0, [-63.715,75.715], [-2.0145071922753894,1.5911524410000002]","death, slos, d.time, charges, avtisst, surv2m, dementia, ca, prg2m, dnr, bun, adlsc",4.0,0.3411077401491926,0.8064516129032258,1,37.5763595605617,9955,8690,0.2608695652173913,0.001968038978869379,25,31
"0.0, [-379.1,1039.1], 0.0, 0.0, [4.18,17.82], 1.0, [-138028.14,192738.14], [-71862.16440000001,105437.1956], [3.4841841144999997,40.109565885500004], [-21.990000000000002,75.99000000000001], [-18.665000000000003,38.665000000000006], 1.0, [0.25,0.75], [0.17999990000000002,0.6199999], [-56.885000000000005,64.885], [-42.400390619999996,59.599609380000004], [51.0,159.0], [-13.299999999999997,53.3], [34.097740200000004,38.4960198], [-0.2848260169999999,7.484044816999999], [-5.7790306909,7.578835370899999], [119.28,148.72], [4.418266597000001,9.581733403]","hospdead, d.time, dzgroup, num.co, edu, income, charges, totcst, sps, aps, hday, ca, prg2m, prg6m, dnrday, wblc, hrt, resp, temp, alb, crea, sod, adlsc",3.0,1.0,1.0,1,16.0,8692,8692,0.5,0.0008379902691520701,1,1
"[-79.3,87.3], [348.76,2606.75], 3.0, [-33.5,33.5], [-5.550000000000001,55.672305015071494], [0.38150390603999995,1.0022851559600001], [-33.545,35.545], 0.0, 0.0, [11.0,155.0], [103.75999999999999,140.24]","slos, d.time, num.co, scoma, avtisst, surv2m, hday, diabetes, dementia, hrt, sod",4.0,0.1615055828898457,0.6944444444444444,1,31.457729859380805,9925,8719,0.2391304347826087,0.0016475794694859771,25,36
"[46.329637049999995,95.14034294999999], [-79.3,87.3], [348.76,2606.75], 3.0, [-33.5,33.5], [-5.550000000000001,55.672305015071494], [0.38150390603999995,1.0022851559600001], [-33.545,35.545], 0.0, 0.0, [-46.8007812,67.19921880000001], [11.0,155.0], [87.57549034888379,140.24]","age, slos, d.time, num.co, scoma, avtisst, surv2m, hday, diabetes, dementia, wblc, hrt, sod",4.0,0.22301350200402018,0.7407407407407407,1,36.486093601929966,9925,8719,0.2826086956521739,0.0019109369623618072,20,27
"[37.114937149999996,84.27104285000001], 0.0, 7.0, [87.0,113.0], [-307621.06,379355.06], 1.0, 0.0, 0.0, [-103.85499999999999,113.85499999999999], [-63.8007812,84.1992188], [-8.0,148.0], [-6.350000000000001,50.35], [33.64490345,39.54259655], [-3.0239556848,7.2231744448], [7.2328080450000005,7.585551955], [12.215,63.785]","age, hospdead, dzgroup, scoma, charges, race, dementia, dnr, dnrday, wblc, hrt, resp, temp, crea, ph, bun",3.0,1.0,1.0,1,3.0,8722,8722,0.34782608695652173,0.00015712317546601315,1,1
"1.0, 0.0, 0.0, [-97.2,127.2], 2.0, [0.4734306375000017,74.7140693625], [20.5,91.5], [0.050148925885,0.44783691411500004], [-0.25,0.25], 0.0, [-83.87,85.87], [16.189999999999998,81.81], [81.0,177.0], [37.24427785,39.94322215], [1.5799756160000005,6.619243184], [-11.0235019694,16.0235019694], [-4.7959973943,8.1958997343], [128.76,165.24], [7.21278319,7.7462008099999995], [1.4292431929999998,4.046342807]","death, sex, hospdead, slos, num.co, sps, aps, surv2m, prg2m, dnr, dnrday, meanbp, hrt, temp, alb, bili, crea, sod, ph, adlsc",4.0,1.0,1.0,1,18.0,8724,8724,0.43478260869565216,0.0009427390527960789,1,1
"[-49.3,83.3], 1.0, 4.0, [3.545,22.455], [-391727.19,511519.19], [13.739403637999997,41.455908762], [0.47283447307000004,0.83307373093], [-75.25,109.25], [3.1000000000000014,40.9], [39.1225,495.8775], [-0.2772085954999999,5.077013195499999], [-10.6220504788,12.0219528188], [120.72,139.28], [7.24273476,7.65570324], [-31.795,61.795], [5.0,2345.0], 1.0, 0.0","slos, dzgroup, num.co, edu, charges, sps, surv6m, dnrday, resp, pafi, alb, bili, sod, ph, bun, urine, adlp, adls",3.0,1.0,1.0,1,12.0,8725,8725,0.391304347826087,0.0006284927018640526,1,1
"[53.120847299999994,97.7950527], 0.0, 0.0, 0.0, 0.0, 0.0, [6.11,17.89], 1.0, [5.253120424999999,54.746879575], [38.25,73.75], [0.239691162525,0.8701721194750001], [0.2523559566,0.6315551754000001], [-35.715,65.715], 0.0, [91.155,154.845], [-210.86375000000004,368.86375000000004], [-0.6219735645000002,6.6219735645], [7.2018557,7.718066299999999], 0.0, [-1.76831055,1.76831055]","age, death, sex, hospdead, dzclass, num.co, edu, income, sps, aps, surv2m, surv6m, hday, dnr, meanbp, pafi, alb, ph, adls, adlsc",3.0,1.0,1.0,1,7.0,8726,8726,0.43478260869565216,0.0003666207427540307,1,1
"0.0, [-95.7,111.7], [4.715,19.285], [-152586.9062,-98686.26386742925], [-14.419999999999998,55.672305015071494], [-14.11,59.125], [0.13499999999999998,0.46499999999999997], 2.0, [-46.660000000000004,56.660000000000004], [-9.7930992172,11.592903897200001]","sex, slos, edu, totcst, avtisst, hday, prg6m, dnr, dnrday, bili",4.0,0.012143640223053207,0.6559485530546624,1,20.885129025555294,8730,8730,0.21739130434782608,0.0010938459308375496,0,0
"0.0, 0.0, [-32.4,76.4], [-40.01999999999998,1054.02], 0.0, 0.0, 3.0, [1.1499999999999986,22.85], [-438069.75,516063.75], [0.6030212397749999,0.934820556225], [-41.629999999999995,43.629999999999995], 1.0, 0.0, 1.0, 2.0, [-77.63000000000001,121.63000000000001], [15.715000000000003,110.285], [173.0,227.0], [55.5,256.5], [17.15,46.85], [-1.2703391291000001,3.6702414691000005], 2.0, 0.0","death, hospdead, slos, d.time, dzgroup, dzclass, num.co, edu, charges, surv6m, hday, diabetes, dementia, ca, dnr, dnrday, meanbp, wblc, hrt, resp, crea, adlp, adls",2.0,1.0,1.0,1,18.0,8766,8766,0.5,0.0009427390527960789,1,1
"0.0, 1.0, [1599.0596723343347,2606.75], [-33.5,33.5], [-338105.06,378297.62], 0.0, 0.0, 1.0, [0.6599999999999999,1.089999714], 2.0, [-53.342654811556834,56.660000000000004], [46.0,142.0], [33.7978575,38.795902500000004], [-5.5704740942,7.9703764342]","death, sex, d.time, scoma, charges, diabetes, dementia, ca, prg2m, dnr, dnrday, hrt, temp, crea",4.0,0.534824985896467,0.8823529411764706,1,34.454594980249595,9996,8770,0.30434782608695654,0.0018045384575640577,15,17
"[-4.079203400000004,52.1772034], 1.0, [-528.1500000000001,586.1500000000001], 1.0, [-0.170000072,0.569999928], 2.0, [-133.53,142.53], [56.155,119.845], [1.9999999999999964,58.0], [-11.428784181200001,28.8272216812], [7.234131250000001,7.66430675], 7.0, [4.302421872,7.697578128]","age, death, d.time, dzclass, prg2m, dnr, dnrday, meanbp, wblc, bili, ph, adls, adlsc",0.0,0.1,1.0,1,13.0,8781,8781,0.2826086956521739,0.000680867093686057,0,0
"[36.7350467,91.3368533], 0.0, [-20.299999999999997,78.3], [-458.1500000000001,656.1500000000001], 5.0, 3.0, [-0.7650000000000006,18.765], [18.0,70.0], [-9259.589996249997,168436.58999625], 4.0, [-3.8200000000000003,55.82], [-0.030454101159999997,0.50042480516], 1.0, 0.0, 1.0, [-3.480000000000004,135.48000000000002], [-52.4003906,73.5996094], [34.3014467,41.6985533], [155.135625,409.864375], [124.44,145.56], [7.1585157200000005,7.64031228], [-16.379999999999995,52.379999999999995], [-1405.0,4265.0], 0.0, [-2.157338871,2.157338871]","age, sex, slos, d.time, dzgroup, dzclass, edu, scoma, totmcst, race, aps, surv6m, diabetes, dementia, ca, meanbp, wblc, temp, pafi, sod, ph, bun, urine, adls, adlsc",1.0,1.0,1.0,1,17.0,8792,8792,0.5434782608695652,0.0008903646609740746,1,1
"[-79.30000000000001,62.4], [3.785,20.215], [-22.37996128599224,25.0], [-439150.30000000005,378297.62], 0.0, 1.0, [0.759999771,1.2199997710000001], 2.0, [44.499999999999986,215.5], [5.9756249999999795,506.649375], [32.935,115.065]","slos, edu, scoma, charges, dementia, ca, prg2m, dnr, hrt, pafi, bun",4.0,0.14539335680000004,0.68,1,39.40817600087898,9790,8794,0.2391304347826087,0.0020639792508605455,17,25
"[35.11212755,75.64983245], 1.0, 0.0, 0.0, 1.0, [-373082.39999999997,390224.39999999997], [9.446656,43.886656], [-9.439999999999998,81.44], 1.0, [-67.11,73.11], [19.75,60.25], [-11.122019958800001,11.5219833388], [7.192261125,7.407348875]","age, death, sex, hospdead, dzclass, charges, avtisst, aps, ca, dnrday, resp, bili, ph",4,1.0,1.0,1,37.0,9900,8796,0.2826086956521739,0.0019378524974141623,3,3
"1.0, 0.0, [1140.58,1829.42], 0.0, 0.0, 1.0, [5.77,26.23], 0.0, [15929.079999999987,372138.92000000004], [40751.375,199054.375], [-6.43,53.43], 4.0, [16.846028646500002,45.5524089535], [-0.015130615275000037,0.601068115275], 0.0, 0.0, 2.0, [0.664999619,1.134999619], [14.495000000000005,121.505], [-43.6015625,71.08705936054128], [43.5,208.5], [-48.606875,592.606875], [-8.235050204,10.634952544], [-2.5810262313,8.581026231300001], [3.913393551,8.086606449]","sex, hospdead, d.time, dzgroup, dzclass, num.co, edu, income, charges, totcst, avtisst, race, sps, surv6m, diabetes, dementia, ca, prg2m, dnrday, wblc, hrt, pafi, bili, crea, adlsc",3.0,0.1,1.0,1,3.5,8799,8799,0.5434782608695652,0.00018331037137701535,0,0
"0.0, [1140.58,1829.42], 0.0, 1.0, [5.77,26.23], [15929.079999999987,372138.92000000004], [40751.375,199054.375], [-6.43,53.43], 4.0, [16.846028646500002,45.5524089535], [-0.015130615275000037,0.601068115275], 0.0, 0.0, 2.0, [0.664999619,1.134999619], [14.495000000000005,121.505], [21.224999999999994,88.775], [-43.6015625,64.3984375], [43.5,208.5], [-48.606875,592.606875], [-8.235050204,10.634952544], [-2.5810262313,8.581026231300001], [3.913393551,6.869095966717671]","hospdead, d.time, dzclass, num.co, edu, charges, totcst, avtisst, race, sps, surv6m, diabetes, dementia, ca, prg2m, dnrday, meanbp, wblc, hrt, pafi, bili, crea, adlsc",3.0,0.1,1.0,1,3.5,8799,8799,0.5,0.00018331037137701535,0,0
"[1064.5,2077.5], 3.0, [3.4749999999999996,20.525], 3.0, [-8.823444362499998,65.4171943625], [0.47689575178499993,1.131014404215], 0.0, 0.0, 1.0, [-0.312000006,0.327999994], 2.0, [-68.685,200.685], [-55.8007812,76.1992188], [47.5,212.5], [0.9499999999999957,63.050000000000004], [-8.9495746598,10.5494281798], [5.4136154879,12.1840407521], [117.48,156.52], [7.0508111300000005,7.687470869999999], 0.0","d.time, num.co, edu, income, sps, surv6m, diabetes, dementia, ca, prg6m, dnr, dnrday, wblc, hrt, resp, bili, crea, sod, ph, adls",0,0.1,1.0,1,4.5,8801,8801,0.43478260869565216,0.00023568476319901972,0,0
"0.0, 1.0, 0.0, [-108.69999999999999,132.7], 0.0, 1.0, [0.995000000000001,23.005], 3.0, [13.0,61.0], [-73341.02749625,104355.15249625], [5.790000000000001,31.21], [0.07317626927999998,0.53876220672], [-21.785,23.785], 1.0, [77.08500000000001,136.915], [-23.5,60.5], [-30.5,170.5], [-12.95,32.95], [32.3998085,39.3970715], [-4.057644961599999,5.4575473016], [129.04,146.96], [28.33597893000004,479.66402107], [-40.03,86.03], [-685.0,4265.0], [-1.697578128,1.697578128]","death, sex, hospdead, slos, dzgroup, num.co, edu, income, scoma, totmcst, avtisst, surv2m, hday, dnr, meanbp, wblc, hrt, resp, temp, crea, sod, glucose, bun, urine, adlsc",2.0,0.1,1.0,1,6.0,8809,8809,0.5434782608695652,0.0003142463509320263,0,0
"1.0, [-94.4,116.4], 1.0, [-23.0,23.0], [-163476.92,192732.92], [-138355.66837385,153066.06681385002], [-23.290000000000003,33.290000000000006], [8.57,55.43], [0.595721435825,1.032208252175], 0.0, 1.0, [0.4449999,0.7549999000000001], [28.5,211.5], [-0.6999999999999993,40.7], [132.97562499999998,633.649375], [-0.2634375040000001,4.2634375040000005]","death, slos, dzclass, scoma, charges, totmcst, avtisst, aps, surv2m, diabetes, ca, prg6m, hrt, resp, pafi, adlsc",2.0,0.01183710753970294,0.4117647058823529,1,41.0976079118336,9865,8813,0.34782608695652173,0.00215246221972148,7,17
"0.0, [-324.2800000000001,810.2800000000001], [-14.499999999999998,14.499999999999998], [-161481.745,167788.495], [2.110000000000001,25.89], [-6.6087241070000005,50.804036507], [0.645196532975,0.9846862790249999], [-43.1,45.1], [0.754999542,1.204999542], [0.5899998,1.3099998], [-2.0089357018000005,6.4083497618], 5.0, [2.44065056,5.26994744]","hospdead, d.time, scoma, totcst, avtisst, sps, surv2m, hday, prg2m, prg6m, crea, adlp, adlsc",2.0,0.03125,0.5,1,15.5,8818,8818,0.2826086956521739,0.000811803073241068,1,2
"[44.469988,77.561992], 1.0, 0.0, [-35.800000000000004,79.80000000000001], [-123.25,383.25], 0.0, 0.0, [-115208.25,202836.25], 4.0, [15.765871889,49.421628111000004], [0.11429931637000001,0.52168701163], 0.0, 0.0, 0.0, 0.0, [1.6799999999999997,94.32], [43.0,193.0], [15.549999999999997,52.45], [139.23062499999997,604.7693750000001], [-15.1685024274,18.1685024274], [133.92,162.08], 0.0, 0.0, [-2.652465825,2.652465825]","age, sex, hospdead, slos, d.time, dzclass, income, charges, race, sps, surv2m, diabetes, dementia, ca, dnr, meanbp, hrt, resp, pafi, bili, sod, adlp, adls, adlsc",4.0,0.1,1.0,1,5.5,8836,8836,0.5217391304347826,0.00028805915502102414,0,0
"1.0, 0.0, 3.0, [-373082.39999999997,390224.39999999997], [9.446656,43.886656], 1.0, [0.5700000000000001,0.9299999999999999], [-25.73128593993721,117.08], [2.9785498390000003,6.585903361000001]","death, hospdead, num.co, charges, avtisst, ca, prg6m, dnrday, adlsc",3.0,0.03125,0.5,2,9.5,9013,8838,0.1956521739130435,0.0009951134446180834,1,2
"[25.43163974887259,76.56347350000001], 1.0, [182.67999999999995,1479.3200000000002], 1.0, [0.995000000000001,23.005], [-180957.81,558524.08], [-3.4854414345,45.3296629795], [0.6032397460700001,1.20462158193], [0.6967895509500001,0.98118896505], 1.0, 2.0, [27.519999999999996,166.48000000000002], [-52.80078125,76.39941406], [35.2948448,37.5993744], [-0.601552641,2.510673927]","age, death, d.time, dzgroup, edu, charges, sps, surv2m, surv6m, ca, dnr, meanbp, wblc, temp, adlsc",4.0,0.708245596707819,0.9333333333333333,1,36.860813312,9900,8843,0.32608695652173914,0.0019305626792804431,14,15
"[18.652466499999996,76.56347350000001], [-79.30000000000001,62.4], [1390.8,2201.2], [2.545,21.455], [-33.0,33.0], [-20.726944271,52.523819271], [6.989999999999998,51.010000000000005], [0.37025390654,1.1323085243641358], [-27.869999999999997,23.785], 0.0, 2.0, [51.5,192.5], [-2.1447914089999998,3.344742589], 0.0, 0.0","age, slos, d.time, edu, scoma, sps, aps, surv6m, hday, dementia, dnr, hrt, crea, adlp, adls",4.0,0.512908935546875,0.875,1,37.419999207424,9850,8844,0.32608695652173914,0.0019598497004687182,14,16
"0.0, 0.0, 0.0, 1.0, [23930.952000000005,220226.67200000002], 3.0, [-28.409999999999997,72.41], [0.43132202125499997,1.066480712745], [-18.845000000000002,20.845000000000002], 0.0, 1.0, 2.0, [-57.61500000000001,189.615], [28.4,105.6], [-49.00000000000001,65.0], [52.5,187.5], [-22.087503435000002,25.087503435000002], 5.0, [3.726816404,6.273183596]","death, sex, hospdead, dzgroup, totcst, race, aps, surv6m, hday, dementia, ca, dnr, dnrday, meanbp, wblc, hrt, bili, adls, adlsc",2.0,1.0,1.0,1,12.0,8847,8847,0.41304347826086957,0.0006284927018640526,1,1
"[43.786776599999996,100.0431834], 1.0, 0.0, 2.0, 2.0, [11.335,24.665], [-308783.28,352749.28], [-144062.6172,172543.3828], [-4.219999999999999,30.22], 4.0, [-19.338631588,51.932381588], [-18.845000000000002,20.845000000000002], 0.0, 2.0, [-43.20019531,46.79980469], [-16.0,176.0], [-5.487587277599999,7.687294317599999], [131.12,152.88], 1.0, 1.0","age, death, hospdead, dzgroup, num.co, edu, charges, totcst, avtisst, race, sps, hday, dementia, dnr, wblc, hrt, crea, sod, adlp, adls",3.0,1.0,1.0,1,22.0,8855,8855,0.43478260869565216,0.0011522366200840965,1,1
"1.0, 1.0, [-264.51,282.51], [13.0,39.0], [-398966.75600000005,427948.944], [-193042.3612,237541.79880000002], 4.0, [-0.21203998571000002,0.22403911591], [-109.235,142.53], [10.149999999999999,39.85]","death, hospdead, d.time, scoma, charges, totcst, race, surv6m, dnrday, resp",0.0,1.0,1.0,1,36.154943488,9914,8857,0.21739130434782608,0.0018935931765429379,13,13
"1.0, 0.0, [204.5,357.5], 0.0, 0.0, [12.0,62.0], 4.0, [6.560120241999996,58.033629758000004], [0.39535156246000003,0.74454101554], [0.10822509760999999,0.80974365239], [0.07999999999999999,0.52], [14.7,45.3], [33.8998085,40.8970715], [-11.580001832,13.580001832], [-3.2342148619,4.6341172019], 7.0","sex, hospdead, slos, dzgroup, dzclass, scoma, race, sps, surv2m, surv6m, prg6m, resp, temp, bili, crea, adls",1.0,1.0,1.0,1,1.0,8859,8859,0.34782608695652173,5.2374391822004384e-05,1,1
"1.0, 0.0, 0.0, [-373082.39999999997,390224.39999999997], 4.0, [-4.98,48.980000000000004], [0.12504394537000002,0.6748828126299999], 1.0, 0.0, [-67.11,73.11], [12.485,149.515], [7.350000000000001,40.65], [2.0459439843,7.3524935157]","death, sex, hospdead, charges, race, aps, surv6m, ca, dnr, dnrday, meanbp, resp, crea",3.0,0.0009765625,0.25,1,12.5,9041,8861,0.2826086956521739,0.0006546798977750548,1,4
"1.0, 0.0, 0.0, [-373082.39999999997,390224.39999999997], 4.0, [-4.98,48.980000000000004], [0.12504394537000002,0.6748828126299999], 1.0, 0.0, [-67.11,73.11], [92.38245683591406,149.515], [7.350000000000001,40.65]","death, sex, hospdead, charges, race, aps, surv6m, ca, dnr, dnrday, meanbp, resp",3.0,0.0009765625,0.25,1,17.0704,9873,8861,0.2608695652173913,0.0008940518181583436,2,8
"1.0, 1.0, [-72.3,58.6], [126.76,147.24]","death, hospdead, slos, sod",0.0,1.0,1.0,3,34.00676153786587,9997,8866,0.08695652173913043,0.005343515958720096,301,301
"1.0, 1.0, [-72.3,58.6], [-460.11,492.11], 4.0, [-10.431225379500003,71.206380307], [-19.580000000000002,21.580000000000002]","death, hospdead, slos, d.time, race, sps, hday",0.0,1.0,1.0,1,41.19814220658427,9997,8873,0.15217391304347827,0.002157727642266301,248,248
"[60.3318983,88.4601017], 0.0, [-15.5,15.5], [-191935.6631,225984.25690000004], [22.57,69.43], [29.085,88.91499999999999], [53.0,167.0], [-1.5846307169999996,6.184240117], [-13.183197783200002,20.782807163200005], [-2.0192436989,4.0192436989], [7.184487965,7.6748880349999995], 1.0","age, hospdead, scoma, totcst, aps, meanbp, hrt, alb, bili, crea, ph, adlp",2.0,0.001903968584518355,0.2857142857142857,1,24.448,9389,8881,0.2608695652173913,0.0012804491312643632,2,7
"0.0, 0.0, [0.0,52.0], [-90498.89249999999,181782.2675], [-123123.86759385001,168297.86759385], 4.0, [-26.931225379500003,54.425848741], [27.28,72.72], [2.419999999999998,23.785], 0.0, 0.0, [-49.91000366,53.0], [-11.8235507994,15.2234531394], [121.0,153.0]","death, hospdead, scoma, totcst, totmcst, race, sps, aps, hday, dementia, dnr, wblc, bili, sod",4.0,0.061865234375,0.875,1,14.0,8883,8883,0.30434782608695654,0.0007332414855080614,0,0
"[65.1644685,89.98347150000001], 0.0, [640.9300000000001,1431.07], 7.0, 1.0, [10.195,19.805], [-6.0,58.0], [-439150.30000000005,378297.62], [0.9725888589999983,48.0390064965], [-21.785,43.58], 0.0, 2.0, [-0.10500004000000002,0.30499996], [-52.80078125,50.08999634], [51.5,192.5], [1.5724435145000002,4.8269704855], [-1.3192925289,4.7191948689], 1.0, [-2.0145071922753894,1.5911524410000002]","age, death, d.time, dzgroup, num.co, edu, scoma, charges, sps, hday, dementia, ca, prg6m, wblc, hrt, alb, crea, adls, adlsc",4.0,0.061865234375,0.875,1,3.5,8883,8883,0.41304347826086957,0.00018331037137701535,0,0
"1.0, 1.0, [-125867.59,268507.58999999997], [6.258264936437626,93.6], [0.020615233960000034,0.16148653953794273], [-0.18000003600000003,0.379999964], 0.0, [-59.0,150.5], [36.0963266,41.2942934], [-20.357039642800004,21.156966402800002], [-0.7086427318000004,7.7086427318], [126.0,142.0], [-1.6524658250000002,3.652465825]","death, hospdead, charges, aps, surv6m, prg2m, dnr, hrt, temp, bili, crea, sod, adlsc",0.0,1.0,1.0,1,41.480000000000004,9888,8884,0.2826086956521739,0.002172489772776742,6,6
"1.0, [182.67999999999995,1479.3200000000002], [0.330181884675,0.863665771325], 0.0, [-72.095,116.095], [46.855,149.145], [34.4006256,37.5993744], [-5.3619174975,8.3619174975]","death, d.time, surv2m, diabetes, dnrday, meanbp, temp, crea",4.0,0.21208362139917689,0.7333333333333333,1,26.891939036238377,9977,8890,0.17391304347826086,0.0014084489519374038,55,75
"[379.5,1392.5], 1.0, 3.0, [-67657.48919549999,145577.92679549998], [-8.400000000000002,24.400000000000002], [16.79,84.92], 0.0, 0.0, 1.0, [0.349999905,0.849999905], 2.0, [-63.489999999999995,69.885], [15.5,108.5], [-12.850000000000001,52.85], [-31.389999999999993,75.715], [1.1135107189999998,6.135512681]","d.time, num.co, income, totmcst, avtisst, aps, diabetes, dementia, ca, prg2m, dnr, dnrday, hrt, resp, bun, adlsc",4.0,0.03419602913052388,0.7954545454545454,1,31.98004576940327,8894,8894,0.34782608695652173,0.0016749354476123604,0,0
"[50.075257099999995,98.0586629], 0.0, [274.9,1693.1], 0.0, 0.0, 0.0, [13.04,22.96], 1.0, [8157.940000000002,695134.06], [55264.32999999999,416195.17000000004], [17.65,46.35], [-0.09686645551000003,0.52881225551], [-3.6299999999999955,81.63], 0.0, 1.0, [-0.225,0.225], 0.0, [-54.35,56.35], [-7.0,215.0], [-9.050000000000004,53.050000000000004], [-125.90402351999995,377.90402351999995], [-18.830000000000002,30.830000000000002], [0.34580074000000005,4.5897460599999995]","age, sex, d.time, dzgroup, dzclass, num.co, edu, income, charges, totcst, avtisst, surv6m, hday, diabetes, ca, prg2m, dnr, dnrday, hrt, resp, glucose, bun, adlsc",3.0,1.0,1.0,1,1.0,8902,8902,0.5,5.2374391822004384e-05,1,1
"1.0, 0.0, [-161.42000000000002,527.4200000000001], 1.0, 6.0, [6.7299999999999995,17.27], 0.0, [-289383.94,295817.94], [-12.419999999999998,38.42], 1.0, [-10.924692532500003,43.5184425325], [0.672935790795,1.128822021205], 1.0, [0.42999990499999996,0.769999905], [-90.095,98.095], [2.6099999999999994,91.39], [-32.3007812,91.6992188], [47.0,203.0], [37.3974274,40.196332600000005], [-154.55874999999997,477.87125], [7.161654985,7.617641015], 2.0, [0.3731542939999999,3.626845706]","death, hospdead, d.time, dzgroup, num.co, edu, income, charges, avtisst, race, sps, surv2m, diabetes, prg2m, dnrday, meanbp, wblc, hrt, temp, pafi, ph, adlp, adlsc",3.0,1.0,1.0,1,9.0,8905,8905,0.5,0.00047136952639803944,1,1
"1.0, [-4.5,216.5], 1.0, [0.41999999999999993,11.58], 0.0, [-19.5,19.5], [69285.44,233920.56], 4.0, [4.279902906,39.915409494], [0.413189697675,0.946673584325], [-16.11,22.11], 1.0, 2.0, [81.91,132.09], [-15.6015625,48.3984375], [58.49999999999999,181.5], [9.05,54.95], [34.24826805,41.34549195], [95.635625,350.364375], [-5.287636107599999,7.8872454875999995], [138.0,154.0], [7.239086575,7.5402094250000005], 1.0, [-2.12197266,2.12197266]","hospdead, slos, dzclass, edu, income, scoma, totcst, race, sps, surv2m, hday, ca, dnr, meanbp, wblc, hrt, resp, temp, pafi, crea, sod, ph, adlp, adlsc",3.0,1.0,1.0,1,7.0,8908,8908,0.5217391304347826,0.0003666207427540307,1,1
"[44.787467500000005,86.1524725], 1.0, 0.0, [-19.5,19.5], [-145687.73000000004,579453.73], [-22046.448000000004,269231.07200000004], [7.099999999999998,60.400000000000006], [2.4400000000000013,53.56], 0.0, 1.0, [0.619999619,1.1799996190000002], [0.6049997,0.9949996999999999], 0.0, [65.185,164.815], [-16.0,50.0], [33.001173,38.998827], [-95.8775,360.8775], [-20.800600820200003,22.600405500200004], [7.174721965,7.665122035], [-1.167084963,1.167084963]","age, death, dzgroup, scoma, charges, totcst, avtisst, aps, diabetes, ca, prg2m, prg6m, dnr, dnrday, wblc, temp, pafi, bili, ph, adlsc",3.0,1.0,1.0,1,13.0,8909,8909,0.43478260869565216,0.000680867093686057,1,1
"1.0, 0.0, 0.0, [-373082.39999999997,390224.39999999997], 4.0, [-4.98,48.980000000000004], [0.12504394537000002,0.6748828126299999], [-38.690000000000005,40.690000000000005], 1.0, 0.0, [-67.11,73.11], [92.38245683591406,149.515], [7.350000000000001,40.65], [5.019492184,8.980507816]","death, sex, hospdead, charges, race, aps, surv6m, hday, ca, dnr, dnrday, meanbp, resp, adlsc",3.0,0.0,0.0,1,9.0,8913,8913,0.30434782608695654,0.00047136952639803944,0,1
"[65.14410755,105.68181245], 1.0, 0.0, 0.0, [-373082.39999999997,390224.39999999997], [-4.98,48.980000000000004], [-0.2531390149254658,0.6748828126299999], 1.0, 0.0, [-67.11,73.11], [12.485,149.515], [7.350000000000001,40.65]","age, death, sex, hospdead, charges, aps, surv6m, ca, dnr, dnrday, meanbp, resp",3.0,3.0517578125e-05,0.125,1,17.409436536831997,9873,8913,0.2608695652173913,0.0009118086505803581,2,16
"[35.19181645,93.93012354999999], 1.0, 0.0, 0.0, 0.0, [10.885,21.115000000000002], [-32.5,55.586774027404616], [22874.169999999984,620797.8300000001], [96282.15320570001,366380.3467943], [24.830000000000002,75.67], 4.0, [-10.951475013500005,57.34991261350001], [9.149999999999999,58.85], [0.534984130655,0.790943603345], [0.08535095700000017,4.914649043], [112.88,155.12], [7.1585157200000005,7.64031228], 7.0, [4.771928707,9.228071293]","age, death, hospdead, dzgroup, dzclass, edu, scoma, charges, totmcst, avtisst, race, sps, aps, surv6m, alb, sod, ph, adls, adlsc",3.0,0.1,1.0,1,1.5,8922,8922,0.41304347826086957,7.856158773300657e-05,0,0
"1.0, 0.0, 0.0, 0.0, [10.885,21.115000000000002], [-32.5,32.5], [96282.15320570001,366380.3467943], [24.830000000000002,75.67], 4.0, [-10.951475013500005,57.34991261350001], [9.149999999999999,58.85], [0.534984130655,0.790943603345], [57.685,100.315], [0.08535095700000017,4.914649043], [-1.5108824122000004,4.710589452200001], [112.88,155.12], [7.1585157200000005,7.64031228], 7.0, [4.771928707,9.228071293]","death, hospdead, dzgroup, dzclass, edu, scoma, totmcst, avtisst, race, sps, aps, surv6m, hday, alb, crea, sod, ph, adls, adlsc",3.0,0.1,1.0,1,1.5,8922,8922,0.41304347826086957,7.856158773300657e-05,0,0
"[18.652466499999996,87.5220937], 0.0, [-36.2,62.4], [-22.37996128599224,4.589885107793503], [-244133.71000000002,558524.08], [-127700.62,98780.95479999999], [-17.560000000000002,52.01], 2.0, [-5.5704740942,7.9703764342], [800.0,6830.0]","age, hospdead, slos, scoma, charges, totcst, avtisst, dnr, crea, urine",4.0,0.19123137022949369,0.7183098591549296,1,33.27328784008647,9968,8926,0.21739130434782608,0.0017426682145430226,102,142
"[51.230637050000006,100.04134295], [-79.30000000000001,62.4], [3.785,20.215], [-22.37996128599224,25.0], [-439150.30000000005,378297.62], 0.0, 1.0, [0.759999771,1.2199997710000001], 2.0, [44.499999999999986,215.5], [5.9756249999999795,506.649375], [32.935,115.065]","age, slos, edu, scoma, charges, dementia, ca, prg2m, dnr, hrt, pafi, bun",4.0,0.15359020233154297,0.6875,1,35.61654179840001,9790,8926,0.2608695652173913,0.0018653947154941986,11,16
"[18.652466499999996,76.56347350000001], [-79.30000000000001,62.4], [1390.8,2201.2], [2.545,21.455], [-33.0,33.0], [-20.726944271,52.523819271], [6.989999999999998,51.010000000000005], [0.37025390654,1.1323085243641358], [-27.869999999999997,23.785], 0.0, 2.0, [51.5,192.5], [-2.1447914089999998,3.344742589], 0.0, 0.0, [-1.343916018,1.343916018]","age, slos, d.time, edu, scoma, sps, aps, surv6m, hday, dementia, dnr, hrt, crea, adlp, adls, adlsc",4.0,0.48894551440329226,0.8666666666666667,1,37.381344501760005,9850,8928,0.34782608695652173,0.0019578251837685076,13,15
"[60.7752671,108.7586729], 1.0, 0.0, 1.0, [-13.5,27.500000000000004], [-373082.39999999997,261321.82], 4.0, [0.5443994144600001,0.89358886754], [0.12504394537000002,0.6748828126299999], [0.295,0.7050000000000001], [12.485,149.515], [-4.232146071500001,5.831999591500001], 1.0, [4.196323239,8.131718752]","age, death, sex, num.co, scoma, charges, race, surv2m, surv6m, prg2m, meanbp, crea, adlp, adlsc",3.0,1.0,1.0,2,12.0,9619,8929,0.30434782608695654,0.0012569854037281052,1,1
"1.0, 0.0, 3.0, [-27.500000000000004,31.5], [-222105.82,390224.39999999997], [-218129.42939999996,237783.2106], 4.0, [-4.532473549500001,47.930911149500005], [-0.7299999999999969,88.72999999999999], [-48.980000000000004,50.980000000000004], 0.0, 1.0, 2.0, [-67.11,73.11], [-9.5,285.052346136119], [21.2,78.8], [34.35084065,38.64915935], [-81.07999999999998,481.08], [123.36,156.64], [5.868281248,7.803676761]","death, hospdead, income, scoma, charges, totcst, race, sps, aps, hday, dementia, ca, dnr, dnrday, hrt, resp, temp, pafi, sod, adlsc",3.0,0.13168724279835387,0.6666666666666666,1,13.666666666666666,9421,8929,0.43478260869565216,0.0007157833549007265,2,3
"[29.532187399999994,72.5517926], 1.0, 0.0, [-15.900000000000006,75.9], [194.38,1693.62], 1.0, [7.8,20.2], 0.0, [-20.0,20.0], [-221473.27000000002,325563.27], [16.070559389,49.726315611000004], [0.10257446330499997,0.453333740695], [-12.52,34.519999999999996], 0.0, 2.0, [0.349999809,1.049999809], 2.0, [42.855,145.145], [-65.0,65.0], [-3.8999999999999986,51.9], [34.34622885,39.044391149999996], [-0.12461852499999981,5.124618525], [-12.210795214200001,18.6102092742], [-3.1087892118000005,5.3084962518], [104.6,149.4], 0.0, [-2.652465825,2.652465825]","age, death, hospdead, slos, d.time, num.co, edu, income, scoma, charges, sps, surv6m, hday, dementia, ca, prg2m, dnr, meanbp, wblc, resp, temp, alb, bili, crea, sod, adls, adlsc",2.0,1.0,1.0,1,17.0,8958,8930,0.5869565217391305,0.0008903646609740746,1,1
"0.0, [-94.6,102.6], 1.0, [-206372.37,213446.37], [-171749.11640000003,176517.4836], [-7.73,35.730000000000004], [-14.736754758000004,36.736754758000004], [-36.485,38.485], 0.0, [0.534999619,1.2649996190000001], [0.595,0.905], [-44.703125,105.296875], [-3.7500000000000018,27.75], [110.81125,339.18875], [-0.8870803775000002,4.8870803775], [-18.570014958,19.169990538], [-5.0725428746,6.272494054599999], [127.44,148.56], [-28.42401861999997,370.42401861999997], [665.0,4265.0], [-0.17700682700000026,3.854741227]","death, slos, dzclass, charges, totcst, avtisst, sps, hday, diabetes, prg2m, prg6m, wblc, resp, pafi, alb, bili, crea, sod, glucose, urine, adlsc",2.0,1.0,1.0,1,34.5,9722,8932,0.45652173913043476,0.0018069165178591512,2,2
"1.0, 0.0, [-124296.45499999999,147984.705], [-101439.21659475,147335.43539475], [-20.380000000000003,35.38], 4.0, 0.0, [74.625,219.375], [34.6966785,41.6939415]","death, hospdead, totcst, totmcst, avtisst, race, dnr, meanbp, temp",0.0,0.08988803537961923,0.6176470588235294,1,18.78006444605957,9875,8933,0.1956521739130435,0.0009835944537404176,21,34
"[36.22541665,91.65452335], 0.0, [-34.10000000000001,146.10000000000002], [484.7199999999999,1619.2800000000002], 1.0, 0.0, [-16122.5625,142180.4375], 4.0, [-9.370000000000005,57.370000000000005], [-0.14349365235,0.34149169915], [-0.277541198785,0.39553741458499997], [-38.1,50.1], 0.0, 0.0, 2.0, [0.609999714,0.9899997140000001], [0.4199997999999999,0.9799998], 2.0, [-27.025000000000006,139.025], [24.505000000000003,107.495], [-30.0,54.0], [132.04,165.96], [7.1080571500000005,7.71030285], [-29.432016659999988,327.43201666], [-630.0,6120.0], 0.0, [-1.945141605,1.945141605]","age, hospdead, slos, d.time, num.co, income, totcst, race, aps, surv2m, surv6m, hday, diabetes, dementia, ca, prg2m, prg6m, dnr, dnrday, meanbp, wblc, sod, ph, glucose, urine, adls, adlsc",3.0,1.0,1.0,1,5.0,8942,8942,0.5869565217391305,0.0002618719591100219,1,1
"0.0, 0.0, [-95.7,62.4], [348.76,3176.121779619594], [8.870000000000001,23.005], [-33.5,33.5], [-3.4854414345,41.665881039000006], [-33.54,71.53999999999999], 0.0, 1.0, [0.6399997,1.2299997999999999], 2.0, [-46.660000000000004,56.660000000000004], [-13.203125,76.39941406], [35.2948448,40.8926552], [-21.7441009576,23.5439056376], [7.208813575,7.57627881]","death, hospdead, slos, d.time, edu, scoma, sps, aps, diabetes, ca, prg6m, dnr, dnrday, wblc, temp, bili, ph",4.0,0.24710935412080362,0.7560975609756098,1,43.661349792773706,9996,8945,0.3695652173913043,0.00228673664152432,31,41
"[18.652466499999996,76.56347350000001], [-95.7,62.4], [348.76,2606.75], 1.0, [0.6850000000000005,23.314999999999998], [-22.5,22.5], [-338105.06,558524.08], [-127700.62,201569.62], [-17.560000000000002,52.01], [9.560434571999998,41.236440428], [0.57511718798,1.23469726602], [0.47601806643,1.06377685557], [-93.78500000000001,219.10830856621982], [-31.9023438,90.0976562], [-10.5,331.6088025026671], [11.05,38.95], [35.2948448,39.64255745], 0.0","age, slos, d.time, dzgroup, edu, scoma, charges, totcst, avtisst, sps, surv2m, surv6m, dnrday, wblc, hrt, resp, temp, adls",4.0,0.27550608968587587,0.7727272727272727,1,38.82207543954925,9900,8946,0.391304347826087,0.002033282590414366,17,22
"0.0, [-36.2,52.2], 1.0, 0.0, [-22.5,22.5], [-337585.95,362111.95], [6.989999999999998,51.010000000000005], [0.37025390654,1.5319319830553497], 0.0, [0.8049999999999999,1.195], 2.0, [33.54494255,40.8926552], [-7.462537765,8.262464525], [112.4,162.0], [-2.440268559,2.485380862]","hospdead, slos, dzclass, income, scoma, charges, aps, surv6m, dementia, prg2m, dnr, temp, bili, sod, adlsc",4.0,0.401877572016461,0.8333333333333334,1,34.81367808,9940,8946,0.32608695652173914,0.0018233452165270455,10,12
"[-79.30000000000001,62.4], [640.9300000000001,1431.07], [3.785,20.215], [-22.37996128599224,25.0], [-439150.30000000005,378297.62], [-26.931225379500003,48.0390064965], 0.0, 1.0, [0.8614320933741677,1.2199997710000001], 2.0, [-52.80078125,53.0], [51.5,192.5], [5.9756249999999795,506.649375], [121.0,153.0]","slos, d.time, edu, scoma, charges, sps, dementia, ca, prg2m, dnr, wblc, hrt, pafi, sod",4.0,0.401877572016461,0.8333333333333334,1,38.93619470882463,9974,8948,0.30434782608695654,0.002039259517737835,30,36
"[25.43163974887259,76.56347350000001], 1.0, [0.995000000000001,23.005], [-180957.81,558524.08], [-47921.57380000001,161038.3862], [0.674998779655,0.9309582523450001], 0.0, 1.0, 2.0, [-52.80078125,76.39941406], [35.2948448,37.5993744], [-0.601552641,2.510673927]","age, death, edu, charges, totcst, surv6m, dementia, ca, dnr, wblc, temp, adlsc",4.0,0.3504270747052985,0.8108108108108109,1,33.35855257517384,9993,8953,0.2608695652173913,0.001747133903187088,30,37
"1.0, 0.0, [13.04,22.96], [-13.5,31.5], 0.0, 1.0, [-9.5,137.5], [-3.8991912121848387,-0.6999999999999993], [1.8776235555,4.9221810445], [-4.689607238,6.289460758], [2.9785498390000003,6.585903361000001]","sex, hospdead, edu, scoma, diabetes, ca, hrt, resp, alb, crea, adlsc",3.0,3.200000000000001e-05,0.2,1,19.8,8961,8961,0.2391304347826087,0.0010370129580756868,0,0
"[25.43163974887259,76.56347350000001], 1.0, [182.67999999999995,1479.3200000000002], [0.995000000000001,23.005], [-3.4854414345,45.3296629795], [0.6032397460700001,1.20462158193], [0.674998779655,0.98118896505], 0.0, 1.0, 2.0, [-52.80078125,76.39941406], [35.2948448,37.5993744], [-0.601552641,2.510673927]","age, death, d.time, edu, sps, surv2m, surv6m, diabetes, ca, dnr, wblc, temp, adlsc",4.0,0.7835261664684589,0.9523809523809523,1,36.189238783290904,9993,8964,0.2826086956521739,0.001895389371776155,20,21
"1.0, 0.0, [-99.76999999999998,487.77], [4.095,19.905], [-24.5,24.5], [8251.109999999986,286864.39], [-94768.63079129998,317486.50679129997], [-17.375,19.375], 0.0, [-0.07500007200000003,0.474999928], 2.0, [-6.489999999999995,148.49], [-25.690000000000005,101.69], [33.4947666,38.6927334], [-10.075000000000003,114.075]","sex, hospdead, d.time, edu, scoma, totcst, totmcst, hday, diabetes, prg2m, dnr, dnrday, meanbp, temp, bun",4.0,1.0,1.0,1,2.0,8970,8970,0.32608695652173914,0.00010474878364400877,1,1
"1.0, [-41.6,53.6], 6.0, [-434316.19,468930.19], [-225420.69499999998,230491.94499999998], [-9.810000000000002,23.810000000000002], 4.0, [-6.863943630500003,59.4576936305], [6.859999999999999,55.14], [0.12119873097999995,0.7807788090200001], [-0.14542236309999998,0.42337646509999993], 0.0, 0.0, 0.0, 2.0, [-58.10009766,59.89990234], [-1.0272513054999997,6.4266653055]","sex, slos, dzgroup, charges, totcst, avtisst, race, sps, aps, surv2m, surv6m, diabetes, dementia, ca, dnr, wblc, alb",3.0,5.949901826619859e-05,0.14285714285714285,1,26.184,9803,8977,0.3695652173913043,0.001371371075467363,1,7
"1.0, 1.0, [55.5,140.5], [-550.32,746.32], 0.0, [9.66,18.34], [-34.0,34.0], [-250200.51,500384.51], [-50163.360000000015,304435.36], [-81276.14199445001,181714.20439445], [5.273370058999998,58.726629941], [22.369999999999997,97.63], [0.27718994107,0.8785717769299999], [0.32478027295,0.60917968705], [-29.955000000000005,47.955000000000005], 1.0, 0.0, 0.0, [36.14892875,38.64795125], [-108.69813,295.35437], [-16.683014683200003,17.282990263200002], [125.88,152.12], 1.0, [-1.086606449,3.086606449]","death, hospdead, slos, d.time, dzgroup, edu, scoma, charges, totcst, totmcst, sps, aps, surv2m, surv6m, hday, diabetes, dementia, dnr, temp, pafi, bili, sod, adls, adlsc",3.0,1.0,1.0,1,9.0,8978,8978,0.5217391304347826,0.00047136952639803944,1,1
"1.0, 0.0, [182.67999999999995,1479.3200000000002], [-3.636586518837003,25.92], 0.0, [-72.095,116.095], [-52.80078125,67.19921875], [34.4006256,37.5993744], [-5.5704740942,6.8572055116], [-214.36803233999996,478.36803233999996], [875.0,3485.0], [-2.6170996140000002,2.6170996140000002]","death, sex, d.time, edu, dementia, dnrday, wblc, temp, crea, glucose, urine, adlsc",4.0,0.07775999999999998,0.6,1,29.443264,9759,8981,0.2608695652173913,0.0015420730452547161,6,10
"0.0, [182.67999999999995,1321.24], [-22.37996128599224,25.0], [-26.931225379500003,48.0390064965], 0.0, 2.0, [-52.80078125,67.19921875], [51.5,192.5], [-5.5704740942,7.9703764342], [137.16,160.84], [7.06983421,7.56883779]","hospdead, d.time, scoma, sps, dementia, dnr, wblc, hrt, crea, sod, ph",4.0,0.22532211069926403,0.7422680412371134,1,28.55723054903614,9984,8986,0.2391304347826087,0.0014956675821265323,72,97
"0.0, 1.0, [-76.9,116.9], [-112.11000000000001,1479.3200000000002], 2.0, 0.0, 4.0, [6.065496980499997,38.7313780195], [-11.470000000000006,69.47], [0.299271240465,0.968551025535], [0.255,0.745], [0.11499989999999996,0.5849999], 0.0, [130.4,149.6], [-2.0145071922753894,0.884155275]","death, sex, slos, d.time, dzgroup, income, race, sps, aps, surv2m, prg2m, prg6m, dnr, sod, adlsc",4.0,0.1,1.0,1,2.0,8993,8993,0.32608695652173914,0.00010474878364400877,0,0
"[52.388846449999996,111.12715355], 1.0, 0.0, [-72.3,58.6], [-346.20000000000005,464.20000000000005], 5.0, 3.0, 2.0, [11.019620973999999,54.574129026], 0.0, 2.0, [3.5734765960000003,8.100351604]","age, death, sex, slos, d.time, dzgroup, dzclass, num.co, sps, diabetes, dnr, adlsc",0.0,0.1,1.0,1,10.333333333333334,8997,8997,0.2608695652173913,0.0005412020488273786,0,0
"[58.086577199999994,104.4153828], 1.0, 0.0, [-75.9,151.9], [-377.85,533.85], 2.0, [1.3049999999999997,22.695], [-228290.27000000002,318746.27], 4.0, [10.0452473465,38.7516276535], [-0.03036254926500001,0.46432250926499996], [-0.07220764164999999,0.21219177244999998], [-24.725,26.725], 0.0, 1.0, [-0.04000003600000002,0.239999964], [-0.1540000008,0.1559999992], 0.0, [-96.78500000000001,98.78500000000001], [26.47,107.53], [-20.600585940000002,29.399414059999998], [0.7276785455000003,5.8719308545], [7.117808085,7.401723915], [2.7068554279999995,6.384941372]","age, death, hospdead, slos, d.time, num.co, edu, charges, race, sps, surv2m, surv6m, hday, dementia, ca, prg2m, prg6m, dnr, dnrday, meanbp, wblc, alb, ph, adlsc",2.0,1.0,1.0,1,15.0,8999,8999,0.5217391304347826,0.0007856158773300657,1,1
"[44.315248249999996,73.27075175], 0.0, 1.0, [-21.0,183.0], 0.0, [-28529.940000000002,556671.94], [62733.81999999999,240033.18], [-89876.80478980002,393456.8047898], [-7.050000000000004,71.05000000000001], [0.450225830375,1.177703857625], [0.42489379878499994,1.0790124512150001], [-11.100000000000001,77.1], 0.0, 0.0, [-40.77000000000001,202.77], [43.959999999999994,152.04000000000002], [-12.399999999999999,52.4], [35.9010166,41.0989834], [-7.4770500208,8.8769523608], [-42.705,54.705]","age, death, sex, slos, num.co, charges, totcst, totmcst, aps, surv2m, surv6m, hday, diabetes, dementia, dnrday, meanbp, resp, temp, bili, bun",3.0,1.0,1.0,1,9.0,9001,9001,0.43478260869565216,0.00047136952639803944,1,1
"1.0, [-72.3,58.6], [-183224.2459,203035.0741], 0.0, 0.0, [74.625,219.375], [0.1953125,86.1953125], [-103.92001959999999,315.9200196], [-56.75999999999999,80.75999999999999]","death, slos, totcst, dementia, dnr, meanbp, wblc, glucose, bun",0.0,0.5011991798150075,0.8709677419354839,1,39.60446825623623,9965,9003,0.1956521739130435,0.0020742599383542512,54,62
"1.0, [-97653.9325,231616.3075], [2.8900000000000006,41.11], 1.0, 0.0, [4.0,196.0], [33.581875,446.41812500000003], [-2.7831682616999993,6.1830706017], [-263.3600343,471.3600343], [-56.75999999999999,80.75999999999999], [-1900.0,3950.0]","death, totcst, hday, ca, dnr, hrt, pafi, crea, glucose, bun, urine",0.0,1.0,1.0,2,45.64602824704001,9965,9003,0.2391304347826087,0.004781365937057506,16,16
"1.0, 1.0, [-90.9,102.9], 3.0, 3.0, [-439122.30000000005,451402.30000000005], [-4.696255489999999,54.69625549], [-8.010000000000002,36.010000000000005], [0.3277502446150001,0.900032959385], [0.027794189604999964,0.568153076395], 0.0, [0.564999714,1.034999714], [0.27,0.73], [21.854999999999997,124.14500000000001], [-19.413539505400003,20.2134662654], [122.84,147.16], [-256.61603283,446.61603283], 2.0, 3.0, [1.3731542939999999,4.626845706]","death, sex, slos, num.co, income, charges, sps, aps, surv2m, surv6m, diabetes, prg2m, prg6m, meanbp, bili, sod, glucose, adlp, adls, adlsc",2.0,1.0,1.0,1,12.0,9005,9005,0.43478260869565216,0.0006284927018640526,1,1
"1.0, 0.0, [-13.5,31.5], 1.0, [-9.5,137.5], [-0.6999999999999993,40.7], [1.8776235555,4.9221810445], [-4.689607238,6.289460758], [-36.525000000000006,68.525], [2.9785498390000003,6.585903361000001]","sex, hospdead, scoma, ca, hrt, resp, alb, crea, bun, adlsc",3.0,1.6935087808430282e-05,0.1111111111111111,1,19.27552,9326,9006,0.21739130434782608,0.001009543637052882,1,9
"1.0, 0.0, [-90.6,106.6], [-489.19000000000005,787.19], 1.0, [-372552.39999999997,390754.39999999997], [-114446.5964,126173.9636], [-104376.63159535,115966.63159535], [-22.380000000000003,33.38], [6.876403097499999,41.522034502500006], [0.41077148422,0.91515624978], [0.13344238272,0.58848144528], [-20.314999999999998,22.314999999999998], 0.0, 0.0, [-61.60058594,74.39941406], [-16.683014683200003,17.282990263200002], [111.64,158.36], [-204.13602793,394.13602793], [-23.740000000000002,29.740000000000002], 1.0, [-1.945141605,1.945141605]","sex, hospdead, slos, d.time, num.co, charges, totcst, totmcst, avtisst, sps, surv2m, surv6m, hday, diabetes, dnr, wblc, bili, sod, glucose, bun, adlp, adlsc",4.0,1.0,1.0,1,23.0,9007,9007,0.4782608695652174,0.0012046110119061009,1,1
"[51.230637050000006,100.04134295], [-79.30000000000001,62.4], [5.475,22.525], [-439150.30000000005,378297.62], [2.0908090229999985,39.706065977], 0.0, 1.0, [0.759999771,1.2199997710000001], 2.0, [-52.80078125,67.19921875], [5.9756249999999795,506.649375], [122.12,159.88], [32.935,115.065]","age, slos, edu, charges, sps, dementia, ca, prg2m, dnr, wblc, pafi, sod, bun",4.0,0.2693290743429045,0.7692307692307693,1,40.777310208,9790,9014,0.2826086956521739,0.0021356868222812114,10,13
"[15.180827449999999,57.37313255000001], [1.924999999999999,22.075000000000003], 1.0, [-22.37996128599224,33.5], [-180957.81,378297.62], 4.0, 0.0, 0.0, 2.0, [-66.42,66.42], [-52.80078125,67.19921880000001], [121.0,140.24], [-1.521074127,2.510673927]","age, edu, income, scoma, charges, race, dementia, ca, dnr, dnrday, wblc, sod, adlsc",4.0,0.401877572016461,0.8333333333333334,1,27.52,9848,9015,0.2826086956521739,0.0014413432629415605,5,6
"[5.041426649999998,60.470533350000004], [544.3599999999999,1111.64], 0.0, [-165744.13357279997,175432.5320128], [5.42,36.58], 4.0, 0.0, [0.789999771,1.189999771], 2.0, [-109.46000000000001,141.46], [34.5,121.5], [-22.8,34.8], [-15.6540512116,17.0539535516], [132.6,161.4], [-34.68001715,332.68001715], [-39.67,101.67], [-835.0,5015.0], 1.0","age, d.time, dzclass, totmcst, avtisst, race, dementia, prg2m, dnr, dnrday, hrt, resp, bili, sod, glucose, bun, urine, adls",2.0,1.0,1.0,1,49.0,9016,9016,0.391304347826087,0.002566345199278215,1,1
"1.0, [-100.2,124.2], [-670.49,808.49], 2.0, 1.0, [-460561.86,480849.86], [29.83,68.17], [0.555897217005,0.875987548995], [-46.04,48.04], [-53.700195310000005,60.29980469000001], [-12.0,168.0], [-3.650000000000002,47.650000000000006], 5.0, 3.0, [0.45363280800000005,5.546367192]","sex, slos, d.time, dzgroup, num.co, charges, aps, surv2m, hday, wblc, hrt, resp, adlp, adls, adlsc",3.0,1.0,1.0,1,10.0,9022,9022,0.32608695652173914,0.0005237439182200439,1,1
"0.0, 0.0, [48.0,184.0], 0.0, 0.0, [2.2349999999999994,21.765], [-20.0,20.0], [102289.53,494880.97], [18.029999999999998,72.97], 1.0, [17.432931369499997,83.7545686305], [-0.0006433102349999997,0.474642334235], [-50.184999999999995,54.184999999999995], 0.0, 1.0, [-14.995000000000005,246.995], [17.05,44.95], [36.34803345,42.24572655], [-79.75625,183.75625], [108.24,151.76]","sex, hospdead, slos, dzclass, num.co, edu, scoma, totcst, avtisst, race, sps, surv2m, hday, diabetes, ca, dnrday, resp, temp, pafi, sod",1.0,0.1,1.0,1,1.5,9029,9029,0.43478260869565216,7.856158773300657e-05,0,0
"[29.12274775,66.35125225], 0.0, 0.0, 0.0, [48.0,184.0], 0.0, [2.2349999999999994,21.765], [-20.0,20.0], [102289.53,494880.97], [18.029999999999998,72.97], 1.0, [17.432931369499997,83.7545686305], [-0.0006433102349999997,0.474642334235], [-50.184999999999995,54.184999999999995], 0.0, 1.0, [-14.995000000000005,246.995], [17.05,44.95], [36.34803345,42.24572655], [-79.75625,183.75625], [122.51251817169634,151.76]","age, death, sex, hospdead, slos, dzclass, edu, scoma, totcst, avtisst, race, sps, surv2m, hday, diabetes, ca, dnrday, resp, temp, pafi, sod",1.0,0.1,1.0,1,1.5,9029,9029,0.45652173913043476,7.856158773300657e-05,0,0
"[18.652466499999996,99.08713155000001], 0.0, 0.0, [-79.30000000000001,78.0], [0.57511718798,1.23469726602], 0.0, [-16.70117188,33.298828119999996], [-5.5704740942,6.8572055116], 0.0","age, death, hospdead, slos, surv2m, diabetes, wblc, crea, adlp",4.0,0.5708741533207549,0.8939393939393939,1,34.005086628325884,9996,9031,0.1956521739130435,0.0017809957310131418,59,66
"[32.27999999999997,923.72], [7.149999999999999,28.85], [-22.5,22.5], 2.0, 0.0, [-39.125,53.125], [13.6,42.4]","d.time, edu, scoma, race, ca, dnrday, resp",4.0,1.0,1.0,2,21.0,9855,9031,0.15217391304347827,0.002199724456524184,1,1
"[18.652466499999996,87.5220937], 0.0, [-79.30000000000001,62.4], [348.76,1321.24], [-244133.71000000002,558524.08], [-127700.62,98780.95479999999], [-178100.78523235,184399.42195235], 0.0, 2.0, [-52.80078125,53.0], [-2.1278247056,7.9703764342], [121.0,153.0], [800.0,6830.0]","age, hospdead, slos, d.time, charges, totcst, totmcst, dementia, dnr, wblc, crea, sod, urine",4.0,0.3874748651669347,0.8272727272727273,1,33.04288593891421,9968,9038,0.2826086956521739,0.0017306010550944921,91,110
"1.0, 0.0, 0.0, 1.0, [-373082.39999999997,390224.39999999997], 4.0, [-4.98,48.980000000000004], [0.12504394537000002,0.6748828126299999], 1.0, 0.0, [-67.11,73.11], [12.485,149.515], [7.350000000000001,40.65]","death, sex, hospdead, dzclass, charges, race, aps, surv6m, ca, dnr, dnrday, meanbp, resp",3.0,0.0003200000000000001,0.2,1,13.6,9873,9041,0.2826086956521739,0.0007122917287792596,1,5
"[46.96289714999999,94.11900285], 0.0, [3.1950000000000003,12.805], [-32.0,32.0], [-254756.05,317724.05], [-5.267443539000006,60.064318539000006], [0.38413696267499997,0.917620849325], [-14.93,40.93], 1.0, 1.0, [-0.030000036000000008,0.229999964], [-0.33400000080000003,0.3359999992], [-120.77000000000001,122.77000000000001], [-47.20019500000001,57.799805000000006], [-0.8500000000000014,64.85], [120.2,145.8], [1.348520529,5.663198271]","age, dzclass, edu, scoma, charges, sps, surv2m, hday, diabetes, ca, prg2m, prg6m, dnrday, hrt, resp, sod, adlsc",0.0,0.1,1.0,1,3.5,9045,9045,0.3695652173913043,0.00018331037137701535,0,0
"[46.96289714999999,94.11900285], 0.0, [3.1950000000000003,12.805], [10.142751717074361,32.0], [-254756.05,317724.05], 4.0, [-5.267443539000006,60.064318539000006], [-14.93,40.93], 1.0, 1.0, [-0.030000036000000008,0.229999964], [-0.33400000080000003,0.3359999992], [-120.77000000000001,122.77000000000001], [-47.20019500000001,57.799805000000006], [-0.8500000000000014,64.85], [120.2,145.8], [1.348520529,5.663198271]","age, dzclass, edu, scoma, charges, race, sps, hday, diabetes, ca, prg2m, prg6m, dnrday, hrt, resp, sod, adlsc",0.0,0.1,1.0,1,3.5,9045,9045,0.3695652173913043,0.00018331037137701535,0,0
"1.0, [-23.0,23.0], [-163476.92,192732.92], [-138355.66837385,153066.06681385002], [-23.290000000000003,33.290000000000006], [8.57,55.43], [0.595721435825,1.032208252175], 0.0, 1.0, [0.4449999,0.7549999000000001], [50.120000000000005,111.88], [28.5,211.5], [-0.6999999999999993,40.7], [112.52,153.48], [-0.2634375040000001,4.2634375040000005]","death, scoma, charges, totmcst, avtisst, aps, surv2m, diabetes, ca, prg6m, meanbp, hrt, resp, sod, adlsc",2.0,0.0004135537391679411,0.21052631578947367,1,31.188842891444224,9865,9048,0.32608695652173914,0.001633496678071436,4,19
"[51.35863690000001,102.6512431], 0.0, 0.0, 1.0, 2.0, [-26.5,26.5], [2.25,37.75], [0.6997717289150001,1.078060303085], [-40.160000000000004,42.160000000000004], 1.0, 0.0, [0.265,0.735], 2.0, [41.1,156.9], [-40.400390619999996,57.599609380000004], [-1.0,161.0], [33.0013685,39.9986315]","age, sex, hospdead, dzgroup, num.co, scoma, aps, surv2m, hday, diabetes, dementia, prg2m, dnr, meanbp, wblc, hrt, temp",0.0,1.0,1.0,1,2.0,9050,9050,0.3695652173913043,0.00010474878364400877,1,1
"1.0, [-120617.0225,110407.26070000001], [17.949999999999996,96.05000000000001], [-18.845000000000002,20.845000000000002], [-7.902343800000001,44.0976562], [36.0963266,41.2942934], [7.20748066,7.79251934], [-10.469999999999999,54.47], [3.5734765960000003,8.100351604]","death, totcst, aps, hday, wblc, temp, ph, bun, adlsc",0.0,0.14995078952820548,0.6842105263157895,1,33.01781152926925,9897,9051,0.1956521739130435,0.0017292877981390415,13,19
"[37.38420625,99.43171375], 1.0, 0.0, [110.44999999999999,819.55], [6.11,17.89], 0.0, 4.0, [6.1923715229999985,43.807628477], [16.599999999999998,73.4], [0.500523681305,0.8512829586949999], [-27.869999999999997,33.87], 0.0, 1.0, [4.214999999999989,199.78500000000003], [-94.5,94.5], [5.450000000000003,58.55], [-75.93187500000002,213.93187500000002], [-1.6346368069999997,4.034539207], [-1.839042972,1.839042972]","age, death, sex, d.time, edu, income, race, sps, aps, surv6m, hday, dementia, ca, dnrday, hrt, resp, pafi, alb, adlsc",3.0,1.0,1.0,1,1.0,9052,9052,0.41304347826086957,5.2374391822004384e-05,1,1
"0.0, 0.0, [-36.2,52.2], 0.0, [-357444.07999999996,558524.08], [0.37025390654,1.1323085243641358], 0.0, 2.0, [-41.405,139.405], [100.42835011374598,162.0], [7.0767823750000005,7.722045625], [-2.0145071922753894,3.1189584572567193]","death, hospdead, slos, dzgroup, charges, surv6m, dementia, dnr, dnrday, sod, ph, adlsc",4.0,0.3872120990941648,0.8271604938271605,2,32.53561963079358,9974,9053,0.2608695652173913,0.0034080665814297615,67,81
"0.0, 0.0, [-79.30000000000001,62.4], [1080.63,2073.37], [8.870000000000001,23.005], [-33.5,33.5], [-3.4854414345,41.665881039000006], [-21.325249987770533,23.785], 0.0, 0.0, 2.0, [-46.660000000000004,56.660000000000004], [27.519999999999996,166.48000000000002], [-13.203125,76.39941406], [35.2948448,40.8926552], [7.208813575,7.57627881]","death, hospdead, slos, d.time, edu, scoma, sps, hday, diabetes, dementia, dnr, dnrday, meanbp, wblc, temp, ph",4.0,0.2588642078729486,0.7631578947368421,1,32.729943767022085,9996,9057,0.34782608695652173,0.001714210899166185,29,38
"0.0, 0.0, [-79.30000000000001,62.4], [1080.63,2073.37], [8.870000000000001,23.005], [-33.5,33.5], [-3.4854414345,41.665881039000006], [-21.325249987770533,23.785], 0.0, 1.0, 2.0, [-46.660000000000004,56.660000000000004], [27.519999999999996,166.48000000000002], [-13.203125,76.39941406], [35.2948448,40.8926552], [7.208813575,7.57627881]","death, hospdead, slos, d.time, edu, scoma, sps, hday, dementia, ca, dnr, dnrday, meanbp, wblc, temp, ph",4.0,0.279581552734375,0.775,1,30.792155274060185,9996,9057,0.34782608695652173,0.001612720405367627,31,40
"1.0, 0.0, [-57.7,81.7], [182.67999999999995,1479.3200000000002], 4.0, 0.0, [0.8200000000000001,1.18], [-52.80078125,67.19921875], [34.4006256,37.5993744], [-1.521074127,2.510673927]","death, hospdead, slos, d.time, race, dementia, prg2m, wblc, temp, adlsc",4.0,1.0,1.0,2,38.99149102806283,9880,9059,0.21739130434782608,0.004084311257655863,24,24
"[39.7677966,96.0242034], 0.0, [-617.1,801.1], 0.0, 2.0, [-162334.1799925,193058.1799925], [-0.9199999999999982,49.92], [-4.476787056000003,58.875224656], [18.02,71.98], [-0.03229980457500001,0.39429931657500006], [0.36,0.64], [0.295,0.7050000000000001], [-55.30078125,74.69921875], [-11.45,43.45], [32.24826805,39.34549195], [2.3727365145,5.6272634855], [-7.262525555000001,8.462476735000001], [-4.5981150046999995,6.197968524699999], [126.16,149.84], 0.0, [-2.015874027,2.015874027]","age, hospdead, d.time, dzclass, num.co, totmcst, avtisst, sps, aps, surv6m, prg2m, prg6m, wblc, resp, temp, alb, bili, crea, sod, adls, adlsc",3.0,1.0,1.0,1,4.0,9060,9060,0.45652173913043476,0.00020949756728801754,1,1
"1.0, [-72.3,58.6], [-460.11,492.11], [-19.580000000000002,21.580000000000002], [-81.25,142.53]","hospdead, slos, d.time, hday, dnrday",0.0,1.0,1.0,5,35.66935215498465,9997,9072,0.10869565217391304,0.009450092258828703,261,261
"0.0, 0.0, [1080.63,2073.37], [8.870000000000001,23.005], 1.0, [-3.4854414345,41.665881039000006], [-21.325249987770533,23.785], 0.0, 1.0, 2.0, [27.519999999999996,166.48000000000002], [-13.203125,76.39941406], [35.2948448,40.8926552], [7.208813575,7.57627881]","death, hospdead, d.time, edu, race, sps, hday, dementia, ca, dnr, meanbp, wblc, temp, ph",4.0,0.13168724279835387,0.6666666666666666,1,26.16,9871,9073,0.30434782608695654,0.0013701140900636347,4,6
"0.0, 0.0, [1008.77,2447.23], 3.0, [-67771.73200000002,288438.108], [3.790000000000001,29.21], 3.0, [1.8153397654999992,44.3799726345], [-8.310000000000002,78.31], 0.0, 0.0, [-35.97,59.97], [-45.3007812,90.6992188], [35.44779885,40.145961150000005], [-85.166875,538.479375], [-0.4498352299999997,5.84924923], [7.2084814349999995,7.750502565], 0.0, [-1.803676761,1.803676761]","sex, hospdead, d.time, dzclass, charges, avtisst, race, sps, aps, dementia, dnr, dnrday, wblc, temp, pafi, alb, ph, adls, adlsc",3.0,1.0,1.0,1,2.0,9074,9074,0.41304347826086957,0.00010474878364400877,1,1
"[18.652466499999996,87.5220937], 0.0, [-36.2,62.4], [348.76,1321.24], [-244133.71000000002,558524.08], 2.0, [-48.4023438,87.5976562], [-5.5704740942,7.9703764342], [121.0,153.0], [1510.5783312861618,6830.0], 0.0, 0.0","age, hospdead, slos, d.time, charges, dnr, wblc, crea, sod, urine, adlp, adls",4.0,0.620921323059155,0.9090909090909091,1,39.73412742956607,9968,9081,0.2608695652173913,0.0020810507587015453,20,22
"[18.652466499999996,87.5220937], 0.0, [-79.30000000000001,62.4], 1.0, [-22.37996128599224,4.589885107793503], [-244133.71000000002,558524.08], [-127700.62,98780.95479999999], [-178100.78523235,184399.42195235], [-17.560000000000002,52.01], 0.0, 2.0, [-52.80078125,53.0], [-2.1278247056,7.9703764342], [800.0,6830.0]","age, hospdead, slos, dzclass, scoma, charges, totcst, totmcst, avtisst, dementia, dnr, wblc, crea, urine",4.0,0.14539335680000004,0.68,2,29.373656981959076,9955,9081,0.30434782608695654,0.003076854840036559,34,50
"[31.1697786,54.334181400000006], 1.0, [-100.39999999999999,144.39999999999998], 0.0, 1.0, [4.97,13.030000000000001], [-94743.6419,139544.7981], [9.530060120999998,35.266814879], [0.64483154307,1.00507080093], 1.0, 0.0, [0.659999619,1.1399996190000001], 2.0, [106.12,167.88], [-0.07990235599999984,3.279609356], [-8.7205379482,9.520464708199999], 7.0","age, death, slos, dzgroup, num.co, edu, totcst, sps, surv6m, diabetes, dementia, prg2m, dnr, meanbp, alb, bili, adls",3.0,1.0,1.0,1,18.0,9086,9086,0.3695652173913043,0.0009427390527960789,1,1
"[18.652466499999996,99.08713155000001], 0.0, [348.76,1321.24], 0.0, [1.3049999999999997,22.695], 0.0, [2.9599999999999937,111.04]","age, death, d.time, dzclass, edu, dementia, meanbp",4.0,0.13168724279835387,0.6666666666666666,1,27.251062408830904,9974,9091,0.15217391304347827,0.0014272578201660045,50,75
"0.0, 0.0, [-79.30000000000001,62.4], 0.0, [3.785,20.215], [-22.37996128599224,25.0], [-439150.30000000005,558524.08], [-3.4854414345,41.665881039000006], 0.0, 1.0, 2.0, [-41.405,56.660000000000004], [11.85,36.15], [35.2948448,40.8926552], [5.9756249999999795,243.38375], [7.0767823750000005,7.57627881], [-199.16002204999998,273.16002204999995], [32.935,115.065], [-2.0145071922753894,3.1189584572567193]","death, hospdead, slos, dzgroup, edu, scoma, charges, sps, dementia, ca, dnr, dnrday, resp, temp, pafi, ph, glucose, bun, adlsc",4.0,1.0,1.0,1,34.0,9590,9098,0.41304347826086957,0.0017807293219481491,1,1
"[-78.19000000000005,1198.19], 0.0, [1.459999999999999,21.145], 1.0, [-27346.840000000026,685072.8400000001], [-159242.6728904,295659.5478904], [6.013328000000001,48.653328], [-0.02518432639500004,0.5151745603950001], [-21.05,23.05], 0.0, [0.279999905,0.9199999050000001], 2.0, [-99.61500000000001,97.575], [16.1,131.9], [-2.25,39.7], [-12.909014133600001,25.913112265400002], [116.12,153.88]","d.time, dzgroup, edu, income, charges, totmcst, avtisst, surv6m, hday, dementia, prg2m, dnr, dnrday, meanbp, resp, bili, sod",3.0,0.004115226337448558,0.3333333333333333,1,20.0,9193,9099,0.3695652173913043,0.0010474878364400877,1,3
"0.0, [174.3,347.7], [1202.97,1831.03], [5.3500000000000005,14.649999999999999], 0.0, [-14.499999999999998,14.499999999999998], [2.870000000000001,38.129999999999995], 4.0, [-16.1203193625,58.1203193625], [-11.660000000000004,53.660000000000004], [0.53374511692,1.23212402308], 0.0, 1.0, 2.0, [161.37,360.63], [-16.500000000000004,46.5], [191.40124999999998,665.72375], [-13.6670753468,15.2669288668], [-1.4619290124000002,3.6616360524], [118.96,149.04], [7.38931686,7.63021514], 3.0, [1.762182615,4.237817385]","death, slos, d.time, edu, income, scoma, avtisst, race, sps, aps, surv2m, dementia, ca, dnr, dnrday, resp, pafi, bili, crea, sod, ph, adlp, adlsc",4.0,0.1,1.0,1,1.0,9107,9107,0.5,5.2374391822004384e-05,0,0
"0.0, [174.3,347.7], [1202.97,1831.03], [5.3500000000000005,14.649999999999999], [-14.499999999999998,14.499999999999998], [2.870000000000001,38.129999999999995], 4.0, [-11.660000000000004,53.660000000000004], [0.53374511692,1.23212402308], 0.0, 0.0, 1.0, 2.0, [161.37,360.63], [-16.500000000000004,46.5], [191.40124999999998,665.72375], [-13.6670753468,15.2669288668], [-1.4619290124000002,3.6616360524], [118.96,149.04], [7.38931686,7.63021514], 3.0, [1.762182615,4.237817385]","death, slos, d.time, edu, scoma, avtisst, race, aps, surv2m, diabetes, dementia, ca, dnr, dnrday, resp, pafi, bili, crea, sod, ph, adlp, adlsc",4.0,0.1,1.0,1,1.0,9107,9107,0.4782608695652174,5.2374391822004384e-05,0,0
"[55.763497349999994,99.61040265], 0.0, 0.0, [-68.2,88.2], [107.84999999999991,1222.15], 0.0, 3.0, [-8.830000000000002,42.83], [19.8319975295,46.5586274705], [0.22717163095499998,0.672730713045], [-47.510000000000005,49.510000000000005], 0.0, [26.0,176.0], [9.149999999999999,38.85], [0.9603295519999997,6.839475048000001], [-16.183075713200004,17.7829292332], [-1.6279467756000001,4.2275561556], [-226.86403331999998,486.86403332], [710.0,4490.0], 2.0, [0.30242187200000004,3.697578128]","age, sex, hospdead, slos, d.time, dzgroup, income, avtisst, sps, surv6m, hday, diabetes, hrt, resp, alb, bili, crea, glucose, urine, adls, adlsc",3.0,0.1,1.0,1,9.5,9110,9110,0.45652173913043476,0.0004975567223090417,0,0
"[55.763497349999994,99.61040265], 0.0, 0.0, 0.0, [-68.2,88.2], [107.84999999999991,1222.15], 0.0, 3.0, [-13.0,13.0], [-8.830000000000002,42.83], [19.8319975295,46.5586274705], [0.22717163095499998,0.672730713045], [-47.510000000000005,49.510000000000005], 0.0, [26.0,176.0], [9.149999999999999,38.85], [0.9603295519999997,6.839475048000001], [-16.183075713200004,17.7829292332], [-1.6279467756000001,4.2275561556], [-226.86403331999998,486.86403332], [710.0,4490.0], 2.0, [0.30242187200000004,3.697578128]","age, death, sex, hospdead, slos, d.time, dzclass, income, scoma, avtisst, sps, surv6m, hday, diabetes, hrt, resp, alb, bili, crea, glucose, urine, adls, adlsc",3.0,0.1,1.0,1,9.5,9110,9110,0.5,0.0004975567223090417,0,0
"[-79.50000000000001,107.50000000000001], [-352.66999999999996,842.67], 0.0, 1.0, 3.0, [-26.5,26.5], [-187816.03999999998,270168.04], [-142521.7944,180416.32559999998], [-8.75,52.75], [-3.6600000000000037,61.660000000000004], [0.557708740125,0.8002014158749999], [0.39536132860000006,0.7745605474], [-23.459999999999997,29.459999999999997], 0.0, 0.0, 2.0, [0.49999979999999994,0.8999998], 2.0, [-115.15,143.15], [26.505000000000003,109.495], [7.5,232.5], [-9.45,45.45], [36.3944147,39.7930853], [0.26237643249999976,3.9368423674999997], [108.12,145.88], [7.1255953100000005,7.45252869]","slos, d.time, dzgroup, num.co, income, scoma, charges, totcst, avtisst, aps, surv2m, surv6m, hday, diabetes, dementia, ca, prg6m, dnr, dnrday, meanbp, hrt, resp, temp, alb, sod, ph",2.0,1.0,1.0,1,20.0,9112,9112,0.5652173913043478,0.0010474878364400877,1,1
"1.0, [-72.3,58.6], [-346.20000000000005,464.20000000000005], 2.0, [5.900000000000002,55.099999999999994], [11.019620973999999,54.574129026], [0.344451904375,1.055450439625], 0.0, [-175.87203136,495.87203136]","death, slos, d.time, num.co, avtisst, sps, surv6m, diabetes, glucose",0.0,0.17831521367830508,0.7083333333333334,1,38.51358406276836,9884,9116,0.1956521739130435,0.0020171255421731335,17,24
"[53.872238100000004,85.3096419], 0.0, 0.0, 5.0, 3.0, 0.0, [2.8100000000000023,51.19], 1.0, [-9.088474473000002,52.283786873], [0.24749755825000003,0.7324829097500001], [0.12882934566499998,0.707108154335], [-33.28,37.28], 0.0, 1.0, [0.374999809,1.024999809], [-28.489999999999995,126.49], [9.469999999999999,90.53], [10.5,199.5], [13.189999999999998,434.81], [-1.6725184645999995,9.6725184646], [114.92,143.08], [27.295,124.705], [-800.0,1540.0], 0.0","age, death, hospdead, dzgroup, dzclass, num.co, avtisst, race, sps, surv2m, surv6m, hday, diabetes, ca, prg2m, dnrday, meanbp, hrt, pafi, crea, sod, bun, urine, adls",2.0,1.0,1.0,1,3.0,9118,9118,0.5217391304347826,0.00015712317546601315,1,1
"1.0, 1.0, 0.0, [-60.0,76.0], [-435.76,617.76], 4.0, [-20.0,20.0], [-150319.668,166286.332], 1.0, [-50.45,52.45], [-0.045000048000000015,0.644999952], [-0.21500004,0.41499996], [-97.165,113.165], [-22.5,59.5], [-0.6999999999999993,40.7], [31.9965612,38.394058799999996], 5.0, 5.0, [3.514619138,6.4853808619999995]","death, sex, hospdead, slos, d.time, dzgroup, scoma, totcst, race, hday, prg2m, prg6m, dnrday, wblc, resp, temp, adlp, adls, adlsc",3.0,0.1,1.0,1,6.0,9119,9119,0.41304347826086957,0.0003142463509320263,0,0
"[34.347978,67.439982], 0.0, 0.0, 3.0, [-173995.72619999998,281916.9138], [-169738.34649025,292271.72149024997], [-10.797817989999999,48.59469299], [-26.729999999999997,62.73], [0.16808837889,0.8858666991099999], [0.16309082043,0.75084960957], [-18.11,20.11], 0.0, 1.0, [-0.08500000000000002,0.385], 2.0, [32.625,177.375], [-51.5,66.5], [1.2227914045000001,6.577013195499999], [-2.1852614620999997,4.5851638021], [108.48,147.52], [-56.625,86.625], [-1665.0000000000005,3465.0000000000005], 0.0, [-1.945141605,1.945141605]","age, sex, hospdead, dzclass, totcst, totmcst, sps, aps, surv2m, surv6m, hday, dementia, ca, prg6m, dnr, meanbp, wblc, alb, crea, sod, bun, urine, adls, adlsc",3.0,0.1,1.0,1,4.5,9122,9122,0.5217391304347826,0.00023568476319901972,0,0
"[34.347978,67.439982], 0.0, 0.0, 3.0, [-169738.34649025,292271.72149024997], [-10.797817989999999,48.59469299], [-26.729999999999997,62.73], [0.16808837889,0.8858666991099999], [0.16309082043,0.75084960957], [-18.11,20.11], 0.0, 0.0, 1.0, [-0.08500000000000002,0.385], 2.0, [32.625,177.375], [-51.5,66.5], [1.2227914045000001,6.577013195499999], [-2.1852614620999997,4.5851638021], [108.48,147.52], [-56.625,86.625], [-1665.0000000000005,3465.0000000000005], 0.0","age, sex, hospdead, dzclass, totmcst, sps, aps, surv2m, surv6m, hday, diabetes, dementia, ca, prg6m, dnr, meanbp, wblc, alb, crea, sod, bun, urine, adls",3.0,0.1,1.0,1,4.5,9122,9122,0.5,0.00023568476319901972,0,0
"[37.43708654999999,99.08713155000001], 0.0, [182.67999999999995,2606.75], 1.0, [0.629999999999999,47.370000000000005], [-22.2421314965,48.0390064965], [3.4400000000000013,53.89], [0.26176391566499996,0.8400427243349999], 2.0, [-93.78500000000001,101.78500000000001], [34.54974985,39.64255745], [2.0799756160000005,7.119243184]","age, hospdead, d.time, dzclass, avtisst, sps, aps, surv6m, dnr, dnrday, temp, alb",4.0,0.28809060803792885,0.7796610169491526,1,20.87527427029237,9940,9130,0.2608695652173913,0.0010933297940240992,46,59
"[-50.9,74.9], 5.0, 2.0, [-3.5,21.5], [-150092.1147,172846.0053], [-202182.509791,224288.32219099998], [3.8599999999999994,48.14], [6.760000000000002,69.24], [-18.845000000000002,20.845000000000002], 1.0, [0.38,1.12], [0.625,0.875], 2.0, [-39.9003906,60.0996094], [34.74807255,40.84568745], [1.4350030670000002,4.164606333], [-5.1725184645999995,6.1725184645999995], [131.48,154.52], [7.12856515,7.730810849999999]","slos, dzgroup, income, scoma, totcst, totmcst, avtisst, aps, hday, diabetes, prg2m, prg6m, dnr, wblc, temp, alb, crea, sod, ph",3.0,1.0,1.0,1,6.0,9132,9132,0.41304347826086957,0.0003142463509320263,1,1
"[-72.3,58.6], [-27.500000000000004,27.500000000000004], [-183224.2459,203035.0741], 0.0, [0.1953125,86.1953125], [4.0,196.0], [9.5,54.5]","slos, scoma, totcst, dnr, wblc, hrt, resp",0.0,0.22569714741830935,0.7425149700598802,1,28.82314524759318,9986,9134,0.15217391304347827,0.0014418110479379488,124,167
"1.0, 0.0, [-58.599999999999994,138.6], 0.0, 0.0, 3.0, [-183237.4812,260010.9188], [-205491.85678935,299165.29438935], [0.65496826125,1.1289672847499999], [-11.05,33.05], 1.0, 2.0, [-13.0,156.5], [32.95119255,39.04880745], [63.311874999999986,616.688125], [-114.43201665999999,242.43201666], [-34.80499999999999,100.80499999999999], 7.0, [5.549985349,8.450014651]","sex, hospdead, slos, dzgroup, dzclass, income, totcst, totmcst, surv6m, hday, diabetes, dnr, hrt, temp, pafi, glucose, bun, adlp, adlsc",2.0,0.051562500000000004,0.75,1,9.5,9137,9137,0.41304347826086957,0.0004975567223090417,0,0
"1.0, 1.0, [-102.8,114.8], [481.71,1150.29], 1.0, 3.0, [-220808.70529999997,228771.8147], [0.516527099645,1.069410400355], [0.45843261766000004,0.8755517583400001], 0.0, [0.43499971400000004,1.164999714], [-19.0,179.0], [33.44459065,37.74290935], [-2.374904635,6.774318695], [122.52,147.48], [7.3473000850000005,7.631215915], 0.0, [-2.12197266,2.12197266]","death, sex, slos, d.time, dzclass, income, totcst, surv2m, surv6m, dementia, prg2m, hrt, temp, crea, sod, ph, adlp, adlsc",2.0,0.13168724279835387,0.6666666666666666,1,36.0,9865,9139,0.391304347826087,0.0018854781055921577,2,3
"[25.43163974887259,76.56347350000001], 1.0, [182.67999999999995,1479.3200000000002], [0.995000000000001,23.005], [-180957.81,558524.08], [-47921.57380000001,161038.3862], [0.6032397460700001,1.20462158193], [0.674998779655,0.98118896505], 1.0, [27.519999999999996,166.48000000000002], [-52.80078125,76.39941406], [35.2948448,37.5993744]","age, death, d.time, edu, charges, totcst, surv2m, surv6m, ca, meanbp, wblc, temp",4.0,0.3666478320532007,0.8181818181818182,1,28.62444730176463,9993,9143,0.2608695652173913,0.0014991880186709368,27,33
"[37.43708654999999,100.454993], 0.0, [-79.30000000000001,171.5], [-77047.49250000001,100251.86750000001], [-12.353818813500006,55.947568813500006], [-22.729999999999997,84.92], [-39.425000000000004,41.425000000000004], 1.0, 0.0, 1.0, [0.27999969999999996,1.0335208109536187], [-63.489999999999995,139.855], [31.72909625082209,39.64716925], 5.0","age, hospdead, slos, totcst, sps, aps, hday, diabetes, dementia, ca, prg6m, dnrday, temp, adls",2,0.0,0.0,1,13.0,9151,9151,0.30434782608695654,0.000680867093686057,0,4
"0.0, [-62.400000000000006,114.4], [182.67999999999995,2606.75], 1.0, [-33.5,33.5], [-93854.19380000001,127770.0062], [-22.2421314965,67.95263122200001], 2.0, [34.54974985,39.64255745], [2.0799756160000005,7.119243184], [100.42835011374598,162.0]","death, slos, d.time, dzclass, scoma, totcst, sps, dnr, temp, alb, sod",4.0,0.2994492622121735,0.7857142857142857,2,26.508689968283992,9996,9159,0.2391304347826087,0.0027767530301738854,33,42
"1.0, 0.0, [182.67999999999995,1479.3200000000002], [2.545,21.455], [0.629999999999999,47.370000000000005], [3.4400000000000013,53.89], [-21.325249987770533,-10.489153257048741], 0.0, [-72.095,101.78500000000001], [57.49999999999999,162.5], [-5.3619174975,8.3619174975]","death, hospdead, d.time, edu, avtisst, aps, hday, diabetes, dnrday, hrt, crea",4.0,0.021690046183836728,0.7361111111111112,1,21.63927856513024,9169,9169,0.2391304347826087,0.001133344054315632,0,0
"1.0, [0.995000000000001,23.005], [-3.4854414345,45.3296629795], [0.6967895509500001,0.9309582523450001], [-42.510000000000005,54.510000000000005], 0.0, 2.0, [27.519999999999996,166.48000000000002], [-52.80078125,76.39941406], [-5.556426099179218,39.599999999999994], [35.2948448,37.5993744], [-0.601552641,2.510673927]","death, edu, sps, surv6m, hday, dementia, dnr, meanbp, wblc, resp, temp, adlsc",4.0,0.24710935412080362,0.7560975609756098,1,34.765591626272546,9993,9181,0.2608695652173913,0.001820826717758193,31,41
"[18.652466499999996,99.08713155000001], 0.0, 0.0, 0.0, [2.9599999999999937,111.04], [-10.5,203.0], [-1.344864659,4.144669339]","age, death, dzclass, dementia, meanbp, hrt, crea",4.0,0.11839692445253605,0.6526315789473685,1,25.28106231830959,9989,9185,0.15217391304347827,0.001324080263535657,62,95
"1.0, 0.0, [407.63,1400.37], 3.0, [-357188.62,380674.62], [-113527.2761,127093.2839], 1.0, [0.48690551778499996,1.1410241702150001], [-55.885000000000005,65.885], [-62.30078125,79.69921875], [-2.1999999999999993,30.2], [-4.2470439945,7.646946334500001], [-120.87203136,550.8720313599999], [465.0,4605.0], [1.488793985,6.086401415]","sex, hospdead, d.time, income, charges, totcst, race, surv6m, dnrday, wblc, resp, crea, glucose, urine, adlsc",2.0,0.003125,0.5,1,13.0,9186,9186,0.32608695652173914,0.000680867093686057,0,0
"1.0, [-32.075,41.11], 0.0, 0.0, 1.0, 0.0, [45.155,108.845], [36.0963266,41.2942934], [33.581875,446.41812500000003], [-2.7831682616999993,6.1830706017], [-263.3600343,471.3600343], [-56.75999999999999,80.75999999999999], [-1900.0,3950.0]","death, hday, diabetes, dementia, ca, dnr, meanbp, temp, pafi, crea, glucose, bun, urine",0.0,0.7737809374999998,0.95,1,48.340383664734205,9965,9189,0.2826086956521739,0.0025317981948828096,19,20
"[50.8858483,79.01405170000001], 1.0, 0.0, [63.49000000000001,610.51], 2.0, 2.0, [-300289.07,501183.07], [10.400000000000002,59.599999999999994], 4.0, [-1.537535958000003,49.935973558], [0.38808837848999994,1.01376708951], 1.0, 0.0, [0.265,0.735], [0.10499990000000003,0.6949999], 0.0, [-73.25,267.68022487475946], [-55.20019531,68.79980469], [33.3948057,38.7926943], [127.03999999999999,144.96], [7.21692423,7.6815137700000005], [1775.0,7625.0]","age, sex, hospdead, d.time, dzgroup, income, charges, avtisst, race, sps, surv6m, diabetes, dementia, prg2m, prg6m, dnr, dnrday, wblc, temp, sod, ph, urine",3.0,0.1,1.0,1,8.5,9190,9190,0.4782608695652174,0.0004451823304870373,0,0
"[50.8858483,79.01405170000001], 1.0, 0.0, [63.49000000000001,610.51], 2.0, 2.0, [-300289.07,501183.07], 4.0, [-1.537535958000003,49.935973558], [0.38808837848999994,1.01376708951], 1.0, 0.0, [0.265,0.735], [0.10499990000000003,0.6949999], 0.0, [-73.25,111.25], [-55.20019531,68.79980469], [33.3948057,38.7926943], [127.03999999999999,144.96], [7.21692423,7.6815137700000005], [1775.0,7625.0]","age, sex, hospdead, d.time, dzgroup, income, charges, race, sps, surv6m, diabetes, dementia, prg2m, prg6m, dnr, dnrday, wblc, temp, sod, ph, urine",0,0.1,1.0,1,8.5,9190,9190,0.45652173913043476,0.0004451823304870373,0,0
"[-31.10000000000001,149.10000000000002], [-78.19000000000005,1518.5990153421603], 0.0, [1.459999999999999,21.145], 1.0, [89823.41,685072.8400000001], [-159242.6728904,303155.99259385], [29.07,48.653328], 4.0, [21.85,114.15], 0.0, 0.0, 2.0, [-99.61500000000001,123.575], [16.1,131.9], [-53.1015625,74.8984375], [14.0,194.0], [-13.2670509368,15.666953276800001], [-49.3,65.3]","slos, d.time, dzgroup, edu, income, charges, totmcst, avtisst, race, aps, diabetes, dementia, dnr, dnrday, meanbp, wblc, hrt, bili, bun",3.0,0.0,0.0,1,9.0,9193,9193,0.41304347826086957,0.00047136952639803944,0,2
"[30.800476499999995,88.71148350000001], 0.0, 0.0, 0.0, [-27346.840000000026,484198.58999999997], [6.013328000000001,68.43], [-14.951475013500005,53.34991261350001], [-0.02518432639500004,0.5151745603950001], [-21.05,38.28], 0.0, [0.279999905,1.201676568238707], [-2.25,0.5239921123009808], [-21.015003206000003,25.913112265400002], [116.12,150.92000000000002]","age, death, hospdead, dzgroup, charges, avtisst, sps, surv6m, hday, dementia, prg2m, resp, bili, sod",3.0,0.050016000000000005,0.6,1,10.0,9193,9193,0.30434782608695654,0.0005237439182200439,0,0
"0.0, 1.0, 0.0, [1678.71,2347.29], 3.0, 1.0, [8.870000000000001,23.13], 0.0, [-22.0,22.0], [7395.920000000042,923364.08], 4.0, [-1.9651918005000013,44.5589418005], [-1.8800000000000026,37.88], [0.6149658204,1.0029541016], [0.41599853537000003,0.9658374026300001], [-47.980000000000004,51.980000000000004], 0.0, 1.0, 2.0, [67.12,128.88], [-35.6015625,52.3984375], [-24.5,188.5], [0.5853509570000002,5.414649043], [126.8,149.2], 1.0","death, sex, hospdead, d.time, dzgroup, dzclass, edu, income, scoma, charges, race, sps, aps, surv2m, surv6m, hday, dementia, ca, dnr, meanbp, wblc, hrt, alb, sod, adls",2.0,0.1,1.0,1,3.5,9202,9202,0.5434782608695652,0.00018331037137701535,0,0
"0.0, 0.0, 0.0, 1.0, [48.58,181.42000000000002], [-11.480000000000004,127.48], [-0.5,44.5], [116.88,159.12], [-120.41602057999998,320.41602058], [-28.064999999999998,54.065], [-310.0,3830.0]","hospdead, dzclass, dementia, ca, dnrday, meanbp, resp, sod, glucose, bun, urine",1.0,1.0,1.0,1,9.0,9203,9203,0.2391304347826087,0.00047136952639803944,1,1
"[144.54999999999995,1461.45], 0.0, 3.0, [-14.499999999999998,14.499999999999998], 0.0, [-0.08500010000000002,0.48499990000000004], 0.0, [-62.20019531,75.79980469], [33.34642435,39.04419565], [91.14937499999999,468.85062500000004], [-120.16802009,310.16802009], [-39.3,75.3], [1315.0,7655.002643321904], [-1.450014651,1.450014651]","d.time, num.co, income, scoma, dementia, prg6m, dnr, wblc, temp, pafi, glucose, bun, urine, adlsc",4.0,0.1,1.0,1,2.5,9207,9207,0.30434782608695654,0.00013093597955501096,0,0
"[48.907046699999995,103.5088533], 1.0, 0.0, 0.0, 2.0, [5.42,16.58], [-378009.39999999997,385297.39999999997], 1.0, [5.661997071999998,37.338002928], [8.41,49.59], [0.28214843798,0.9417285160200001], [0.192728271485,0.657247314515], [-27.665000000000003,29.665000000000003], 1.0, 0.0, [-0.13000007200000002,0.5299999280000001], [-0.327000006,0.34299999400000003], 2.0, [-98.47500000000001,104.47500000000001], [53.785,152.215], [-7.5,187.5], [-2.7086427318000004,5.7086427318], [103.52,144.48]","age, death, sex, hospdead, num.co, edu, charges, race, sps, aps, surv2m, surv6m, hday, diabetes, dementia, prg2m, prg6m, dnr, dnrday, meanbp, hrt, crea, sod",0.0,1.0,1.0,1,3.0,9208,9208,0.5,0.00015712317546601315,1,1
"0.0, [-265.92999999999995,969.93], 5.0, [4.849999999999998,58.150000000000006], 4.0, [-12.86,80.86], [-5.75,67.75], 0.0, 1.0, 2.0, [-91.46000000000001,159.46], [6.0,204.0], [3.5,48.5], [-2.039375000000007,604.0393750000001], [7.36963921,7.86864279], [-95.38402841999994,513.3840284199999], [-4.469999999999999,60.47], [-435.0,3615.0], 0.0, [-1.697578128,1.697578128]","sex, d.time, dzgroup, avtisst, race, aps, hday, diabetes, ca, dnr, dnrday, hrt, resp, pafi, ph, glucose, bun, urine, adls, adlsc",3.0,0.03125,0.5,1,7.5,9209,9209,0.43478260869565216,0.00039280793866503286,1,2
"1.0, 0.0, [-83.50000000000001,103.50000000000001], [233.70999999999998,902.29], 1.0, 3.0, [4.25,19.75], 1.0, [-34.0,34.0], [-19.732006679500003,52.5288816795], [0.700748290915,1.079036865085], [0.564999905,1.134999905], [0.61,0.89], [-5.899999999999999,109.9], [71.0,149.0], [28.05,55.95], [-2.8173458085,5.4169551885], [125.6,170.4], [7.154375679999999,7.70500032], [-195.62403086999996,465.62403086999996], 4.0, [2.8329150370000002,5.167084963]","death, hospdead, slos, d.time, dzclass, num.co, edu, income, scoma, sps, surv2m, prg2m, prg6m, meanbp, hrt, resp, crea, sod, ph, glucose, adls, adlsc",4.0,0.1,1.0,1,1.0,9213,9213,0.4782608695652174,5.2374391822004384e-05,0,0
"0.0, [-154.2800000000001,980.2800000000001], [5.87,20.13], [-21.0,21.0], [28.150000000000002,77.35], 4.0, [11.6265602125,36.373439787500004], [-25.665000000000003,31.665000000000003], 1.0, [0.604999619,1.194999619], 2.0, [-21.95,41.95], [-6.1704496742,7.3704008542], [117.68,150.32], [-2.12197266,2.12197266]","hospdead, d.time, edu, scoma, avtisst, race, sps, hday, ca, prg2m, dnr, resp, crea, sod, adlsc",3.0,0.0009765625,0.25,1,28.0,9216,9216,0.32608695652173914,0.0014664829710161228,1,4
"0.0, [182.67999999999995,1479.3200000000002], 2.0, [2.545,21.455], [-54.125,56.125], 0.0, 2.0, [75.015,130.985], [57.49999999999999,162.5], 1.0","hospdead, d.time, dzclass, edu, hday, dementia, dnr, meanbp, hrt, adls",4.0,1.0,1.0,1,38.0,9739,9219,0.21739130434782608,0.001990226889236167,1,1
"[18.652466499999996,87.5220937], 0.0, 0.0, [2.545,21.455], [-33.5,33.5], [-127700.62,98780.95479999999], 0.0, [0.585,0.915], 2.0, [57.49999999999999,162.5], [100.42835011374598,162.0]","age, death, hospdead, edu, scoma, totcst, dementia, prg6m, dnr, hrt, sod",4.0,0.3276800000000001,0.8,1,32.08389019501652,9996,9225,0.2391304347826087,0.00168037423624796,52,65
"[52.388846449999996,111.12715355], 1.0, 0.0, 0.0, [-72.3,58.6], [-346.20000000000005,464.20000000000005], 2.0, [11.019620973999999,54.574129026], [0.24661499073499998,0.7413000492649999], 0.0, 2.0, [-3.8407270782000005,6.0404341182], [128.56,155.44], [3.5734765960000003,8.100351604]","age, death, sex, hospdead, slos, d.time, num.co, sps, surv2m, diabetes, dnr, crea, sod, adlsc",0.0,0.0,0.0,1,19.0,9227,9227,0.30434782608695654,0.0009951134446180834,0,1
"[50.4175582,80.2003618], 0.0, 1.0, [6.42,17.58], [-1.858566891999999,45.655441892], [0.454967041495,1.104847412505], 0.0, [0.4999997,1.0999997], 2.0, [-104.15,154.15], [32.41499999999999,165.585], [-39.4003906,68.5996094], [-9.650000000000002,41.650000000000006], [124.576875,572.548125]","age, sex, dzclass, edu, sps, surv2m, diabetes, prg6m, dnr, dnrday, meanbp, wblc, resp, pafi",2.0,0.1043582467665522,0.6363636363636364,2,26.073023999999997,9923,9230,0.30434782608695654,0.002731117549921048,7,11
"1.0, [-73.80000000000001,109.80000000000001], [-1.92,17.92], [-22.2421314965,48.0390064965], [-3.913908973780533,59.125], 0.0, 2.0, [-46.660000000000004,56.660000000000004], [42.379999999999995,159.94529664961422], [-27.950004580000005,28.049995420000002], [13.6,42.4], [2.0799756160000005,5.794514779], [109.0,157.0], [-2.1927050820000002,2.202451174]","sex, slos, edu, sps, hday, dementia, dnr, dnrday, meanbp, wblc, resp, alb, sod, adlsc",4.0,0.2373046875,0.75,1,38.736340100308205,9996,9233,0.30434782608695654,0.0020287922541639626,57,76
"[57.73345649999999,115.6444635], 1.0, 0.0, 0.0, [-24.0,24.0], [-407395.86,534015.86], 4.0, [1.2024963399999962,40.797503660000004], [0.35846191384,0.8893408201599999], [-26.015,46.015], [-0.03500007200000002,0.434999928], [-0.24000004000000003,0.43999996], 2.0, [-50.18000000000001,112.18], [71.505,154.495], [-42.5,182.5], [0.45279755050000015,4.5472024495], [-7.391647716600001,9.591354756600001], [-2.2086427318000004,6.2086427318]","age, death, hospdead, dzclass, scoma, charges, race, sps, surv6m, hday, prg2m, prg6m, dnr, dnrday, meanbp, hrt, alb, bili, crea",3.0,0.004115226337448558,0.3333333333333333,1,18.0,9235,9235,0.41304347826086957,0.0009427390527960789,1,3
"1.0, [-72.3,58.6], [5.659999999999999,14.34], [-17.0,17.0], [27.10387192679465,76.33588149650001], [9.875,102.125], [-8.299999999999997,58.3], [32.54654165,38.84407835]","hospdead, slos, edu, scoma, sps, dnrday, resp, temp",0.0,1.0,1.0,1,43.15761461670708,9997,9237,0.17391304347826086,0.00226035381803848,19,19
"[37.43708654999999,100.454993], 1.0, 0.0, [-79.30000000000001,171.5], 7.0, [-77047.49250000001,100251.86750000001], [-12.353818813500006,55.947568813500006], [-22.729999999999997,84.92], [0.18513549783499997,0.554854736165], [-39.425000000000004,41.425000000000004], 0.0, [0.27999969999999996,1.0335208109536187], [-63.489999999999995,139.855], [33.149710750000004,39.64716925], 5.0","age, death, hospdead, slos, dzgroup, totcst, sps, aps, surv6m, hday, dementia, prg6m, dnrday, temp, adls",2,0.003125,0.5,1,14.5,9238,9238,0.32608695652173914,0.0007594286814190636,0,0
"[37.43708654999999,100.454993], 0.0, [-79.30000000000001,171.5], [-77047.49250000001,100251.86750000001], [-12.353818813500006,55.947568813500006], [-22.729999999999997,84.92], [-39.425000000000004,41.425000000000004], 0.0, 2.0, [0.27999969999999996,1.0335208109536187], [-63.489999999999995,139.855], [33.149710750000004,39.64716925], [776.0,3476.0], 5.0","age, hospdead, slos, totcst, sps, aps, hday, dementia, ca, prg6m, dnrday, temp, urine, adls",2,0.003125,0.5,1,14.5,9238,9238,0.30434782608695654,0.0007594286814190636,0,0
"[28.68302685,80.80293315], 1.0, 0.0, [-34.900000000000006,56.900000000000006], 6.0, 1.0, [-445411.07999999996,470557.07999999996], [-6.17,24.17], [1.335589399499998,47.8597230005], [0.391168212975,0.730657959025], [0.10626342742,0.37170288058], [-35.015,37.015], 0.0, 0.0, [-75.715,97.715], [-29.620000000000005,101.62], [-65.80004883,68.19995117], [-27.0,87.0], [34.4949621,40.6925379], [-1.6682947587000003,5.4680994387], [128.6,157.4], [7.2543168200000006,7.56404318], [-2365.0,2585.0], 0.0, [-0.9548876970000001,0.9548876970000001]","age, death, hospdead, slos, dzgroup, income, charges, avtisst, sps, surv2m, surv6m, hday, diabetes, dementia, dnrday, meanbp, wblc, hrt, temp, crea, sod, ph, urine, adls, adlsc",3.0,1.0,1.0,1,16.0,9240,9240,0.5434782608695652,0.0008379902691520701,1,1
"[-322.967160925078,523.63], [-19.580000000000002,21.580000000000002], 0.0, [34.6966785,41.6939415], [-102.48188,319.13812], [0.05722854140000022,7.7425761386000005]","d.time, hday, diabetes, temp, pafi, crea",0.0,0.08443090819653867,0.6099585062240664,1,34.24878319672176,9965,9243,0.13043478260869565,0.0017937591905719853,147,241
"0.0, [-79.30000000000001,62.4], [8.870000000000001,23.005], 0.0, 1.0, 2.0, [-42.125,50.125], [-21.70612670006979,33.3], [35.2948448,40.8926552], [-1.167084963,1.167084963]","death, slos, edu, dementia, ca, dnr, dnrday, resp, temp, adlsc",4.0,0.36948565002274986,0.8194444444444444,1,33.82748406440467,9996,9244,0.21739130434782608,0.0017716939047417396,59,72
"0.0, [0.629999999999999,47.370000000000005], [3.4400000000000013,53.89], [0.48426757854,0.82554687546], [-21.325249987770533,59.125], [57.49999999999999,162.5], [-0.025620119000000052,2.025620119]","hospdead, avtisst, aps, surv6m, hday, hrt, adlsc",4.0,0.20417095151378511,0.7277777777777777,1,20.317884066347006,9993,9247,0.15217391304347827,0.0010641368210849178,131,180
"[45.666957000000004,95.30496300000001], 0.0, 0.0, [-31.4,77.4], 0.0, 1.0, 0.0, [-25.5,25.5], [-340611.62,397251.62], [-8.803344000000003,46.136656], [-0.17999999999999972,82.18], [0.15142578165999998,0.56854492234], 0.0, 0.0, [0.38499979999999995,1.0149998], 2.0, [-95.08,141.07999999999998], [30.259999999999998,99.74000000000001], [-8.4023438,45.5976562], [4.25,71.75], [-0.8697741940000001,6.269188194], [-12.3380020152,15.3380020152], [-4.8065495314,5.8065495314], [112.4,147.6]","age, death, sex, slos, dzgroup, num.co, income, scoma, charges, avtisst, aps, surv6m, diabetes, dementia, prg6m, dnr, dnrday, meanbp, wblc, resp, alb, bili, crea, sod",3.0,1.0,1.0,1,29.0,9250,9250,0.5217391304347826,0.0015188573628381271,1,1
"[42.4928573,87.1670627], [17.799999999999997,106.2], 0.0, [-8661.525000000023,436600.775], [-35445.360000000015,319153.36], 4.0, [24.41,65.59], [0.428157958585,1.019840087415], [0.44931640660000005,0.8285156254], [-54.125,60.5758453616407], 0.0, 1.0, [78.0,294.0], [-3.700000000000001,19.700000000000003], [36.65052785,39.34947215], [-185.688125,367.688125], [-8.849599079799999,10.6494037598], [7.261597125,7.476684875], 3.0","age, slos, dzgroup, charges, totcst, race, aps, surv2m, surv6m, hday, diabetes, ca, hrt, resp, temp, pafi, bili, ph, adls",3.0,0.1,1.0,1,7.0,9255,9255,0.41304347826086957,0.0003666207427540307,0,0
"[42.4928573,87.1670627], [17.799999999999997,106.2], 0.0, [-35445.360000000015,319153.36], 4.0, [24.41,34.285810601474026], [0.428157958585,1.019840087415], [0.44931640660000005,0.8285156254], 0.0, 1.0, [78.0,294.0], [-3.700000000000001,19.700000000000003], [36.65052785,39.34947215], [-185.688125,367.688125], [-8.849599079799999,10.6494037598], [7.261597125,7.476684875], 3.0, [1.549985349,4.450014651]","age, slos, dzgroup, totcst, race, aps, surv2m, surv6m, diabetes, ca, hrt, resp, temp, pafi, bili, ph, adls, adlsc",3.0,0.1,1.0,1,7.0,9255,9255,0.391304347826087,0.0003666207427540307,0,0
"1.0, [-41.900000000000006,58.6], [-460.11,492.11], [-10.431225379500003,71.206380307], 0.0, [-109.235,142.53]","hospdead, slos, d.time, sps, dementia, dnrday",0.0,1.0,1.0,1,34.04199831089329,9997,9262,0.13043478260869565,0.0017834788669363836,207,207
"[182.67999999999995,1479.3200000000002], [-439150.30000000005,378297.62], 0.0, 1.0, [0.759999771,1.2199997710000001], 2.0, [-52.80078125,67.19921875], [-5.5704740942,6.8572055116], [7.25083035,7.508935650000001], [32.935,115.065], [-1.521074127,2.510673927]","d.time, charges, dementia, ca, prg2m, dnr, wblc, crea, ph, bun, adlsc",4.0,0.16806999999999994,0.7,1,38.302015999999995,9790,9263,0.2391304347826087,0.0020060447935566807,7,10
"1.0, 1.0, 0.0, 2.0, [3.9399999999999995,20.060000000000002], 1.0, [-13953.159999999974,545805.1599999999], 4.0, [-9.767443539000006,55.564318539000006], [30.41,71.59], [0.414227295075,0.935626220925], [-24.725,26.725], 1.0, 0.0, 1.0, [0.659999714,0.939999714], [0.6449997,0.9549997], 0.0, [22.999999999999986,227.0], [15.846249999999998,437.46625], [-11.1510749804,12.7509285004], [7.1156598849999995,7.743716115], [0.6304638629999997,5.369536137000001]","death, hospdead, dzgroup, num.co, edu, income, charges, race, sps, aps, surv6m, hday, diabetes, dementia, ca, prg2m, prg6m, dnr, hrt, pafi, bili, ph, adlsc",3.0,1.0,1.0,1,3.0,9277,9277,0.5,0.00015712317546601315,1,1
"[37.43708654999999,99.08713155000001], 0.0, [-73.80000000000001,109.80000000000001], [6.265,17.735], [-33.5,33.5], [-397674.30000000005,492850.30000000005], [-178767.92880000002,182162.9112], [0.323455810125,0.560455321875], 0.0, 1.0, 2.0, [-46.660000000000004,56.660000000000004], [-42.5,176.5], [7.208813575,7.57627881], [-2.1927050820000002,2.202451174]","age, hospdead, slos, edu, scoma, charges, totcst, surv6m, dementia, ca, dnr, dnrday, hrt, ph, adlsc",2,0.0009765625,0.25,1,30.787220480000002,9916,9278,0.32608695652173914,0.001612461948529958,3,12
"[37.43708654999999,99.08713155000001], 0.0, [-67.2,52.2], [182.67999999999995,2606.75], 2.0, [-22.2421314965,48.0390064965], [0.26176391566499996,0.8400427243349999], 2.0, [-93.78500000000001,56.660000000000004], [34.54974985,41.247130150000004], [2.0799756160000005,7.119243184], 0.0","age, hospdead, slos, d.time, dzgroup, sps, surv6m, dnr, dnrday, temp, alb, adlp",4.0,0.401877572016461,0.8333333333333334,1,39.239999999999995,9881,9280,0.2608695652173913,0.002055171135095452,5,6
"1.0, [-439150.30000000005,378297.62], [0.629999999999999,47.370000000000005], 4.0, [3.4400000000000013,53.89], [-21.325249987770533,59.125], [57.49999999999999,162.5], [-5.5704740942,6.8572055116], [-0.025620119000000052,1.5911524410000002]","dzclass, charges, avtisst, race, aps, hday, hrt, crea, adlsc",4.0,0.1696348867760866,0.7012987012987013,2,29.865820241788395,9996,9282,0.1956521739130435,0.0031284083428579504,54,77
"1.0, [-72.3,58.6], [-10.431225379500003,71.206380307], 2.0","hospdead, slos, sps, ca",0.0,1.0,1.0,1,33.30537857152289,9914,9296,0.08695652173913043,0.0017352538533693732,41,41
"0.0, 0.0, [23.1,148.9], [-138.42000000000002,550.4200000000001], 0.0, 4.0, [-147061.28000000003,514471.28], [23.72,50.78], 4.0, [27.02,80.98], [0.414786376615,0.987069091385], [-28.400000000000002,30.400000000000002], 1.0, 0.0, 0.0, [-2.450000000000003,34.45], [-22.0440277076,23.2439788876], [2.2289284509,7.1695090491], [-216.87203136,454.87203136], [-10.425000000000004,56.425000000000004], [2.384877971,5.143442429]","sex, hospdead, slos, d.time, dzgroup, num.co, charges, avtisst, race, aps, surv2m, hday, diabetes, dementia, ca, resp, bili, crea, glucose, bun, adlsc",3.0,1.0,1.0,1,2.0,9301,9301,0.45652173913043476,0.00010474878364400877,1,1
"[25.43163974887259,76.56347350000001], 1.0, [182.67999999999995,1479.3200000000002], [0.995000000000001,23.005], [-180957.81,708424.9107918914], [-3.4854414345,36.849754763291315], 1.0, 2.0, [27.519999999999996,166.48000000000002], [-52.80078125,76.39941406], [-3.599999999999998,39.599999999999994], [35.2948448,37.5993744], [-0.601552641,2.510673927]","age, death, d.time, edu, charges, sps, ca, dnr, meanbp, wblc, resp, temp, adlsc",4.0,0.44855981016533175,0.8518518518518519,1,32.08516488653678,9993,9303,0.2826086956521739,0.0016804409974410942,23,27
"[-79.30000000000001,78.0], [-4.829264270543963,23.8552945016924], [0.57511718798,1.23469726602], [0.37025390654,1.1323085243641358], 0.0, 0.0, [0.539999619,1.259999619], 2.0, [-91.25930663319714,33.298828119999996], [51.5,192.5], [35.2978575,40.295902500000004], 0.0, 0.0, [-1.521074127,2.025620119]","slos, scoma, surv2m, surv6m, diabetes, dementia, prg2m, dnr, wblc, hrt, temp, adlp, adls, adlsc",4.0,0.43375716751999094,0.8461538461538461,1,35.7701492771432,9952,9306,0.30434782608695654,0.0018734398137726846,33,39
"[53.286048699999995,74.7958513], 0.0, 7.0, 0.0, [-16.0,16.0], [-401280.85000000003,425634.85000000003], 4.0, [22.41,63.59], 0.0, [-0.030000048,0.629999952], [0.06999999999999998,0.53], 2.0, [69.36500000000001,144.635], [-63.30004883,64.69995117], [-14.5960021984,15.5960021984], [-2.3277758756,3.5277270556], 5.0, 5.0, [3.4085205050000003,6.591479495]","age, sex, dzgroup, dzclass, scoma, charges, race, aps, diabetes, prg2m, prg6m, dnr, meanbp, wblc, bili, crea, adlp, adls, adlsc",3.0,1.0,1.0,1,13.0,9312,9312,0.41304347826086957,0.000680867093686057,1,1
"[50.4175582,80.2003618], 0.0, 1.0, [6.42,17.58], [-1.858566891999999,45.655441892], [20.99,65.01], [0.454967041495,1.104847412505], 0.0, [0.4999997,1.0999997], 2.0, [-104.15,154.15], [32.41499999999999,165.585], [-39.4003906,68.5996094], [-9.650000000000002,41.650000000000006], [124.576875,572.548125]","age, sex, dzclass, edu, sps, aps, surv2m, diabetes, prg6m, dnr, dnrday, meanbp, wblc, resp, pafi",2.0,0.13168724279835387,0.6666666666666666,1,31.72,9923,9313,0.32608695652173914,0.001661315708593979,4,6
"1.0, [-120617.0225,138999.89750000002], [-0.13000007200000002,0.5299999280000001]","hospdead, totcst, prg2m",0.0,1.0,1.0,1,41.83522231041822,9986,9319,0.06521739130434782,0.0022936855760710916,98,98
"[-49.599999999999994,79.6], [-451186.86,490224.86], [-67248.7788,97386.3412], [-167005.43949235,195494.76769235], 4.0, [-9.986911873,51.385349473000005], [-31.409999999999997,69.41], [0.476036376795,0.931922607205], 0.0, [-0.24000003600000003,0.439999964], [-84.63000000000001,114.63000000000001], [33.54474705,38.64275295], [176.828125,396.421875], [-4.5640595279,6.9639618679], [117.32,148.68], [7.367808085,7.651723915], 2.0","slos, charges, totcst, totmcst, race, sps, aps, surv2m, ca, prg2m, dnrday, temp, pafi, crea, sod, ph, adls",2.0,1.0,1.0,1,24.0,9324,9324,0.3695652173913043,0.0012569854037281052,1,1
"0.0, [-38.280000000000086,1096.2800000000002], 0.0, [-13.5,31.5], [-373082.39999999997,390224.39999999997], 4.0, [-4.236754758000004,47.236754758000004], 1.0, [0.6549996,1.1449996], [-119.08,117.08], [-15.110000000000007,89.11000000000001], [-9.5,137.5], [-0.6999999999999993,40.7], [1.8776235555,4.9221810445]","hospdead, d.time, dzclass, scoma, charges, race, sps, ca, prg6m, dnrday, meanbp, hrt, resp, alb",3.0,0.0,0.0,1,17.5,9326,9326,0.30434782608695654,0.0009165518568850767,0,2
"[71.09981845,96.74612155000001], [142.20000000000005,1357.8], 0.0, 0.0, 3.0, [4.5,47.5], [-122934.1006,136682.8194], [-0.8599999999999994,36.86], 1.0, [0.5092565920650001,0.790548095935], [0.308187256015,0.791666259985], [-29.869999999999997,31.869999999999997], 1.0, 1.0, 1.0, [0.785,1.215], [0.6699999999999999,1.33], 2.0, [-35.125,57.125], [3.5,222.5], [22.75,45.25], [35.7946493,40.3928507], [-1.1446551889999999,4.944459789], [42.8,119.2], 7.0, [5.93901367,8.06098633]","age, d.time, dzgroup, dzclass, num.co, scoma, totcst, avtisst, race, surv2m, surv6m, hday, diabetes, dementia, ca, prg2m, prg6m, dnr, dnrday, hrt, resp, temp, alb, bun, adls, adlsc",3.0,1.0,1.0,1,3.0,9333,9333,0.5652173913043478,0.00015712317546601315,1,1
"0.0, 1.0, 0.0, [2.545,21.455], [-33.5,33.5], 0.0, 2.0, [75.015,130.985], [57.49999999999999,162.5], [-34.931250000000034,579.9312500000001], [100.42835011374598,162.0]","death, sex, hospdead, edu, scoma, dementia, dnr, meanbp, hrt, pafi, sod",4.0,0.38470588034229997,0.8260869565217391,1,32.89681584572591,9996,9334,0.2391304347826087,0.0017229507228003714,19,23
"0.0, 0.0, 0.0, [-168123.875,306785.125], [-93709.24774595,98202.62664595], [3.0449330165,51.548816983500004], [-7.660000000000004,57.660000000000004], [0.454254150375,1.181732177625], 0.0, 1.0, [0.030000000000001137,95.97], [-32.8007812,61.1992188], [-10.850000000000001,54.85], [-82.49937499999999,242.499375], [-2.4937936387999997,4.0936471588], 2.0","sex, dzgroup, dzclass, totcst, totmcst, sps, aps, surv2m, dementia, ca, dnrday, wblc, resp, pafi, crea, adls",3.0,0.03125,0.5,1,29.5,9342,9342,0.34782608695652173,0.0015450445587491294,1,2
"[57.9,170.1], [-70.68,658.6800000000001], 0.0, 0.0, [12.18,25.82], [-176106.05,396374.05], [-16.990000000000002,35.49], [3.7075587484999986,44.2924412515], [-29.869999999999997,31.869999999999997], [0.54,0.96], [0.505,0.995], 2.0, [-11.460000000000008,239.46], [72.13499999999999,189.865], [0.604899321,4.594319478999999], [-14.8105266542,16.0104778342], [-4.1491371949,5.5490395349]","slos, d.time, dzgroup, dzclass, edu, charges, avtisst, sps, hday, prg2m, prg6m, dnr, dnrday, meanbp, alb, bili, crea",3.0,1.0,1.0,1,10.0,9347,9347,0.3695652173913043,0.0005237439182200439,1,1
"1.0, 0.0, 0.0, [-397261.41000000003,480541.41000000003], [-166250.06539160002,231789.3777916], [-10.431225379500003,61.8296629795], [-11.05,50.245000000000005], [0.544999714,1.054999714], [18.200000000000003,161.305], [63.5,168.5], [-7.449999999999999,47.45], [-25.47187500000001,443.10749999999996], [-3.3832659116999997,5.5829729516999995], [-150.88802743999997,436.88802744], [-768.0,2742.0], [3.196323239,6.803676761]","sex, dzgroup, dzclass, charges, totmcst, sps, hday, prg2m, dnrday, hrt, resp, pafi, crea, glucose, urine, adlsc",2.0,0.050512,0.7,1,14.5,9349,9349,0.34782608695652173,0.0007594286814190636,0,0
"3.0, [-120617.0225,112289.8725], [7.76,39.74], 1.0, [0.55287353513,0.95103271487], [-48.245000000000005,33.05], 0.0, [0.45499979999999995,0.9449998], 2.0, [-93.305,165.8], [34.644999999999996,125.355], [39.5,156.5], [126.89250000000001,545.471875], [-16.183075713200004,17.7829292332], [-46.075,78.075]","income, totcst, avtisst, race, surv6m, hday, dementia, prg6m, dnr, dnrday, meanbp, hrt, pafi, bili, bun",2,0.050512,0.7,1,28.8,9349,9349,0.32608695652173914,0.0015083824844737263,0,0
"[36.9721784,63.4457816], 1.0, [-368.11,584.11], 6.0, [9.195,18.805], [-6.556667999999998,17.223332], 4.0, [-31.335701888,39.935311288], [-38.57,56.57], [0.44938842725499994,1.084547118745], [-18.845000000000002,20.845000000000002], 0.0, 0.0, 0.0, [0.584999619,1.214999619], [-0.13500003,0.31499997], [9.555000000000007,150.445], [-23.5,42.5], [2.4499999999999993,37.55], [34.84764245,38.74611755], [1.339707088,8.058730512], 0.0","age, death, d.time, dzgroup, edu, avtisst, race, sps, aps, surv6m, hday, diabetes, dementia, ca, prg2m, prg6m, meanbp, wblc, resp, temp, alb, adls",3.0,1.0,1.0,1,18.0,9354,9354,0.4782608695652174,0.0009427390527960789,1,1
"[-41.0,61.0], 1.0, [7.3500000000000005,16.65], 0.0, [-5.567910409000003,39.966348009], [-33.18,49.18], [0.665931396705,1.180015869295], [-46.04,48.04], 2.0, [-113.61500000000001,133.615], [28.854999999999997,131.145], [-67.60058594,80.39941406], [108.28312499999998,644.0918750000001], [-4.6725184645999995,6.6725184645999995], [7.166626375000001,7.811889625], 1.0, 0.0","slos, dzgroup, edu, income, sps, aps, surv2m, hday, dnr, dnrday, meanbp, wblc, pafi, crea, ph, adlp, adls",2.0,1.0,1.0,1,23.0,9355,9355,0.3695652173913043,0.0012046110119061009,1,1
"0.0, [348.76,1321.24], 3.0, [-8.400000000000002,24.400000000000002], 0.0, [-2.1278247056,7.9703764342], [-63.715,75.715], [-2.0145071922753894,1.5911524410000002]","death, d.time, dzgroup, avtisst, dementia, crea, bun, adlsc",4.0,1.0,1.0,1,33.5,9882,9359,0.17391304347826086,0.0017545421260371469,2,2
"[18.652466499999996,99.08713155000001], 0.0, [-79.30000000000001,78.0], [-33.5,33.5], [-267532.27,279504.27], [-9.27,29.27], [0.57511718798,1.23469726602], 0.0, [-103.39,125.39], [-16.70117188,33.298828119999996], [-5.5704740942,6.8572055116]","age, hospdead, slos, scoma, charges, avtisst, surv2m, diabetes, dnrday, wblc, crea",4.0,0.1187024309514594,0.6529680365296804,1,30.252162731056167,9996,9361,0.2391304347826087,0.001584438624339374,143,219
"0.0, 1.0, [-460.11,492.11], 1.0, [-7.797817989999999,51.59469299], [-19.580000000000002,21.580000000000002], [-81.25,142.53]","sex, hospdead, d.time, num.co, sps, hday, dnrday",0.0,1.0,1.0,1,41.329619813198306,9997,9368,0.15217391304347827,0.002260584796951617,24,24
"0.0, [-79.30000000000001,78.0], 0.0, [10.195,19.805], [-33.5,33.5], [0.57511718798,1.23469726602], [0.37025390654,1.1323085243641358], 0.0, 0.0, [-91.25930663319714,33.298828119999996], [35.2978575,40.295902500000004], [-5.5704740942,6.8572055116], 0.0, [-1.521074127,2.025620119]","hospdead, slos, dzgroup, edu, scoma, surv2m, surv6m, diabetes, dementia, wblc, temp, crea, adlp, adlsc",4.0,0.6903615309097401,0.9285714285714286,1,40.945964339199996,9989,9369,0.30434782608695654,0.0021445199798310792,13,14
"[18.652466499999996,99.08713155000001], 0.0, [-267532.27,279504.27], [-9.27,29.27], [0.57511718798,1.23469726602], 0.0, [51.5,192.5], 0.0, 0.0","age, death, charges, avtisst, surv2m, diabetes, hrt, adlp, adls",4.0,0.8007081039652487,0.9565217391304348,1,32.34305038467591,9989,9369,0.1956521739130435,0.001693947593565846,22,23
"[38.428447649999995,77.31155235], [-81.10000000000001,99.10000000000001], [-635.49,843.49], 4.0, 2.0, 3.0, [2.280000000000001,36.72], 4.0, [0.11275268589,0.35923217811], 0.0, [-72.18,90.18], [25.259999999999998,94.74000000000001], [-60.5,85.5], [54.99999999999999,157.0], [33.0961311,37.2944889], [0.919853544,4.279365256], [115.36,148.64], [-256.63202891,362.63202891], [-2.511000981,2.511000981]","age, slos, d.time, dzgroup, dzclass, income, avtisst, race, surv6m, dementia, dnrday, meanbp, wblc, hrt, temp, alb, sod, glucose, adlsc",3.0,1.0,1.0,1,12.0,9370,9370,0.41304347826086957,0.0006284927018640526,1,1
"0.0, 1.0, 0.0, [-65.6,131.6], 5.0, 3.0, 0.0, [7.0,81.0], [-369527.30000000005,520997.30000000005], [2.549999999999997,59.95], [-3.2721916175000025,41.2721916175], [2.0199999999999996,55.980000000000004], [-47.510000000000005,49.510000000000005], 0.0, 2.0, [27.959999999999994,136.04000000000002], [-39.5,50.5], [49.0,181.0], [105.67624999999998,404.32375], [0.12758084550000026,5.2718331544999995], [-4.2770988508,12.076903530800001], [-4.415130538100001,6.0149840581000005], [140.72,159.28], [-185.39202646,381.39202646], [-23.425000000000004,43.425000000000004], [2835.0,6525.0], [-1.025620119,1.025620119]","death, sex, hospdead, slos, dzgroup, dzclass, income, scoma, charges, avtisst, sps, aps, hday, dementia, dnr, meanbp, wblc, hrt, pafi, alb, bili, crea, sod, glucose, bun, urine, adlsc",3.0,1.0,1.0,1,6.0,9376,9376,0.5869565217391305,0.0003142463509320263,1,1
"1.0, [6.08,25.92], [52.83,91.17], 0.0, 2.0, [-72.095,116.095]","death, edu, aps, ca, dnr, dnrday",2,0.0,0.0,1,28.333333333333332,9379,9379,0.13043478260869565,0.0014839411016234576,0,3
"[47.530986850000005,99.65089315], 1.0, [-347.02,747.02], 0.0, 0.0, [0.375,23.625], [12.52,55.980000000000004], [-0.7000000000000028,98.7], [0.20534912145999998,0.55453857454], [-0.02717651333500004,0.551102295335], [-38.245000000000005,60.245000000000005], 0.0, 1.0, 2.0, [-15.5,70.5], [-0.15000000000000036,24.15], [-229.700625,411.513125], [-1.1695788940000003,5.969383494000001], [7.2908693499999995,7.54897465], [1.1848877050000002,4.367846695]","age, death, d.time, dzgroup, dzclass, edu, avtisst, aps, surv2m, surv6m, hday, diabetes, ca, dnr, wblc, resp, pafi, alb, ph, adlsc",3.0,1.0,1.0,1,6.5,9502,9380,0.43478260869565216,0.0003404335468430285,2,2
"1.0, 0.0, [182.67999999999995,1479.3200000000002], [-180957.81,378297.62], [-54.125,56.125], 0.0, 2.0, [-72.095,116.095], [-15.5,143.5], [-5.5704740942,6.8572055116]","death, hospdead, d.time, charges, hday, ca, dnr, dnrday, hrt, crea",4.0,0.5277319168,0.88,1,27.508244297271723,9977,9384,0.21739130434782608,0.001440727565160727,22,25
"0.0, [348.76,1321.24], [-22.37996128599224,4.589885107793503], [-244133.71000000002,558524.08], [-127700.62,98780.95479999999], [-178100.78523235,184399.42195235], 0.0, 2.0, [-52.80078125,53.0], [121.0,153.0], [800.0,6830.0]","hospdead, d.time, scoma, charges, totcst, totmcst, dementia, dnr, wblc, sod, urine",4.0,0.4556966565870437,0.8545454545454545,1,35.300586908401854,9968,9391,0.2391304347826087,0.001848846770287357,47,55
"[-79.30000000000001,62.4], 1.0, [-244133.71000000002,558524.08], [-127700.62,98780.95479999999], [-178100.78523235,184399.42195235], [-17.560000000000002,52.01], [0.5783483890650001,0.859639892935], 0.0, 2.0, [-52.80078125,53.0], [-2.1278247056,7.9703764342], [800.0,6830.0], 1.0","slos, dzclass, charges, totcst, totmcst, avtisst, surv2m, dementia, dnr, wblc, crea, urine, adlp",4.0,0.010240000000000003,0.4,1,34.6,9786,9391,0.2826086956521739,0.0018121539570413517,2,5
"[55.35001685,107.46992315], 0.0, [-82.50000000000001,104.50000000000001], 0.0, [4.25,19.75], [-28.5,46.5], [1.2748404974999978,35.9204719025], [0.44701904289,1.16479736311], [-34.28,36.28], 2.0, [35.772721554501004,69.19921875], [6.5,171.5], [-4.2895828279999995,6.689485168], [125.24,152.76], [7.23296876,7.64593724]","age, hospdead, slos, dzclass, edu, scoma, sps, surv2m, hday, dnr, wblc, hrt, crea, sod, ph",3.0,1.0,1.0,1,4.0,9442,9394,0.32608695652173914,0.00020949756728801754,1,1
"1.0, 1.0, [-72.3,58.6], [-20.0,20.0], 1.0, [-102.48188,319.13812]","death, hospdead, slos, scoma, ca, pafi",0.0,1.0,1.0,1,48.749440039273516,9965,9397,0.13043478260869565,0.00255322227372022,42,42
"1.0, 1.0, 0.0, 0.0, [-373082.39999999997,390224.39999999997], 4.0, [19.629999999999995,86.37], 1.0, [-119.08,117.08], [-9.5,137.5], [-0.6999999999999993,40.7], [1.8776235555,4.9221810445], [-3.5643036679,7.9637177279], [2.9785498390000003,6.585903361000001]","death, sex, hospdead, dzgroup, charges, race, aps, ca, dnrday, hrt, resp, alb, crea, adlsc",3.0,0.0,0.0,1,8.5,9399,9399,0.30434782608695654,0.0004451823304870373,0,2
"[45.272627050000004,94.08333295], 1.0, 0.0, [-31.500000000000007,87.5], 0.0, 0.0, [5.01,22.990000000000002], [87.0,113.0], [-91270.47879505,143288.47879505], [-9.96,35.96], [0.14000000000000057,93.86], [-52.655,54.655], 0.0, [0.34499980900000005,1.054999809], [0.4049999,0.7949999000000001], [-61.265,75.265], [63.785,162.215], [12.05,57.95], [34.64591605,37.74470395], [-19.271698378600004,22.8713077586], [-4.021764834400001,8.4211788944], [129.76,150.24], [-1565.0,4015.0], 7.0","age, sex, hospdead, slos, dzgroup, dzclass, edu, scoma, totmcst, avtisst, aps, hday, diabetes, prg2m, prg6m, dnrday, meanbp, resp, temp, bili, crea, sod, urine, adls",3.0,1.0,1.0,1,19.0,9402,9402,0.5217391304347826,0.0009951134446180834,1,1
"[45.370386800000006,98.3175932], 0.0, 0.0, 0.0, [74.0,210.0], [1218.25,2737.75], [4.715,19.285], [80.0,120.0], 4.0, [-2.2215675325000035,52.2215675325], [-15.829999999999998,87.83], [-0.061910400810000016,0.46187377881], [-0.030465087815,0.24445434581499997], 0.0, 0.0, [0.5999996190000001,1.199999619], 0.0, [10.900000000000002,63.099999999999994], [38.64591605,41.74470395], [158.67624999999998,457.32375], [-2.1363080623,3.5362104022999996], 5.0, [3.656083982,6.343916018]","age, death, sex, hospdead, slos, d.time, edu, scoma, race, sps, aps, surv2m, surv6m, diabetes, dementia, prg2m, dnr, resp, temp, pafi, crea, adls, adlsc",3.0,0.1,1.0,2,1.5,9405,9405,0.5,0.00015712317546601315,0,0
"1.0, 1.0, 3.0, 3.0, [-18.5,18.5], [-199353.96000000002,614839.96], [-71434.78439564999,134692.78439564997], 1.0, [14.182246706,49.817753294], 0.0, 1.0, [-29.40039062,44.599609380000004], [21.5,210.5], [34.4981703,41.095589700000005], [-1.8362592322999998,3.8362592322999998], [-57.625,85.625], 6.0, [4.974379881,7.025620119]","death, sex, num.co, income, scoma, charges, totmcst, race, sps, diabetes, ca, wblc, hrt, temp, crea, bun, adls, adlsc",3.0,1.0,1.0,1,5.0,9408,9408,0.391304347826087,0.0002618719591100219,1,1
"1.0, [182.67999999999995,1479.3200000000002], 1.0, [0.995000000000001,23.005], [0.6967895509500001,0.98118896505], 1.0, 2.0, [27.519999999999996,166.48000000000002], [35.2948448,37.5993744]","death, d.time, dzgroup, edu, surv6m, ca, dnr, meanbp, temp",4.0,0.3666478320532007,0.8181818181818182,1,30.0721024,9984,9409,0.1956521739130435,0.0015750080740090384,9,11
"[25.43163974887259,76.56347350000001], 1.0, [182.67999999999995,1479.3200000000002], 1.0, [-180957.81,558524.08], [-47921.57380000001,161038.3862], [-3.4854414345,45.3296629795], [0.6032397460700001,1.20462158193], [0.674998779655,0.98118896505], 1.0, 2.0, [27.519999999999996,166.48000000000002], [-52.80078125,76.39941406], [-0.601552641,2.510673927]","age, death, d.time, dzgroup, charges, totcst, sps, surv2m, surv6m, ca, dnr, meanbp, wblc, adlsc",4.0,0.5904900000000001,0.9,1,35.499007999999996,9900,9409,0.30434782608695654,0.001859238954284468,9,10
"1.0, 6.0, 2.0, 1.0, 1.0, [63.5,136.5], [-15.290000000000003,41.290000000000006], [20.030060120999998,45.766814879], [1.7300000000000004,54.269999999999996], [-0.28439941409999997,0.28439941409999997], 0.0, 0.0, 0.0, [0.345,0.655], [23.574999999999996,110.42500000000001], [-50.900390619999996,67.09960938], [18.5,195.5], [33.298053,39.295707], [74.19374999999997,689.0562500000001], [-15.954039001600002,16.7539657616], [-1.6193413589,4.4191460389], [120.0,152.0], [1.4674462409999998,6.3479833590000005]","death, dzgroup, dzclass, num.co, income, scoma, avtisst, sps, aps, surv6m, diabetes, dementia, ca, prg2m, meanbp, wblc, hrt, temp, pafi, bili, crea, sod, adlsc",3.0,1.0,1.0,1,7.0,9410,9410,0.5,0.0003666207427540307,1,1
"0.0, 0.0, [-36.2,52.2], 0.0, [-357444.07999999996,558524.08], [0.37025390654,1.1323085243641358], [-43.184999999999995,61.184999999999995], 0.0, 2.0, [-41.405,139.405], [-0.33731838749999987,7.5365371875], [100.42835011374598,162.0], [7.0767823750000005,7.722045625], [-2.0145071922753894,3.1189584572567193]","death, hospdead, slos, dzgroup, charges, surv6m, hday, dementia, dnr, dnrday, alb, sod, ph, adlsc",4.0,0.28462802079628785,0.7777777777777778,1,33.62716506975909,9947,9417,0.30434782608695654,0.0017612023192267819,21,27
"0.0, 0.0, [-36.2,52.2], 0.0, [-357444.07999999996,558524.08], [-171111.8556,234143.82439999998], 4.0, [0.37025390654,1.1323085243641358], 0.0, 2.0, [-41.405,139.405], [78.31187499999999,631.688125], [100.42835011374598,162.0], [7.0767823750000005,7.722045625], [-2.0145071922753894,3.1189584572567193]","death, hospdead, slos, dzgroup, charges, totcst, race, surv6m, dementia, dnr, dnrday, pafi, sod, ph, adlsc",4.0,0.46266436603796024,0.8571428571428571,1,38.002249747422795,9974,9417,0.32608695652173914,0.0019903447183891886,30,35
"[21.675786599999995,77.9321934], 1.0, [-117.69999999999999,123.69999999999999], [10.49,23.509999999999998], 1.0, [-16.5,16.5], [-194662.6536,197928.7864], [-190361.1644319,193462.5843519], [-14.917677024000005,40.515333224], [-23.92,49.92], [0.301802978665,0.880081787335], 0.0, 2.0, [-118.77000000000001,124.77000000000001], [30.625,175.375], [-44.60058594,57.39941406], [-13.299999999999997,53.3], [2.024838285,5.174380514999999], [-3.3001349651,5.3001349651]","age, death, slos, edu, income, scoma, totcst, totmcst, sps, aps, surv6m, dementia, dnr, dnrday, meanbp, wblc, resp, alb, crea",3.0,0.0003200000000000001,0.2,1,21.8,9419,9419,0.41304347826086957,0.0011417617417196957,1,5
"1.0, 0.0, 3.0, 4.0, [-4.532473549500001,47.930911149500005], [-0.7299999999999969,88.72999999999999], [-48.980000000000004,50.980000000000004], 0.0, 1.0, 2.0, [-9.5,285.052346136119], [5.868281248,7.803676761]","death, hospdead, income, race, sps, aps, hday, dementia, ca, dnr, hrt, adlsc",3.0,1.0,1.0,1,5.0,9606,9421,0.2608695652173913,0.0002618719591100219,1,1
"1.0, 0.0, 3.0, [-27.500000000000004,31.5], [-222105.82,390224.39999999997], [-218129.42939999996,237783.2106], 4.0, [-4.532473549500001,47.930911149500005], [-48.980000000000004,50.980000000000004], 0.0, 1.0, [0.6699997,0.9299997], 2.0, [-67.11,73.11], [21.2,78.8], [34.35084065,38.64915935], [-81.07999999999998,481.08], [123.36,156.64], [5.868281248,7.803676761]","death, hospdead, income, scoma, charges, totcst, race, sps, hday, dementia, ca, prg6m, dnr, dnrday, resp, temp, pafi, sod, adlsc",3.0,0.05658436213991769,0.8333333333333333,1,13.666666666666666,9421,9421,0.41304347826086957,0.0007157833549007265,0,0
"[33.77818625,95.82569375], 1.0, [-30.4,78.4], [124.41000000000003,995.5899999999999], 7.0, 0.0, 2.0, [-26.5,26.5], [-300251.96,513941.96], [-38239.86079580001,160779.8607958], [-13.726672000000002,40.393328000000004], [0.17583740206999998,0.53607665993], [-7.160000000000004,75.16], 0.0, 2.0, 2.0, [-77.47500000000001,125.47500000000001], [-8.5,36.5], [38.25048875,40.74951125], [18.31125,246.68875], [-0.6246185249999998,4.624618525], [-11.7383926352,15.937611395200001], [-2.4513768753000003,5.0509862553], [121.92,150.08], [7.2519918400000005,7.52730416], [-41.480000000000004,65.48], [-320.0,3820.0], 1.0, 3.0","age, death, slos, d.time, dzgroup, dzclass, num.co, scoma, charges, totmcst, avtisst, surv6m, hday, diabetes, ca, dnr, dnrday, resp, temp, pafi, alb, bili, crea, sod, ph, bun, urine, adlp, adls",3.0,1.0,1.0,1,15.0,9422,9422,0.6304347826086957,0.0007856158773300657,1,1
"[53.67492815,84.28503185], 1.0, 1.0, [-114.30000000000001,120.30000000000001], 6.0, 3.0, [-217737.15000000002,227525.15000000002], 4.0, [14.829999999999998,53.17], [0.5237353519200001,1.22211425808], [-29.869999999999997,31.869999999999997], 0.0, 2.0, [0.634999714,0.9649997140000001], [-126.15,132.15], [-30.5,59.5], [-5.504553991000001,7.304358671], [124.12,145.88], [-94.90402351999995,408.90402351999995], 1.0","age, death, sex, slos, num.co, income, charges, race, aps, surv2m, hday, diabetes, ca, prg2m, dnrday, wblc, crea, sod, glucose, adlp",2.0,1.0,1.0,1,17.0,9423,9423,0.43478260869565216,0.0008903646609740746,1,1
"1.0, [-72.3,58.6], [-193042.3612,237541.79880000002], [-81.25,123.235], [12.999999999999993,97.0], [-2.511000981,2.511000981]","hospdead, slos, totcst, dnrday, hrt, adlsc",0.0,1.0,1.0,1,45.44255271675993,9986,9426,0.13043478260869565,0.0023800260613796743,26,26
"[60.038176400000005,119.60378360000001], 0.0, 0.0, [-30.299999999999997,68.3], 3.0, 1.0, [1.6150000000000002,22.384999999999998], 3.0, [-12.856671999999998,35.523328], [-6.460000000000001,30.46], [-51.184999999999995,53.184999999999995], 0.0, 0.0, [-42.20019531,45.79980469], [11.0,47.0], [-164.99874999999997,484.99875], [0.17029903400000013,5.629505566], 1.0, [-1.2280712930000002,3.228071293]","age, death, hospdead, slos, dzclass, num.co, edu, income, avtisst, aps, hday, dementia, dnr, wblc, resp, pafi, alb, adls, adlsc",3.0,0.1,1.0,1,2.0,9430,9430,0.41304347826086957,0.00010474878364400877,0,0
"[60.038176400000005,119.60378360000001], 0.0, 0.0, [-30.299999999999997,68.3], 3.0, 1.0, [1.6150000000000002,22.384999999999998], 3.0, [24.0,86.0], [-6.460000000000001,30.46], [-51.184999999999995,53.184999999999995], 0.0, 0.0, [-42.20019531,45.79980469], [11.0,47.0], [-164.99874999999997,484.99875], [0.17029903400000013,5.629505566], 1.0, [-1.2280712930000002,3.228071293]","age, death, hospdead, slos, dzclass, num.co, edu, income, scoma, aps, hday, dementia, dnr, wblc, resp, pafi, alb, adls, adlsc",3.0,0.1,1.0,1,2.0,9430,9430,0.41304347826086957,0.00010474878364400877,0,0
"0.0, [-62.400000000000006,114.4], [182.67999999999995,2606.75], 1.0, [-50.378693373741555,33.5], [-93854.19380000001,127770.0062], [-22.2421314965,67.95263122200001], [0.7199996,1.0799996], 2.0, [34.54974985,39.64255745], [2.0799756160000005,7.119243184], [100.42835011374598,162.0]","death, slos, d.time, dzclass, scoma, totcst, sps, prg6m, dnr, temp, alb, sod",4.0,0.2994492622121735,0.7857142857142857,1,30.2470057984,9940,9433,0.2608695652173913,0.0015841685331278402,11,14
"0.0, 0.0, [182.67999999999995,2606.75], 1.0, [-33.5,33.5], [-93854.19380000001,127770.0062], [-22.2421314965,67.95263122200001], 2.0, [-16.000000000000014,188.0], [100.42835011374598,157.61126099453696]","death, hospdead, d.time, dzclass, scoma, totcst, sps, dnr, hrt, sod",4.0,0.3357904984177521,0.803921568627451,1,26.546795206290987,9996,9433,0.21739130434782608,0.001390372253752792,41,51
"[58.638757600000005,98.3491624], [-72.3,58.6], [-35.5,35.5], [-183224.2459,203035.0741], [11.019620973999999,71.206380307], 0.0, 0.0, [4.0,196.0], [34.6966785,41.6939415], [0.05722854140000022,7.7425761386000005]","age, slos, scoma, totcst, sps, diabetes, dnr, hrt, temp, crea",0.0,0.24277230786404397,0.7534246575342466,1,29.0753782605629,9965,9440,0.21739130434782608,0.0015228052533917096,55,73
"[182.67999999999995,1479.3200000000002], 2.0, [6.11,17.89], [-27.500000000000004,27.500000000000004], [-180957.81,378297.62], 0.0, 2.0, [-52.80078125,67.19921875], [-5.5704740942,6.8572055116], [-50.3,64.3], [-2.6170996140000002,2.510673927]","d.time, dzclass, edu, scoma, charges, ca, dnr, wblc, crea, bun, adlsc",4.0,1.0,1.0,1,49.0,9977,9441,0.2391304347826087,0.002566345199278215,3,3
"[55.35001685,107.46992315], 0.0, [-82.50000000000001,104.50000000000001], 0.0, [4.25,19.75], [-28.5,46.5], [1.2748404974999978,35.9204719025], [0.44701904289,1.16479736311], [0.29773071254499994,0.800169677455], [-34.28,36.28], 2.0, [35.772721554501004,69.19921875], [6.5,171.5], [-4.2895828279999995,6.689485168], [125.24,152.76], [7.23296876,7.64593724]","age, hospdead, slos, dzclass, edu, scoma, sps, surv2m, surv6m, hday, dnr, wblc, hrt, crea, sod, ph",3.0,0.1,1.0,1,4.0,9442,9442,0.34782608695652173,0.00020949756728801754,0,0
"[15.74793815,46.358041850000006], 0.0, [-38.400000000000006,138.4], [676.94,1933.06], 0.0, 2.0, [-29.5,29.5], [-156260.18,632490.1799999999], [33686.69,198321.81], [13.98,73.02], [-44.57,46.57], 0.0, 2.0, [-47.78500000000001,147.78500000000003], [22.05,79.95], [-113.94500000000002,377.94500000000005], [-1.1922604185000003,4.7918698185], [-2.2086427318000004,6.2086427318], [122.92,167.08], [7.04732466,7.63236334], 3.0, [1.5853515599999999,4.414648440000001]","age, death, slos, d.time, dzclass, num.co, scoma, charges, totcst, avtisst, hday, diabetes, dnr, dnrday, meanbp, pafi, alb, crea, sod, ph, adls, adlsc",3.0,1.0,1.0,1,11.0,9445,9445,0.4782608695652174,0.0005761183100420483,1,1
"1.0, [-10.431225379500003,71.206380307], 0.0, [10.149999999999999,39.85], [-56.75999999999999,80.75999999999999]","death, sps, dnr, resp, bun",0.0,0.4826038945418472,0.864406779661017,1,37.86637432299405,9965,9446,0.10869565217391304,0.0019832283256711763,51,59
"[67.5004685,92.3194715], 0.0, [-80.5,140.5], 2.0, [-2.215,14.215], 3.0, [-22.5,22.5], [-206466.7144895,291082.58948950004], 4.0, [0.5130881269999996,61.885349473000005], [0.25778564401000004,0.58010497999], [-43.510000000000005,53.510000000000005], 1.0, [0.5949997140000001,1.004999714], [0.39499979999999996,1.0049998], [-103.08,133.07999999999998], [-51.0,75.0], [23.5,116.5], [464.9999999999998,2985.0], 0.0, [-1.237817385,1.237817385]","age, death, slos, num.co, edu, income, scoma, totmcst, race, sps, surv6m, hday, diabetes, prg2m, prg6m, dnrday, wblc, hrt, urine, adls, adlsc",3.0,1.0,1.0,1,10.0,9447,9447,0.45652173913043476,0.0005237439182200439,1,1
"0.0, 0.0, [-36.2,52.2], 0.0, [-357444.07999999996,558524.08], [0.37025390654,1.1323085243641358], 0.0, 2.0, [-41.405,139.405], [100.42835011374598,162.0], [7.0767823750000005,7.722045625]","death, hospdead, slos, dzgroup, charges, surv6m, dementia, dnr, dnrday, sod, ph",4.0,0.22301350200402018,0.7407407407407407,1,31.611394949380575,9974,9450,0.2391304347826087,0.0016556275851189886,40,54
"1.0, [182.67999999999995,912.524959038221], 1.0, [6.08,25.92], 0.0, 0.0, 2.0, [-72.095,116.095], [-52.80078125,67.19921875], [35.100547399999996,37.899452600000004], [-5.5704740942,6.8572055116], [875.0,3485.0], [-2.6170996140000002,2.6170996140000002]","death, d.time, num.co, edu, dementia, ca, dnr, dnrday, wblc, temp, crea, urine, adlsc",4.0,1.0,1.0,1,46.5,9796,9451,0.2826086956521739,0.002435409219723204,2,2
"1.0, 0.0, [-13.5,31.5], [-373082.39999999997,390224.39999999997], [-76960.37780000002,94006.8622], [-158806.15138295,175262.66700295], 4.0, [0.12504394537000002,0.6748828126299999], [-67.11,73.11], [12.485,149.515], [-9.5,137.5], [198.69,620.31], [1140.0,6360.0]","death, sex, scoma, charges, totcst, totmcst, race, surv6m, dnrday, meanbp, hrt, pafi, urine",3.0,0.010240000000000003,0.4,1,21.2,9873,9453,0.2826086956521739,0.0011103371066264929,2,5
"1.0, 0.0, 0.0, 2.0, [-13.5,31.5], [-373082.39999999997,823467.9879737673], 4.0, [0.12504394537000002,0.6748828126299999], 1.0, [-67.11,73.11], [12.485,149.515], [-9.5,137.5], [-223.4392328849081,620.31]","death, sex, hospdead, num.co, scoma, charges, race, surv6m, ca, dnrday, meanbp, hrt, pafi",3.0,0.00012860082304526745,0.16666666666666666,1,18.48,9596,9453,0.2826086956521739,0.000967878760870641,1,6
"1.0, 5.0, [-2.285,12.285], [-8.5,26.5], [-393350.96,420842.96], [-155621.1825,173649.0575], 4.0, [-12.201317898500001,46.2013178985], [0.5,71.5], [0.45785034140499997,1.165928954595], [0.415286865135,0.974605712865], 1.0, 2.0, [63.1,178.9], [-55.7011719,78.2988281], [69.0,225.0], [11.95,56.05], [38.75048875,41.24951125], [17.54125000000002,386.45875], [-0.4271536054999996,7.026763005499999], [-18.8990272496,20.0989784296], [-3.3087403918000002,5.1085450718], [132.44,153.56], [-22.29,50.29], [158.0,4208.0], 7.0","dzclass, num.co, edu, scoma, charges, totcst, race, sps, aps, surv2m, surv6m, diabetes, dnr, meanbp, wblc, hrt, resp, temp, pafi, alb, bili, crea, sod, bun, urine, adls",3.0,1.0,1.0,1,6.0,9457,9457,0.5652173913043478,0.0003142463509320263,1,1
"[-79.30000000000001,78.0], [0.995000000000001,23.005], 0.0, [-4.829264270543963,23.8552945016924], [-180957.81,558524.08], [-6.189999999999998,42.19], [0.57511718798,1.23469726602], [0.37025390654,1.1323085243641358], 0.0, 1.0, 2.0, [-91.25930663319714,76.39941406], [51.5,192.5], [35.2978575,37.5993744], [-4.4981394247,6.297944104699999], 0.0","slos, edu, income, scoma, charges, avtisst, surv2m, surv6m, dementia, ca, dnr, wblc, hrt, temp, crea, adlp",4.0,0.5549289573066435,0.8888888888888888,1,33.01408000000001,9940,9459,0.34782608695652173,0.001729092361562999,8,9
"[21.10342765,59.986532350000004], [-42.7,62.7], 0.0, [2.1799999999999997,15.82], [-203578.03999999998,254406.03999999998], 1.0, [0.720316162065,1.001607665935], [0.51801025343,1.10576904257], 1.0, [-48.3007812,101.6992188], [37.198092100000004,43.3956679], [-64.99874999999997,584.99875], [-3.3257070952,4.7256094352], [7.214106395,7.8249556049999995], [-48.75999999999999,88.75999999999999], 0.0","age, slos, dzclass, edu, charges, race, surv2m, surv6m, ca, wblc, temp, pafi, crea, ph, bun, adlp",2.0,1.0,1.0,1,18.0,9466,9466,0.34782608695652173,0.0009427390527960789,1,1
"[37.43708654999999,99.08713155000001], 0.0, [-79.30000000000001,78.0], [182.67999999999995,2606.75], 2.0, [0.995000000000001,21.860463090434408], 0.0, [-180957.81,558524.08], [-6.189999999999998,42.19], [-22.2421314965,48.0390064965], [0.57511718798,1.23469726602], 0.0, 2.0, [23.75,120.25], [-91.25930663319714,76.39941406], [51.5,192.5], [34.54974985,37.5993744], [2.0799756160000005,7.119243184], 0.0","age, hospdead, slos, d.time, dzgroup, edu, income, charges, avtisst, sps, surv2m, dementia, dnr, meanbp, wblc, hrt, temp, alb, adlp",4.0,1.0,1.0,1,44.0,9604,9470,0.41304347826086957,0.002304473240168193,1,1
"0.0, 0.0, 0.0, [-34.5,34.5], [-357444.07999999996,558524.08], 4.0, [0.37025390654,1.1323085243641358], [-43.184999999999995,61.184999999999995], 0.0, 2.0, [-41.405,139.405], [-0.33731838749999987,7.5365371875], [100.42835011374598,162.0], [-2.0145071922753894,3.1189584572567193]","death, hospdead, dzgroup, scoma, charges, race, surv6m, hday, dementia, dnr, dnrday, alb, sod, adlsc",4.0,0.2373046875,0.75,1,32.48039749234311,9947,9471,0.30434782608695654,0.0017011410647984266,18,24
"[51.230637050000006,87.5220937], 0.0, 1.0, [5.475,22.525], [-439150.30000000005,378297.62], [-199138.50238129997,184399.42195235], [2.0908090229999985,37.1706291175], [-41.1,47.1], 0.0, 1.0, [0.759999771,1.2199997710000001], [0.5849997,1.0149997], 2.0, [-52.80078125,67.19921875], [7.0767823750000005,7.722045625], [32.935,115.065], [800.0,6830.0], [-2.0145071922753894,3.1189584572567193]","age, hospdead, num.co, edu, charges, totmcst, sps, hday, dementia, ca, prg2m, prg6m, dnr, wblc, ph, bun, urine, adlsc",4.0,1.0,1.0,1,69.0,9728,9475,0.391304347826087,0.0036138330357183023,1,1
"0.0, [182.67999999999995,1479.3200000000002], [0.53874755889,0.82554687546], [-21.325249987770533,56.125], 0.0, 2.0, [-1.521074127,2.6170996140000002]","hospdead, d.time, surv6m, hday, dementia, dnr, adlsc",4.0,0.44855981016533175,0.8518518518518519,1,25.552818313305565,9993,9477,0.15217391304347827,0.0013383133184975548,69,81
"1.0, [0.629999999999999,47.370000000000005], [-12.711442715500006,43.711442715500006], [3.4400000000000013,53.89], [0.48426757854,0.78522705111], [-54.125,59.125], 0.0, [57.49999999999999,162.5], [32.74986715,40.04701285]","death, avtisst, sps, aps, surv6m, hday, ca, hrt, temp",4.0,0.06092699470458736,0.5714285714285714,1,21.589376358510762,9977,9477,0.1956521739130435,0.001130730456593361,16,28
"[-111.11000000000001,841.11], 0.0, [12.575,23.425], [6.5,67.5], [-173413.83000000002,424509.83], [17.99,62.010000000000005], 0.0, [87.91,138.09], [-6.500000000000007,116.5], [34.8006647,38.1993353], [129.44,150.56], [215.32798089000002,624.67201911], 0.0, [-1.343916018,1.343916018]","d.time, dzgroup, edu, scoma, charges, aps, dementia, meanbp, hrt, temp, sod, glucose, adls, adlsc",3.0,1.0,1.0,1,2.0,9482,9482,0.30434782608695654,0.00010474878364400877,1,1
"[49.7385472,96.06735280000001], 1.0, 0.0, [-44.4,64.4], 0.0, [-28.500000000000004,28.500000000000004], [-80374.21839595,111537.65599595], [29.61,53.39], [-10.328506771,62.922256771], [-2.4399999999999977,88.44], [0.396627197435,1.085306396565], 0.0, [35.8946102,40.2928898], [-224.682505,398.963745], [-18.570014958,19.169990538], [108.84,149.16], [-199.87203136,471.87203136], 1.0","age, sex, hospdead, slos, dzgroup, scoma, totmcst, avtisst, sps, aps, surv2m, diabetes, temp, pafi, bili, sod, glucose, adls",2.0,1.0,1.0,1,12.0,9484,9484,0.391304347826087,0.0006284927018640526,1,1
"[64.3714575,105.7364625], [85.70999999999998,754.29], 0.0, [8.0,80.0], [-257216.07,544256.0700000001], [15520.9375,173823.9375], [-0.05468383786499997,0.504635009865], 1.0, 1.0, [-54.35,56.35], [-13.690000000000005,113.69], [19.9,54.1], [35.34482525,40.84267475], [0.3387499999999761,474.66125], [7.090180495,7.5289595049999996]","age, d.time, dzgroup, scoma, charges, totcst, surv6m, diabetes, ca, dnrday, meanbp, resp, temp, pafi, ph",3.0,1.0,1.0,1,1.0,9489,9489,0.32608695652173914,5.2374391822004384e-05,1,1
"1.0, [182.67999999999995,1479.3200000000002], [6.08,25.92], [0.629999999999999,47.370000000000005], [3.4400000000000013,53.89], [-54.125,59.125], 0.0, 2.0, [-5.5704740942,6.8572055116], [7.067016375000001,7.712279625]","death, d.time, edu, avtisst, aps, hday, ca, dnr, crea, ph",4.0,0.5904900000000001,0.9,1,32.889088,9966,9490,0.21739130434782608,0.0017225459815803825,9,10
"1.0, [-72.3,58.6], [-344.81,404.81], [-247730.6,261140.6], [-52.655,21.580000000000002], 0.0, [-17.8007812,52.3984375], [-2.7342148619,7.7425761386000005]","death, slos, d.time, charges, hday, diabetes, wblc, crea",0.0,0.1134276198236865,0.6470588235294118,1,29.42423308444315,9997,9492,0.17391304347826086,0.0014811630602962252,143,221
"[58.0885782,87.8713818], 0.0, 3.0, [-0.5250000000000004,16.525], 3.0, [-156737.5809,172532.6591], [-80243.36343625,97452.81655624999], [0.516668701525,1.147149658475], [0.42985961884499996,1.121898193155], 1.0, 1.0, 0.0, [-78.18,84.18], [-36.5,53.5], [-16.926502610600004,18.926502610600004], [-2.0937692287999994,4.4936715688], [129.0,145.0], 1.0, [0.009746091999999873,1.9902539080000001]","age, dzclass, num.co, edu, income, totcst, totmcst, surv2m, surv6m, diabetes, ca, dnr, dnrday, wblc, bili, crea, sod, adls, adlsc",3.0,1.0,1.0,1,11.0,9501,9501,0.41304347826086957,0.0005761183100420483,1,1
"[70.9415434811309,99.65089315], 1.0, [-347.02,747.02], 0.0, 0.0, [0.375,23.625], [-28.500000000000004,28.500000000000004], [41075.869999999995,345017.63], [12.52,55.980000000000004], [-0.7000000000000028,98.7], [0.20534912145999998,0.55453857454], [-0.02717651333500004,0.551102295335], [-38.245000000000005,60.245000000000005], 0.0, 1.0, 2.0, [-15.5,70.5], [-0.15000000000000036,24.15], [-229.700625,411.513125], [-1.1695788940000003,5.969383494000001], [7.2908693499999995,7.54897465], [1.1848877050000002,4.367846695]","age, death, d.time, dzgroup, dzclass, edu, scoma, totcst, avtisst, aps, surv2m, surv6m, hday, diabetes, ca, dnr, wblc, resp, pafi, alb, ph, adlsc",3.0,0.1,1.0,1,6.5,9502,9502,0.4782608695652174,0.0003404335468430285,0,0
"[47.530986850000005,99.65089315], 1.0, [-347.02,747.02], 0.0, 0.0, 2.0, [0.375,23.625], [12.52,55.980000000000004], [-0.7000000000000028,98.7], [0.20534912145999998,0.55453857454], [-0.02717651333500004,0.551102295335], [-38.245000000000005,60.245000000000005], 0.0, 1.0, 2.0, [-15.5,70.5], [-229.700625,411.513125], [-1.1695788940000003,5.969383494000001], [7.2908693499999995,7.54897465], [1.1848877050000002,4.367846695]","age, death, d.time, dzgroup, dzclass, num.co, edu, avtisst, aps, surv2m, surv6m, hday, diabetes, ca, dnr, wblc, pafi, alb, ph, adlsc",3.0,0.1,1.0,1,6.5,9502,9502,0.43478260869565216,0.0003404335468430285,0,0
"[72.08910854999999,96.08081145], 1.0, [182.67999999999995,1479.3200000000002], [0.995000000000001,23.005], [-127700.62,98780.95479999999], [0.6967895509500001,0.98118896505], 0.0, 2.0, [27.519999999999996,166.48000000000002], [121.0,153.0]","age, death, d.time, edu, totcst, surv6m, dementia, dnr, meanbp, sod",4.0,0.0003200000000000001,0.2,2,30.4,9599,9504,0.21739130434782608,0.0031843630227778663,1,5
"1.0, [-245.76999999999998,341.77], 2.0, 0.0, [-0.170000072,0.569999928], 0.0, [-133.53,142.53]","death, d.time, dzclass, diabetes, prg2m, dnr, dnrday",0.0,0.3276800000000001,0.8,1,25.488511999999997,9929,9506,0.15217391304347827,0.0013349453144478605,8,10
"1.0, 0.0, [-72.3,94.3], [-4.3149999999999995,18.314999999999998], [8.399999999999999,149.00756784546041], 0.0, 0.0, [-17.8007812,110.88249601171762], [-59.0,139.0], [9.5,54.5], [36.0963266,41.2942934], [128.48,151.52]","death, sex, slos, edu, aps, dementia, dnr, wblc, hrt, resp, temp, sod",0.0,0.2535525376,0.76,2,35.866387870728495,9943,9506,0.2608695652173913,0.0037569605031630396,19,25
"[60.36545849999999,85.1844615], 0.0, [-42.0,60.0], 1.0, 5.0, 3.0, [-137246.14,193520.14], [-189653.09829145003,215494.19209145], 1.0, [-1.9142533855000003,34.711128385500004], [0.714999905,0.984999905], 2.0, [80.25999999999999,149.74], [-19.5,139.5], [-3.400000000000002,43.400000000000006], [32.94517715,40.24232285], [-13.981575392600002,15.581428912600002], [-226.36803233999996,466.36803233999996], [-1485.0,3825.0], 3.0, 4.0, [2.0194921839999997,5.980507816]","age, hospdead, slos, dzgroup, num.co, income, charges, totmcst, race, sps, prg2m, dnr, meanbp, hrt, resp, temp, bili, glucose, urine, adlp, adls, adlsc",3.0,1.0,1.0,1,14.0,9508,9508,0.4782608695652174,0.0007332414855080614,1,1
"0.0, [-422.24,550.24], 1.0, 1.0, 2.0, [-412662.52,452418.52], [-228554.79524995002,247670.96712995], 2.0, 2.0, [-70.335,88.335], [23.4,100.6], [-45.5,58.5], [74.5,155.5], [-40.769375000000025,424.769375], [-1.4619290124000002,3.6616360524], [365.55198726000003,638.44801274], [-30.615000000000002,70.61500000000001], 2.0, [0.4242187599999998,3.25351564]","hospdead, d.time, dzgroup, dzclass, num.co, charges, totmcst, ca, dnr, dnrday, meanbp, wblc, hrt, pafi, crea, glucose, bun, adlp, adlsc",3.0,1.0,1.0,1,21.0,9511,9511,0.41304347826086957,0.001099862228262092,1,1
"[-79.30000000000001,52.2], 1.0, 0.0, [-33.0,22.5], [-337585.95,362111.95], [6.989999999999998,51.010000000000005], [0.37025390654,1.1323085243641358], 0.0, [0.8049999999999999,1.195], 2.0, [-117.15,141.15], [51.5,192.5], [9.100000000000001,46.9], [-19.542600637,21.342405317], [-2.1447914089999998,3.344742589], [112.4,162.0], 0.0","slos, dzclass, income, scoma, charges, aps, surv6m, dementia, prg2m, dnr, dnrday, hrt, resp, bili, crea, sod, adlp",4.0,0.2373046875,0.75,1,39.25,9940,9513,0.3695652173913043,0.002055694879013672,3,4
"[18.652466499999996,76.56347350000001], 0.0, [-36.2,62.4], [1390.8,2201.2], 1.0, [2.545,21.455], [0.37025390654,1.5319319830553497], [-27.869999999999997,23.785], 1.0, 0.0, 2.0, [33.54494255,40.8926552], 0.0, [-2.440268559,2.485380862]","age, hospdead, slos, d.time, dzclass, edu, surv6m, hday, diabetes, dementia, dnr, temp, adls, adlsc",4.0,1.0,1.0,1,18.0,9850,9513,0.30434782608695654,0.0009427390527960789,1,1
"[-41.4,67.4], [-4.829264270543963,23.8552945016924], 4.0, [0.57511718798,1.23469726602], [-49.715,51.715], 0.0, 0.0, [0.539999619,1.259999619], 2.0, [-82.94,108.94], [51.5,192.5], [7.145932885,7.773989115], 0.0, [-1.521074127,1.5911524410000002]","slos, scoma, race, surv2m, hday, diabetes, dementia, prg2m, dnr, dnrday, hrt, ph, adlp, adlsc",4.0,0.3276800000000001,0.8,1,45.373992039307495,9996,9515,0.30434782608695654,0.0023764352375951984,24,30
"[40.68502785,76.25893215], 1.0, 6.0, [5.125,12.875], 3.0, [-31.0,31.0], [-358668.51,391916.51], [-191136.63739145003,214010.65299145], [-17.762381130500003,48.5592561305], [0.437689209525,1.068170166475], 0.0, [0.514999714,1.084999714], [-53.4023438,94.5976562], [-30.5,164.5], [-3.6235650648,6.6235650648], [119.2,160.8], [-220.36803233999996,472.36803233999996], [-1.6499999999999986,55.65], 2.0, [0.9841259729999998,5.015874027000001]","age, death, dzgroup, edu, income, scoma, charges, totmcst, sps, surv2m, diabetes, prg2m, wblc, hrt, crea, sod, glucose, bun, adlp, adlsc",3.0,1.0,1.0,1,14.0,9518,9518,0.43478260869565216,0.0007332414855080614,1,1
"0.0, [6.405,21.595], 3.0, [-4.829264270543963,23.8552945016924], [-267532.27,279504.27], 4.0, [0.57511718798,1.23469726602], [-49.715,51.715], 0.0, 0.0, [0.539999619,1.259999619], 2.0, [-82.94,108.94], [51.5,192.5], [7.145932885,7.773989115], 0.0","death, edu, income, scoma, charges, race, surv2m, hday, diabetes, dementia, prg2m, dnr, dnrday, hrt, ph, adlp",4.0,1.0,1.0,1,53.0,9974,9527,0.34782608695652173,0.0027758427665662325,5,5
"[32.358316949999995,82.82362305000001], 1.0, 1.0, 0.0, [-17.200000000000003,71.2], [-279.24,693.24], 2.0, 1.0, [6.574999999999999,17.425], 0.0, [23.5,98.5], [-162649.85,217277.35], [-208948.67808995,267277.08428995], [2.919999999999998,54.58], [-2.110000000000003,56.11], [0.552489013945,0.911378174055], 0.0, [0.365,0.635], [0.255,0.745], [-65.25,119.25], [-5.515000000000001,131.515], [-61.60003662,62.39996338], [-0.24963992999999984,6.04944453], [-20.587503435000002,26.587503435000002], [-5.004553991000001,7.804358671], [127.84,152.16], [7.241572270000001,7.63733373], [206.07198236000002,583.92801764], [4010.0,6890.0], 0.0","age, death, sex, hospdead, slos, d.time, dzgroup, dzclass, edu, income, scoma, totcst, totmcst, avtisst, aps, surv2m, dementia, prg2m, prg6m, dnrday, meanbp, wblc, alb, bili, crea, sod, ph, glucose, urine, adls",2.0,1.0,1.0,1,14.0,9537,9537,0.6521739130434783,0.0007332414855080614,1,1
"0.0, [-36.2,62.4], [348.76,1150.416850271028], [-244133.71000000002,558524.08], [-143729.4855931,183231.4855931], 0.0, 2.0, [-137.72875,371.72875], [-5.5704740942,7.9703764342], [121.0,162.0], 0.0, [-2.0145071922753894,3.1189584572567193]","hospdead, slos, d.time, charges, totmcst, dementia, dnr, pafi, crea, sod, adlp, adlsc",4.0,0.44370531249999995,0.85,1,42.22724408018207,9974,9538,0.2608695652173913,0.0022116262270188707,17,20
"[40.26553835,67.56644165], 0.0, 0.0, [-45.9,79.9], 5.0, [4.335,17.665], 0.0, [-23.0,23.0], [-212326.7856901,256791.12949010002], 0.0, [0.6199996999999999,0.9799997], [-69.11,71.11], [50.485,187.515], [-7.105427357601002e-15,84.0], [38.514375,486.485625], [-14.8105266542,16.0104778342], 0.0","age, sex, hospdead, slos, dzgroup, edu, income, scoma, totmcst, dementia, prg6m, dnrday, meanbp, hrt, pafi, bili, adls",3.0,1.0,1.0,1,4.0,9540,9540,0.3695652173913043,0.00020949756728801754,1,1
"0.0, 0.0, [209.25,1728.75], 0.0, 3.0, [5.5,76.5], [-172975.75984235,189524.44734235], 4.0, [-9.630444179500003,62.6304441795], [-47.510000000000005,49.510000000000005], 0.0, 1.0, [-104.545,120.545], [33.5,174.5], [33.74947615,39.04740385], [35.811874999999986,589.188125], [-4.5981150046999995,6.197968524699999], [7.154375679999999,7.70500032], [-61.64802498999995,473.64802498999995], [-62.75999999999999,74.75999999999999], 7.0, [5.762182615,8.237817385]","death, hospdead, d.time, dzgroup, income, scoma, totmcst, race, sps, hday, dementia, ca, dnrday, hrt, temp, pafi, crea, ph, glucose, bun, adls, adlsc",3.0,1.0,1.0,1,14.0,9543,9543,0.4782608695652174,0.0007332414855080614,1,1
"1.0, 1.0, [-72.3,58.6], 3.0, 4.0, [-19.580000000000002,21.580000000000002], [-17.0,37.0]","death, hospdead, slos, income, race, hday, resp",0.0,1.0,1.0,1,46.77060303073866,9997,9545,0.15217391304347827,0.0024495818888833325,25,25
"1.0, 1.0, [-460.11,492.11], 0.0, [-81.25,142.53], [-16.480000000000004,122.48], [-102.48188,319.13812], [-2.511000981,2.511000981]","death, hospdead, d.time, diabetes, dnrday, meanbp, pafi, adlsc",0.0,0.8782030639030666,0.9743589743589743,1,44.65515828367866,9965,9545,0.17391304347826086,0.0023387867568230108,38,39
"0.0, [-62.39999999999999,80.39999999999999], [348.76,1479.3200000000002], [6.08,25.92], [-244133.71000000002,378297.62], [-114007.46780000001,145609.4522], [32.7,75.3], 2.0, [-15.444999999999993,125.445], [-52.80078125,87.5976562], [34.149319750000004,38.64756025], [-5.5704740942,7.9703764342], [121.0,153.0], 0.0","hospdead, slos, d.time, edu, charges, totcst, aps, dnr, meanbp, wblc, temp, crea, sod, adls",4.0,0.6903615309097401,0.9285714285714286,1,36.826721792,9968,9547,0.30434782608695654,0.0019287771566541556,13,14
"1.0, 4.0, 0.0, [0.8200000000000001,1.2199997710000001], [0.8649998,1.1149998], 2.0, [-52.80078125,67.19921875], [34.4006256,37.5993744], [-1.521074127,2.510673927]","death, race, dementia, prg2m, prg6m, dnr, wblc, temp, adlsc",4.0,0.28462802079628785,0.7777777777777778,1,40.4624,9880,9548,0.1956521739130435,0.0021191935916586705,7,9
"1.0, [-120617.0225,138999.89750000002], [0.175,0.825], [34.9951576,42.1923424]","hospdead, totcst, prg2m, temp",0.0,0.9020399801470746,0.9795918367346939,1,44.524325565367036,9986,9550,0.08695652173913043,0.00233193447277102,48,49
"[50.4175582,80.2003618], 0.0, 1.0, [6.42,17.58], [-1.858566891999999,45.655441892], [20.99,65.01], [0.454967041495,1.2111590298289923], [0.72226074242,0.98770019558], 0.0, [0.4999997,1.0999997], 2.0, [-104.15,154.15], [32.41499999999999,165.585], [-9.650000000000002,41.650000000000006], [124.576875,572.548125]","age, sex, dzclass, edu, sps, aps, surv2m, surv6m, diabetes, prg6m, dnr, dnrday, meanbp, resp, pafi",2.0,0.13168724279835387,0.6666666666666666,1,28.52,9923,9555,0.32608695652173914,0.001493717654763565,4,6
"[50.4175582,80.2003618], 0.0, 1.0, [-2.1490802756829748,17.58], [1.3970494842960894,45.655441892], 0.0, [0.4999997,1.0999997], 2.0, [-104.15,154.15], [32.41499999999999,165.585], [-39.4003906,68.5996094], [-9.650000000000002,41.650000000000006], [124.576875,572.548125]","age, sex, dzclass, edu, sps, diabetes, prg6m, dnr, dnrday, meanbp, wblc, resp, pafi",2.0,0.06092699470458736,0.5714285714285714,1,27.095999999999997,9923,9555,0.2826086956521739,0.0014191365208090305,4,7
"[-109.1,139.1], 0.0, 0.0, [-345421.62,392441.62], [-130318.91090000002,154626.4891], [-4.423335999999999,35.756664], [2.2596532719999978,33.935659128], [-29.83,73.83], [0.5547412109200001,1.25312011708], [-35.015,37.015], 0.0, 0.0, 1.0, [-79.095,109.095], [-41.701171880000004,58.298828119999996], [2.400000000000002,45.599999999999994], [35.04513805,42.14236195], [-124.29624999999999,420.29625], [0.8900426980000002,5.509371302], [-2.1938668787999998,4.3935739188], [7.242226840000001,7.51753916], 3.0","slos, dzgroup, dzclass, charges, totcst, avtisst, sps, aps, surv2m, hday, diabetes, dementia, ca, dnrday, wblc, resp, temp, pafi, alb, crea, ph, adlp",2.0,1.0,1.0,1,23.0,9556,9556,0.4782608695652174,0.0012046110119061009,1,1
"[37.43708654999999,100.454993], 0.0, [-79.30000000000001,171.5], [-77047.49250000001,100251.86750000001], [-12.353818813500006,55.947568813500006], [-22.729999999999997,84.92], [-39.425000000000004,41.425000000000004], 0.0, 2.0, [0.514999714,1.084999714], [0.27999969999999996,1.0335208109536187], [-63.489999999999995,139.855], [33.149710750000004,39.64716925], 5.0","age, hospdead, slos, totcst, sps, aps, hday, dementia, ca, prg2m, prg6m, dnrday, temp, adls",2,0.03125,0.5,1,6.0,9879,9558,0.30434782608695654,0.0003142463509320263,1,2
"[58.75445649999999,116.6654635], 0.0, [1290.85,2405.15], 0.0, 0.0, 1.0, [85.5,114.5], [-169916.26,262624.26], [-126036.10620000001,158909.2938], [9.61,53.89], 4.0, [7.239999999999995,86.76], [-0.08865142823499998,0.19264007563499996], [-0.18308074956999998,0.21507843017], 1.0, [0.255,0.745], 2.0, [28.189999999999998,93.81], [33.64630705,35.60735637968778], [-15.554075621600001,17.153929141600003], [-0.15327476569999998,5.1532747657], [7.05030321,7.54930679], [2.080478514,3.919521486]","age, death, d.time, dzgroup, dzclass, num.co, scoma, charges, totcst, avtisst, race, aps, surv2m, surv6m, dementia, prg2m, dnr, meanbp, temp, bili, crea, ph, adlsc",3.0,0.1,1.0,1,2.0,9559,9559,0.5,0.00010474878364400877,0,0
"1.0, 1.0, [27.10387192679465,76.33588149650001], [15.309999999999999,70.69], [-17.2011719,86.1953125], [126.76,147.24]","death, hospdead, sps, aps, wblc, sod",0.0,0.8959286206856907,0.9782608695652174,1,37.5662334008802,9997,9560,0.13043478260869565,0.001967508627414568,45,46
"[16.58143665,72.01054335], 0.0, 1.0, 0.0, [-93.9,99.9], [5.9399999999999995,22.060000000000002], [-92247.4231,97716.1769], [-149246.50581355,156390.92377355], [0.70680419913,1.10496337887], [-18.11,20.11], [-50.504999999999995,56.504999999999995], [28.499999999999986,199.5], [32.149710750000004,38.64716925], [1.1226938045000003,6.4769155954999995], [7.311562840000001,7.58687516], [-199.37603037999997,451.37603038]","age, death, sex, hospdead, slos, edu, totcst, totmcst, surv6m, hday, dnrday, hrt, temp, alb, ph, glucose",2.0,5.949901826619859e-05,0.14285714285714285,1,40.064,9564,9564,0.34782608695652173,0.002098327633956784,1,7
"0.0, [348.76,1321.24], [-26.0,26.0], [0.629999999999999,47.370000000000005], [-21.325249987770533,59.125], 0.0, 2.0, [-0.25,40.25], [-5.5704740942,7.9703764342], [121.0,153.0], 0.0, 0.0, [-0.49853101407478756,2.025620119]","hospdead, d.time, scoma, avtisst, hday, dementia, dnr, resp, crea, sod, adlp, adls, adlsc",4.0,0.3666478320532007,0.8181818181818182,1,38.70044540018439,9968,9565,0.2826086956521739,0.0020269122910753445,18,22
"[69.1348773,113.8090827], 1.0, 0.0, [-27.700000000000003,77.7], [-273.42,415.42], 0.0, 2.0, [6.305,27.695], [-25.0,43.0], [-354878.85000000003,472036.85000000003], 4.0, [25.15,74.85], [-0.14886840851000002,0.47681030251], [-11.314999999999998,31.314999999999998], 0.0, 2.0, [0.009999952000000034,0.589999952], [-6.829999999999998,112.83], [-61.400146480000004,64.59985352], [6.649999999999999,45.35], [33.74626795,38.64435205], [100.13624999999996,679.86375], [123.28,152.72], [7.21608417,7.78391583], [1.736562496,6.2634375040000005]","age, death, hospdead, slos, d.time, dzclass, num.co, edu, scoma, charges, race, aps, surv6m, hday, dementia, ca, prg2m, meanbp, wblc, resp, temp, pafi, sod, ph, adlsc",3.0,1.0,1.0,1,12.0,9566,9566,0.5434782608695652,0.0006284927018640526,1,1
"0.0, 0.0, [-36.2,52.2], [-357444.07999999996,558524.08], [-199138.50238129997,162329.63159535], [8.1569346635,38.843065336500004], [0.37025390654,1.1323085243641358], 0.0, [0.24,0.76], 2.0, [-41.405,139.405], [37.073125000000005,291.801875], [-5.4706205742,8.0702299542], [100.42835011374598,162.0], [7.0767823750000005,7.722045625], [-2.0145071922753894,3.1189584572567193]","death, hospdead, slos, charges, totmcst, sps, surv6m, dementia, prg6m, dnr, dnrday, pafi, crea, sod, ph, adlsc",4.0,0.34765472254481466,0.8095238095238095,1,40.48880788780745,9996,9569,0.34782608695652173,0.002120576688721889,17,21
"[50.802856299999995,112.0230637], 1.0, [-71.2,85.2], [-566.8,648.8], 2.0, 1.0, [-0.5949999999999998,14.594999999999999], 3.0, [2.25,63.75], [3.299999999999997,102.7], [0.15903198209500002,0.42092407190500003], [-0.11726928751500001,0.34724975551500004], [-40.160000000000004,42.160000000000004], 0.0, 2.0, [0.584999619,1.214999619], 1.0, [-111.7,109.7], [12.649999999999999,51.35], [-28.171875,191.421875], [0.762182615,3.237817385]","age, death, slos, d.time, dzgroup, dzclass, edu, income, avtisst, aps, surv2m, surv6m, hday, dementia, ca, prg2m, dnr, dnrday, resp, pafi, adlsc",0.0,1.0,1.0,1,1.0,9571,9571,0.45652173913043476,5.2374391822004384e-05,1,1
"[37.43708654999999,100.454993], [-79.30000000000001,171.5], 0.0, [-77047.49250000001,100251.86750000001], [-12.353818813500006,55.947568813500006], [-22.729999999999997,84.92], [-39.425000000000004,41.425000000000004], 0.0, 2.0, [0.27999969999999996,1.0335208109536187], [-63.489999999999995,139.855], [33.149710750000004,39.64716925], 5.0","age, slos, dzclass, totcst, sps, aps, hday, dementia, ca, prg6m, dnrday, temp, adls",2,0.03125,0.5,1,6.0,9879,9575,0.2826086956521739,0.0003142463509320263,1,2
"[37.43708654999999,100.454993], 1.0, 0.0, [-79.30000000000001,171.5], 2.0, [-77047.49250000001,100251.86750000001], [-12.353818813500006,55.947568813500006], [-22.729999999999997,146.25380633842013], [-0.04832153357500002,0.378277587575], [-39.425000000000004,41.425000000000004], 2.0, [0.27999969999999996,1.0335208109536187], [-63.489999999999995,139.855], [33.149710750000004,39.64716925], 5.0","age, sex, hospdead, slos, num.co, totcst, sps, aps, surv6m, hday, ca, prg6m, dnrday, temp, adls",2,0.02373046875,0.75,1,16.5,9575,9575,0.32608695652173914,0.0008641774650630723,0,0
"[17.614987,67.252993], 1.0, 1.0, [-72.3,58.6], [0.7049996000000001,1.0949996]","age, death, hospdead, slos, prg6m",0.0,1.0,1.0,1,31.72,9957,9576,0.10869565217391304,0.001661315708593979,6,6
"1.0, 0.0, [-20.380000000000003,35.38], 1.0, 0.0, [74.625,219.375], [9.5,54.5], [34.6966785,41.6939415]","death, hospdead, avtisst, ca, dnr, meanbp, resp, temp",0.0,0.13168724279835387,0.6666666666666666,2,16.28,9953,9577,0.17391304347826086,0.001705310197724463,4,6
"1.0, [-613.6266878065892,1479.3200000000002], 4.0, 2.0, [-180957.81,378297.62], 0.0, 0.0, 2.0, [-52.80078125,67.19921875], [-5.5704740942,6.8572055116], [-2.6170996140000002,2.6170996140000002]","death, d.time, dzgroup, dzclass, charges, dementia, ca, dnr, wblc, crea, adlsc",4.0,0.43375716751999094,0.8461538461538461,1,25.845654528,9952,9578,0.2391304347826087,0.0013536504371456338,11,13
"4.0, [6.11,17.89], [-27.500000000000004,27.500000000000004], 0.0, 2.0, [-5.5704740942,6.8572055116], [119.24,162.76], [-2.6170996140000002,2.510673927]","dzgroup, edu, scoma, ca, dnr, crea, sod, adlsc",4.0,1.0,1.0,1,28.536448,9952,9578,0.17391304347826086,0.0014945791087602534,10,10
"0.0, 1.0, [-48.50000000000001,70.5], 4.0, [-33.0,33.0], [-442023.19,461223.19], [-193099.737,205823.823], [-209259.48021085,224319.19897085], [1.7400000000000002,31.259999999999998], 3.0, 0.0, [0.29000000000000004,0.71], [0.049999899999999986,0.7499999], 0.0, [-120.61500000000001,126.61500000000001], [18.4,95.6], [-40.701171880000004,57.298828119999996], [8.899999999999999,43.1], [33.24486435,38.94263565], [151.03437499999998,458.46562500000005], [112.92,157.08], [7.248852575,7.549975425], [235.0,4735.0], 7.0","death, sex, slos, num.co, scoma, charges, totcst, totmcst, avtisst, race, dementia, prg2m, prg6m, dnr, dnrday, meanbp, wblc, resp, temp, pafi, sod, ph, urine, adls",3.0,1.0,1.0,1,9.0,9580,9580,0.5217391304347826,0.00047136952639803944,1,1
"[50.4175582,80.2003618], 0.0, 1.0, [14.975452086840642,17.58], [-1.858566891999999,45.655441892], [20.99,65.01], [0.454967041495,1.2111590298289923], [0.72226074242,0.98770019558], 0.0, [0.4999997,1.0999997], 2.0, [-104.15,154.15], [32.41499999999999,165.585], [-9.650000000000002,41.650000000000006], [124.576875,572.548125]","age, sex, dzclass, edu, sps, aps, surv2m, surv6m, diabetes, prg6m, dnr, dnrday, meanbp, resp, pafi",3,0.1,1.0,1,15.0,9582,9582,0.32608695652173914,0.0007856158773300657,0,0
"0.0, [-40.900000000000006,50.900000000000006], 4.0, 2.0, [-13.5,13.5], [-144827.25,173217.25], [-208617.78060000003,228298.4994], [-1.8228157025000016,32.8228157025], [0.55238281216,1.09556640584], 0.0, [78.0,168.0], [11.3,52.7], [36.048150750000005,42.54560925], [4.216873167999999,29.376876832], [114.8,153.2], [0.26556154900000006,3.165590851]","hospdead, slos, dzgroup, dzclass, scoma, charges, totcst, sps, surv2m, dementia, hrt, resp, temp, bili, sod, adlsc",3.0,1.0,1.0,1,19.0,9586,9586,0.34782608695652173,0.0009951134446180834,1,1
"1.0, 0.0, [-36.2,62.4], [-22.37996128599224,4.589885107793503], [-244133.71000000002,558524.08], [-127700.62,98780.95479999999], [0.26176391566499996,0.82554687546], [-21.325249987770533,59.125], 0.0, [-7.0,47.0], [120.64,151.36], [800.0,6830.0], [-0.025620119000000052,2.025620119]","death, hospdead, slos, scoma, charges, totcst, surv6m, hday, diabetes, resp, sod, urine, adlsc",4.0,0.03943364769872244,0.5238095238095238,1,25.588999268945106,9905,9587,0.2826086956521739,0.01879855165676019,11,21
"0.0, [-79.30000000000001,62.4], [1390.8,2201.2], [-33.0,33.0], [6.989999999999998,51.010000000000005], [-27.869999999999997,23.785], 0.0, [0.5599996,1.2399996], 2.0, [51.5,192.5], [-19.542600637,21.342405317], [-2.1447914089999998,6.8572055116], 0.0","death, slos, d.time, scoma, aps, hday, dementia, prg6m, dnr, hrt, bili, crea, adlp",4.0,1.0,1.0,1,43.0,9996,9588,0.2826086956521739,0.0022520988483461886,5,5
"[18.652466499999996,76.56347350000001], 0.0, [-79.30000000000001,62.4], [2.545,21.455], [-12.7927555815,47.5896305815], [0.37025390654,1.1323085243641358], 2.0, [-2.1447914089999998,3.344742589], 0.0","age, hospdead, slos, edu, sps, surv6m, dnr, crea, adlp",4.0,0.43375716751999094,0.8461538461538461,1,35.918855600944184,9996,9588,0.1956521739130435,0.0018812282170418474,44,52
"1.0, [-245.76999999999998,341.77], 2.0, 0.0, 0.0, [-133.53,142.53], [9.5,39.85], [-3.574611665,5.574611665], [-252.36803233999996,440.36803233999996], [-56.75999999999999,80.75999999999999]","death, d.time, dzclass, diabetes, dnr, dnrday, resp, crea, glucose, bun",0.0,0.03125,0.5,1,42.5,9589,9589,0.21739130434782608,0.0022259116524351863,1,2
"[18.652466499999996,87.5220937], 0.0, 0.0, [-79.30000000000001,62.4], 0.0, [-3.4854414345,41.665881039000006], [-43.184999999999995,61.184999999999995], 0.0, [-41.405,139.405], [11.85,36.15], [35.2948448,40.8926552], [5.9756249999999795,243.38375], [100.42835011374598,153.0], 0.0, [-2.0145071922753894,3.1189584572567193]","age, death, hospdead, slos, dzgroup, sps, hday, dementia, dnrday, resp, temp, pafi, sod, adls, adlsc",4.0,0.28462802079628785,0.7777777777777778,1,31.57312,9989,9590,0.32608695652173914,0.001653622957923163,7,9
"[18.652466499999996,87.5220937], 0.0, [348.76,1321.24], [-244133.71000000002,558524.08], [-127700.62,98780.95479999999], 0.0, 2.0, [-81.25,103.25], [-52.80078125,53.0], [-2.1278247056,7.9703764342], [121.0,153.0], [-40.89500000000001,90.89500000000001], [800.0,6830.0]","age, hospdead, d.time, charges, totcst, dementia, dnr, dnrday, wblc, crea, sod, bun, urine",4.0,0.3090667656414808,0.7906976744186046,1,32.30318245886523,9968,9591,0.2826086956521739,0.0016918595351983067,34,43
"[-178100.78523235,184399.42195235], 1.0, 0.0, 2.0, [-52.80078125,53.0], [121.0,153.0], 0.0","totmcst, diabetes, dementia, dnr, wblc, sod, adls",4.0,0.06092699470458736,0.5714285714285714,1,25.0940883968,9928,9591,0.15217391304347827,0.001314287618110017,8,14
"1.0, 0.0, [-121.8,129.8], 1.0, [3.3049999999999997,24.695], 3.0, [-34.0,34.0], [-158029.14,172737.14], [-131824.73229999997,140456.4277], [-1.9800000000000004,51.980000000000004], [0.65567138643,1.02426025357], 2.0, [-53.195,61.195], [-6.549999999999997,46.55], [34.74908515,38.04779485], [316.87937500000004,835.120625], [-3.6065983613999997,7.0065007014], [104.96000000000001,151.04], [7.180346925,7.739575074999999], 4.0, [0.6721979189999998,5.694199880999999]","death, sex, slos, dzgroup, edu, income, scoma, charges, totcst, aps, surv2m, dnr, dnrday, resp, temp, pafi, crea, sod, ph, adlp, adlsc",2.0,1.0,1.0,1,12.0,9592,9592,0.45652173913043476,0.0006284927018640526,1,1
"1.0, 0.0, 0.0, [-13.5,31.5], [-373082.39999999997,823467.9879737673], 4.0, [17.54,54.46], 1.0, [0.49499971400000004,1.104999714], [-67.11,117.08], [-9.5,137.5], [-4.689607238,6.289460758], [2.9785498390000003,6.585903361000001]","death, sex, hospdead, scoma, charges, race, aps, ca, prg2m, dnrday, hrt, crea, adlsc",3.0,0.0009765625,0.25,1,15.25,9873,9596,0.2826086956521739,0.0007987094752855669,1,4
"1.0, [-17.700000000000003,189.7], [577.23,1164.77], 0.0, 2.0, [-81397.57500000001,361850.825], [-16543.353592350002,345956.85359235003], [29.48,88.52], [10.790027722999998,48.405284677], [48.83,87.17], [0.42433105454,0.76561035146], [-26.93,28.93], 0.0, 0.0, 2.0, [0.5799997,1.0199997], [-54.80078125,67.19921875], [-10.150000000000002,50.150000000000006], [32.9981703,39.595589700000005], [-14.496026608400001,15.6959777884], [-4.0151061281,6.415008468100001], [125.0,157.0], [-24.379999999999995,44.379999999999995]","sex, slos, d.time, dzgroup, num.co, totcst, totmcst, avtisst, sps, aps, surv6m, hday, diabetes, dementia, ca, prg6m, wblc, resp, temp, bili, crea, sod, bun",3.0,1.0,1.0,1,9.0,9602,9602,0.5,0.00047136952639803944,1,1
"0.0, [-36.2,52.2], 2.0, 1.0, [3.164999999999999,20.835], 0.0, [-22.5,22.5], [-337585.95,362111.95], [6.989999999999998,51.010000000000005], [0.37025390654,1.5319319830553497], 0.0, [0.8049999999999999,1.195], 2.0, [33.54494255,40.8926552], [-7.462537765,8.262464525], [112.4,162.0], [6.944252965,7.434653035], [-2.440268559,2.485380862]","hospdead, slos, dzgroup, dzclass, edu, income, scoma, charges, aps, surv6m, dementia, prg2m, dnr, temp, bili, sod, ph, adlsc",4.0,0.0,0.0,1,33.0,9604,9604,0.391304347826087,0.0017283549301261446,0,1
"[18.652466499999996,99.08713155000001], 0.0, 0.0, 0.0, [2.9599999999999937,111.04], [-10.5,203.0], [-3.3774999999999977,453.3775], [-1.344864659,4.144669339]","age, death, dzclass, dementia, meanbp, hrt, pafi, crea",4.0,0.15359020233154297,0.6875,1,29.510062828299958,9989,9605,0.17391304347826086,0.0015455715932613488,22,32
"1.0, 1.0, 3.0, 4.0, 1.0, [0.474999714,1.124999714], [119.8,158.2], [2.9785498390000003,7.803676761]","death, sex, income, race, ca, prg2m, sod, adlsc",3.0,0.0009765625,0.25,1,21.5,9815,9606,0.17391304347826086,0.0011260494241730943,1,4
"0.0, 3.0, [-13.5,31.5], [-4.532473549500001,47.930911149500005], [-0.7299999999999969,88.72999999999999], [-48.980000000000004,50.980000000000004], 0.0, 1.0, 2.0, [-9.5,285.052346136119], [-0.6999999999999993,40.7], [1.8776235555,4.9221810445], [-4.689607238,6.289460758], [5.868281248,6.585903361000001]","hospdead, income, scoma, sps, aps, hday, dementia, ca, dnr, hrt, resp, alb, crea, adlsc",3.0,0.0,0.0,1,18.0,9606,9606,0.30434782608695654,0.0009427390527960789,0,1
"[182.67999999999995,1479.3200000000002], [6.08,25.92], [-27.500000000000004,27.500000000000004], [-180957.81,378297.62], [-76928.09909999999,87707.0209], 0.0, 0.0, 2.0, [-52.80078125,67.19921875], [-1.521074127,2.510673927]","d.time, edu, scoma, charges, totcst, dementia, ca, dnr, wblc, adlsc",4.0,0.670176922268936,0.9230769230769231,1,32.176524799999996,9968,9608,0.21739130434782608,0.0016852259173456411,12,13
"1.0, [-72.3,58.6], [-137150.24779340002,175595.0289934], 0.0, 0.0, [33.84462975,38.34287025], [-2.7831682616999993,6.1830706017], [-56.75999999999999,80.75999999999999]","death, slos, totmcst, dementia, dnr, temp, crea, bun",0.0,0.512908935546875,0.875,1,40.498267214685995,9986,9610,0.17391304347826086,0.0021210721152141983,28,32
"1.0, [-72.3,58.6], 0.0, 0.0, [45.155,108.845], [14.100000000000001,69.9], [-263.3600343,471.3600343], [-1900.0,3950.0]","death, slos, dementia, dnr, meanbp, resp, glucose, urine",0.0,0.6062776116457453,0.9047619047619048,1,36.89853871233564,9986,9610,0.17391304347826086,0.0019325385241792642,19,21
"[18.652466499999996,99.08713155000001], 0.0, 0.0, 0.0, [9.8,22.2], [-267532.27,558524.08], [-9.27,29.27], [-28.119999999999997,74.12], [0.37025390654,1.1323085243641358], 1.0, 2.0, [51.5,192.5], [7.0767823750000005,7.722045625], [-2.263437504,2.263437504]","age, death, hospdead, dzgroup, edu, charges, avtisst, aps, surv6m, ca, dnr, hrt, ph, adlsc",4.0,0.512908935546875,0.875,1,38.552254251008,9974,9616,0.30434782608695654,0.0020191508697638273,14,16
"[60.7752671,108.7586729], 1.0, 0.0, 1.0, [-13.5,27.500000000000004], [-373082.39999999997,261321.82], 4.0, [0.5443994144600001,0.89358886754], [0.12504394537000002,0.6748828126299999], [-42.364999999999995,44.364999999999995], [0.295,0.7050000000000001], [12.485,149.515], [-4.232146071500001,5.831999591500001], 1.0, [4.196323239,8.131718752]","age, death, sex, num.co, scoma, charges, race, surv2m, surv6m, hday, prg2m, meanbp, crea, adlp, adlsc",3.0,0.1,1.0,1,12.0,9619,9619,0.32608695652173914,0.0006284927018640526,0,0
"0.0, [182.67999999999995,1479.3200000000002], [-439150.30000000005,378297.62], [-141663.5998,149613.92020000002], 4.0, [0.53874755889,0.82554687546], 0.0, [0.759999771,1.2199997710000001], 2.0, [15.170000000000002,134.82999999999998], [-5.5704740942,6.8572055116]","hospdead, d.time, charges, totcst, race, surv6m, dementia, prg2m, dnr, meanbp, crea",4.0,0.401877572016461,0.8333333333333334,1,32.10806968118379,9974,9620,0.2391304347826087,0.0016816406221305394,25,30
"0.0, [108.14999999999998,1019.85], 7.0, [1.08,20.92], 3.0, [-10.099999999999998,39.099999999999994], 1.0, [0.246339111555,0.857420654445], [0.15456542990000005,0.7233642580999999], [-15.375,21.375], 2.0, 2.0, [-50.25,134.25], [93.57499999999999,180.425], [-3.5,215.5], [-4.1299796311,8.1299796311], [7.34067435,7.59877965], 1.0, [0.08047851399999995,1.919521486]","sex, d.time, dzgroup, edu, income, avtisst, race, surv2m, surv6m, hday, ca, dnr, dnrday, meanbp, hrt, crea, ph, adls, adlsc",3.0,1.0,1.0,1,4.0,9627,9627,0.41304347826086957,0.00020949756728801754,1,1
"1.0, 1.0, [-41.900000000000006,58.6], [-17.0,17.0], [-255500.5,380588.5], [-10.431225379500003,71.206380307], 1.0, [4.550000000000001,59.45]","death, hospdead, slos, scoma, charges, sps, diabetes, resp",0.0,1.0,1.0,1,33.26752,9986,9628,0.17391304347826086,0.0017423661274263672,9,9
"0.0, [-26.0,26.0], [0.629999999999999,47.370000000000005], [-28.340000000000003,36.34], 0.0, 2.0, [-0.25,40.25], [-5.5704740942,7.9703764342], 0.0, 0.0, [-0.49853101407478756,2.025620119]","hospdead, scoma, avtisst, hday, dementia, dnr, resp, crea, adlp, adls, adlsc",4.0,0.22824833264848604,0.7441860465116279,1,31.15094502234208,9968,9629,0.2391304347826087,0.001631511800225861,32,43
"[5.970637050000001,54.78134295], 0.0, [348.76,1321.24], 3.0, [-357444.07999999996,558524.08], [-128604.24350445,134386.10288445], [-8.400000000000002,23.299999999999997], 0.0, [0.745,1.255], 2.0, [31.5,232.5], [-2.1278247056,7.9703764342], [7.0767823750000005,7.722045625], [-63.715,100.66], [-2.0145071922753894,1.5911524410000002]","age, death, d.time, dzgroup, charges, totmcst, avtisst, dementia, prg2m, dnr, hrt, crea, ph, bun, adlsc",4.0,0.06209213230591551,0.9090909090909091,1,46.519999999999996,9631,9631,0.32608695652173914,0.0024364567075596437,0,0
"1.0, [-322.967160925078,523.63], [-254952.49000000002,266640.49], [-10.431225379500003,71.206380307], [-19.580000000000002,21.580000000000002], 0.0, [34.6966785,41.6939415], [-102.48188,319.13812], [0.05722854140000022,7.7425761386000005], [7.078598435,7.620619565], 0.0","death, d.time, charges, sps, hday, diabetes, temp, pafi, crea, ph, adlp",0.0,0.00019869482337892967,0.18181818181818182,1,26.2274048,9889,9632,0.2391304347826087,0.0013736443754695184,2,11
"1.0, [-72.3,49.900000000000006], 1.0, [-120617.0225,237541.79880000002], [-130.53,142.53]","hospdead, slos, num.co, totcst, dnrday",0.0,1.0,1.0,2,38.697117822009105,9957,9636,0.10869565217391304,0.004176480367006359,33,33
"[0.629999999999999,47.370000000000005], 4.0, 0.0, 0.0, 2.0, [-0.25,46.9], [-5.5704740942,7.9703764342], [115.6,160.4], [7.357226799999999,7.7013672], [-1.521074127,2.025620119]","avtisst, race, diabetes, dementia, dnr, resp, crea, sod, ph, adlsc",4.0,0.25231930775284844,0.7592592592592593,1,36.48479145303945,9993,9639,0.21739130434782608,0.0019108687631056048,41,54
"1.0, 1.0, 0.0, [154.3,395.7], [-231.92999999999995,1003.93], [7.04,16.96], 0.0, [-18.0,18.0], [197035.53,589626.97], [21.64,59.36], [5.156620333499998,55.6402546665], [6.689999999999998,93.31], 1.0, 2.0, [0.5149998090000001,0.884999809], [0.3449999,0.8549999], 0.0, [-3.7150000000000034,169.715], [-4.5,47.5], [4.349999999999998,55.650000000000006], [33.85142715,41.14857285], [-1.5169888234999998,5.5169888235], [-8.506013492400001,9.1059890724], [-4.7790306909,8.5788353709], [7.087201945,7.612016055], [3.842661129,8.157338871]","death, sex, hospdead, slos, d.time, edu, income, scoma, totcst, avtisst, sps, aps, diabetes, ca, prg2m, prg6m, dnr, dnrday, wblc, resp, temp, alb, bili, crea, ph, adlsc",3.0,1.0,1.0,1,2.0,9642,9642,0.5652173913043478,0.00010474878364400877,1,1
"1.0, 0.0, 1.0, [3.3049999999999997,24.695], 3.0, [-198764.715,206490.965], [-206007.02364114998,213355.96114114998], [0.43361450243500005,1.122293701565], [-28.400000000000002,30.400000000000002], 1.0, [0.16999999999999998,0.8300000000000001], 2.0, [64.25999999999999,133.74], [-69.70019531,76.29980469], [5.0,155.0], [0.23256558650000025,5.1668484135], [-1.4238580348000003,8.8232720948], [1145.0,3395.0], [0.14127958100000004,2.192519819]","death, sex, dzclass, edu, income, totcst, totmcst, surv2m, hday, ca, prg6m, dnr, meanbp, wblc, hrt, alb, crea, urine, adlsc",2.0,0.0,0.0,1,49.0,9648,9648,0.41304347826086957,0.002566345199278215,0,1
"1.0, [-72.3,58.6], [-460.11,492.11], [-193042.3612,237541.79880000002], [13.043312999999994,69.623313], [-0.0007214356299999891,0.40666625962999997], 0.0, [-109.235,142.53], [-15.139599995800001,16.939404675800002]","hospdead, slos, d.time, totcst, avtisst, surv2m, dementia, dnrday, bili",0.0,1.0,1.0,1,38.888530394939124,9930,9652,0.1956521739130435,0.0021007715798710483,27,27
"[-10.431225379500003,71.206380307], [-0.48737618651626663,0.535], [10.149999999999999,39.85]","sps, prg2m, resp",0.0,0.09239363033545915,0.6210526315789474,1,30.34462827064204,9997,9652,0.06521739130434782,0.0015414194829375598,59,95
"[8.441116549999997,65.52482345000001], [-20.200000000000003,68.2], [0.375,23.625], [-310541.17000000004,363713.17000000004], [-109339.9312,143944.8688], [-162325.35359235,200174.85359235], 1.0, [9.3418080165,57.845691983500004], [12.989999999999998,57.010000000000005], [0.36146972672,0.81650878928], 0.0, 1.0, 2.0, [16.065000000000005,129.935], [54.49999999999999,159.5], [9.549999999999997,46.45], [-4.098237074699999,6.6978464547], [104.92,149.08], [7.341675125,7.556762875], 0.0, 0.0","age, slos, edu, charges, totcst, totmcst, race, sps, aps, surv6m, diabetes, ca, dnr, meanbp, hrt, resp, crea, sod, ph, adlp, adls",2.0,1.0,1.0,1,15.0,9654,9654,0.45652173913043476,0.0007856158773300657,1,1
"1.0, 0.0, 0.0, 4.0, 2.0, [-24.0,24.0], [-215385.45100000003,229876.84900000002], [-20.43,39.43], 4.0, [11.826620790999996,57.360879209000004], [0.17970703113000003,0.74229003887], 0.0, 0.0, [-73.49,81.49], [7.0,181.0], [-9.700000000000003,49.7], [-0.5775014955,4.7767202955], [-13.952520371000002,14.352483751000001], [-3.5342026519,4.334129411899999]","death, sex, hospdead, dzgroup, dzclass, scoma, charges, avtisst, race, sps, surv2m, diabetes, dementia, dnrday, hrt, resp, alb, bili, crea",3.0,1.0,1.0,1,9.0,9655,9655,0.41304347826086957,0.00047136952639803944,1,1
"[49.356327949999994,83.27563205], 0.0, 0.0, [-97.9,129.9], [-36.58000000000004,1300.58], [0.17498779325000002,0.64898681675], 1.0, [84.59375,142.59375], [-42.000000000000014,168.0], [119.08,138.92], [-27.85000000000001,105.85000000000001], [-2.440268559,2.440268559]","age, sex, hospdead, slos, d.time, surv6m, ca, wblc, hrt, sod, bun, adlsc",4.0,1.0,1.0,1,1.0,9656,9656,0.2608695652173913,5.2374391822004384e-05,1,1
"1.0, 1.0, 0.0, [-20.850000000000023,890.85], 0.0, 1.0, [0.483734131125,0.726226806875], 1.0, 0.0, [0.315,0.685], [24.015,79.985], [-51.70019530999999,64.29980468999999], [12.5,237.5], [-3.8999999999999986,51.9], [-88.92801763999998,288.92801764], [-11.740000000000002,41.74], 0.0, 0.0, [-1.662211917,1.662211917]","death, sex, hospdead, d.time, dzclass, income, surv2m, diabetes, dementia, prg6m, meanbp, wblc, hrt, resp, glucose, bun, adlp, adls, adlsc",2.0,1.0,1.0,1,34.0,9657,9657,0.41304347826086957,0.0017807293219481491,1,1
"[18.652466499999996,99.08713155000001], 0.0, [-79.30000000000001,78.0], [2.545,21.455], [-33.5,33.5], [-9.27,47.370000000000005], [3.4400000000000013,53.89], [-93.78500000000001,125.39], [57.49999999999999,162.5], [-5.5704740942,6.8572055116], [7.184487965,7.6748880349999995]","age, hospdead, slos, edu, scoma, avtisst, aps, dnrday, hrt, crea, ph",4.0,0.08356049390158359,0.6086956521739131,1,31.46708781350053,9996,9658,0.2391304347826087,0.001648069586641696,70,115
"0.0, 0.0, 0.0, 0.0, 0.0, [-0.5,52.5], [-55288.850000000035,771626.8500000001], 4.0, [-2.664410600500002,43.8597230005], [0.59680419961,0.8489965823900001], [0.40999990000000003,0.7899999], 2.0, [-20.04,98.03999999999999], [-7.5,217.5], [36.24967165,42.54720835], [0.3878006175000004,7.2118087825], [7.371293555,7.7068304450000005], [-157.63202890999997,461.63202891], [-38.615,62.615], [1705.0,6475.0], [-1.273183596,1.273183596]","death, sex, hospdead, dzclass, num.co, scoma, charges, race, sps, surv2m, prg6m, dnr, dnrday, hrt, temp, alb, ph, glucose, bun, urine, adlsc",3.0,1.0,1.0,1,34.0,9660,9660,0.45652173913043476,0.0017807293219481491,1,1
"[51.542917149999994,98.69902285], 0.0, 0.0, 1.0, [10.42,21.58], [-13.5,13.5], [-165232.17000000004,509022.17000000004], [-97622.64200000002,332961.51800000004], [0.33565185513,0.8982348628699999], 0.0, [0.309999905,0.889999905], [0.2349999,0.5649999], 2.0, [122.5,197.5], [10.838749999999976,485.16125], [-1.6596893320000001,5.659689332], [4.045112303,5.954887697]","age, hospdead, dzclass, num.co, edu, scoma, charges, totcst, surv2m, dementia, prg2m, prg6m, dnr, hrt, pafi, crea, adlsc",2.0,1.0,1.0,1,6.0,9661,9661,0.3695652173913043,0.0003142463509320263,1,1
"[6.08,25.92], 0.0, 0.0, 2.0, [-52.80078125,67.19921875], [-5.5704740942,6.8572055116], [-1.521074127,2.6170996140000002]","edu, dementia, ca, dnr, wblc, crea, adlsc",4.0,0.28462802079628785,0.7777777777777778,1,25.19828507803208,9977,9662,0.15217391304347827,0.0013197448559194183,21,27
"[37.43708654999999,99.08713155000001], 0.0, [-67.2,52.2], [348.76,2606.75], [-21.056294376853685,26.0], [-22.2421314965,48.0390064965], 2.0, [-125.995,135.995], [-5.5704740942,7.9703764342], [-118.16802009,312.16802009], 0.0, 0.0, [-0.025620119000000052,2.025620119]","age, hospdead, slos, d.time, scoma, sps, dnr, dnrday, crea, glucose, adlp, adls, adlsc",4.0,0.6472278485082303,0.9166666666666666,2,41.16142848,9968,9663,0.2826086956521739,0.004311609566329861,11,12
"[18.652466499999996,87.5220937], 0.0, [-36.2,52.2], [-357444.07999999996,558524.08], [-127700.62,98780.95479999999], [-8.292441251500001,32.2924412515], 0.0, 1.0, 2.0, [-32.70019531,45.29980469], [7.0767823750000005,7.722045625], [-2.0145071922753894,3.1189584572567193]","age, hospdead, slos, charges, totcst, sps, dementia, ca, dnr, wblc, ph, adlsc",4.0,0.41643685182966456,0.8392857142857143,1,34.16311056994546,9996,9666,0.2608695652173913,0.0017892721388487831,47,56
"0.0, [27.599999999999994,204.4], [-70.84000000000003,1306.8400000000001], 0.0, 0.0, [-171757.27000000002,375279.27], [-76399.255,385845.505], [-30017.499993250007,289835.62399325], [4.129999999999999,50.870000000000005], 4.0, [12.920000000000002,81.08], [0.021221923674999976,0.554705810325], 1.0, 0.0, [0.7499996,1.0499996], [31.485,168.515], [74.0,158.0], [-3.3000000000000007,27.3], [0.7752837750000001,6.024520825], [131.44,168.56], [7.1800244950000005,7.618803505], [-1.131718752,1.131718752]","hospdead, slos, d.time, dzgroup, dzclass, charges, totcst, totmcst, avtisst, race, aps, surv2m, diabetes, dementia, prg6m, meanbp, hrt, resp, alb, sod, ph, adlsc",3.0,1.0,1.0,1,8.0,9667,9667,0.4782608695652174,0.00041899513457603507,1,1
"1.0, 0.0, [103.1,296.9], [-523.62,975.62], 5.0, 3.0, [-2.5000000000000036,54.5], [141159.52,548256.48], [64210.41,469466.08999999997], [148204.1392042,347223.8607958], 4.0, [8.5145585655,51.079191434500004], [18.86,67.14], [-0.25465332023500004,0.41462646483500004], [-28.425000000000004,52.425000000000004], 0.0, 0.0, [34.735,171.265], [54.75,151.25], [21.8,54.2], [-1.6193750000000193,288.244375], [-3.3576937916,6.157498471599999], [7.1156598849999995,7.743716115], [-1.9805078160000003,1.9805078160000003]","death, hospdead, slos, d.time, dzgroup, dzclass, scoma, charges, totcst, totmcst, race, sps, aps, surv2m, hday, diabetes, dnr, dnrday, meanbp, resp, pafi, crea, ph, adlsc",3.0,0.1,1.0,1,3.0,9670,9670,0.5217391304347826,0.00015712317546601315,0,0
"1.0, 0.0, [103.1,296.9], [-523.62,975.62], 5.0, 3.0, [-2.5000000000000036,54.5], [141159.52,548256.48], [148204.1392042,347223.8607958], [9.629999999999999,56.370000000000005], 4.0, [8.5145585655,51.079191434500004], [18.86,67.14], [-0.25465332023500004,0.41462646483500004], [-28.425000000000004,52.425000000000004], 0.0, 0.0, [34.735,171.265], [54.75,151.25], [21.8,54.2], [37.3960138,40.9946062], [-1.6193750000000193,288.244375], [-3.3576937916,6.157498471599999], [7.1156598849999995,7.743716115], [-1.9805078160000003,1.9805078160000003]","death, hospdead, slos, d.time, dzgroup, dzclass, scoma, charges, totmcst, avtisst, race, sps, aps, surv2m, hday, diabetes, dnr, dnrday, meanbp, resp, temp, pafi, crea, ph, adlsc",3.0,0.1,1.0,1,3.0,9670,9670,0.5434782608695652,0.00015712317546601315,0,0
"0.0, 0.0, 1.0, 1.0, [-14.499999999999998,14.499999999999998], [-283575.72,327069.72], 4.0, [0.19711960149999896,58.5997553985], [26.599999999999998,83.4], [0.424176025675,0.957659912325], [0.46725585942000003,0.73269531258], 2.0, [-41.35,69.35], [-17.0,47.0], [60.5,255.5], [-5.399999999999999,59.4], [-21.400515370200004,22.000490950200003], [-3.7726161246,7.572420804599999], [1.443886716,4.556113284]","sex, hospdead, num.co, income, scoma, charges, race, sps, aps, surv2m, surv6m, dnr, dnrday, wblc, hrt, resp, bili, crea, adlsc",3.0,1.0,1.0,1,15.0,9673,9673,0.41304347826086957,0.0007856158773300657,1,1
"[42.2411774,85.2607826], 0.0, 0.0, [-19.700000000000003,85.7], 0.0, [6.08,25.92], [10.71,46.79], 4.0, [7.560434571999998,39.236440428], [25.54,62.46], 0.0, 0.0, 0.0, [0.544999809,0.854999809], 2.0, [34.44658075,40.944039249999996], [-21.487894055,25.687112815000003], [-5.4130617577,7.2128664377], [112.44,149.56], [-80.43201665999999,276.43201666], [-28.93,58.93], [1765.0,5185.0]","age, death, hospdead, slos, dzclass, edu, avtisst, race, sps, aps, diabetes, dementia, ca, prg2m, dnr, temp, bili, crea, sod, glucose, bun, urine",3.0,0.03125,0.5,1,35.0,9675,9675,0.4782608695652174,0.0018331037137701534,1,2
"[38.407897299999995,83.08210270000001], 0.0, 3.0, [-386258.07,415214.07], [9.411839957000002,50.986597642999996], [-4.3700000000000045,62.370000000000005], [0.27373535192000004,0.97211425808], [0.37198120071499996,0.665860595285], 0.0, [0.445,1.055], [-70.335,88.335], [-55.8007812,78.1992188], [36.44439515,39.74310485], [321.97375,726.02625], [0.8575869915000003,4.7420224085000005], [-3.1171504985,5.1171504985], [133.12,154.88], [7.291870125,7.506957875]","age, sex, income, charges, sps, aps, surv2m, surv6m, diabetes, prg2m, dnrday, wblc, temp, pafi, alb, crea, sod, ph",3.0,1.0,1.0,1,13.0,9678,9678,0.391304347826087,0.000680867093686057,1,1
"0.0, 0.0, 0.0, [-226659.15999999997,333099.16], [-101712.23619999998,170568.9238], [21.04,46.46], [1.3305269909999957,46.86478540900001], [2.3099999999999987,57.69], [0.645863037005,0.965953368995], 0.0, [0.09999999999999998,0.5], [73.08500000000001,132.915], [-4.850000000000001,24.85], [-87.86375000000004,491.86375000000004], [130.24,157.76]","sex, hospdead, dzclass, charges, totcst, avtisst, sps, aps, surv2m, dementia, prg6m, meanbp, resp, pafi, sod",2.0,1.0,1.0,1,18.0,9679,9679,0.32608695652173914,0.0009427390527960789,1,1
"1.0, 0.0, 2.0, [-21.5,21.5], 0.0, [0.24,0.76], 2.0, [-52.80078125,67.19921875], [9.100000000000001,39.35], [34.4006256,37.5993744], [115.6,146.96]","death, hospdead, dzclass, scoma, dementia, prg6m, dnr, wblc, resp, temp, sod",4.0,0.2373046875,0.75,1,30.52,9977,9685,0.2391304347826087,0.0015984664384075737,6,8
"1.0, [-57.7,81.7], [182.67999999999995,1479.3200000000002], [-33.5,33.5], 4.0, 0.0, [0.8200000000000001,1.18], [-1.6546734709999997,4.854380471], [-13.830000000000002,35.83], [-1.521074127,2.6170996140000002]","death, slos, d.time, scoma, race, dementia, prg2m, alb, bun, adlsc",4.0,1.0,1.0,2,37.0,9786,9685,0.21739130434782608,0.0038757049948283245,2,2
"1.0, [182.67999999999995,912.524959038221], 1.0, [6.08,25.92], [0.406402588125,0.6434020998750001], 0.0, 0.0, 0.0, 2.0, [-72.095,116.095], [-52.80078125,67.19921875], [35.100547399999996,37.899452600000004], [-5.5704740942,6.8572055116], [7.035258455,7.542865545000001], [875.0,3485.0]","death, d.time, num.co, edu, surv6m, diabetes, dementia, ca, dnr, dnrday, wblc, temp, crea, ph, urine",4.0,0.1,1.0,1,27.0,9686,9686,0.32608695652173914,0.0014141085791941183,0,0
"0.0, 1.0, [-36.2,52.2], 0.0, [-357444.07999999996,558524.08], [0.37025390654,1.1323085243641358], 0.0, 2.0, [-41.405,139.405], [100.42835011374598,162.0], [-2.0145071922753894,3.1189584572567193]","death, sex, slos, dzgroup, charges, surv6m, dementia, dnr, dnrday, sod, adlsc",4.0,0.26150027784488145,0.7647058823529411,1,34.020472815616,9947,9691,0.2391304347826087,0.0017818015732149212,13,17
"[67.78289815000001,98.39300185], 1.0, [-72.3,49.900000000000006], [-10.431225379500003,76.33588149650001], 0.0, 0.0","age, hospdead, slos, sps, dementia, dnr",0.0,1.0,1.0,1,36.557326784250776,9930,9692,0.13043478260869565,0.0019146677569634057,30,30
"1.0, 2.0, [-162897.72950295,171171.08888295], 0.0, [0.32999999999999996,0.67], [-2.7831682616999993,6.1830706017], [-56.75999999999999,80.75999999999999]","death, dzclass, totmcst, dementia, prg6m, crea, bun",0.0,0.0,0.0,1,46.0,9694,9694,0.15217391304347827,0.0024092220238122017,0,2
"0.0, 0.0, [-88.80000000000001,94.80000000000001], 7.0, 1.0, [6.885,17.115000000000002], [9.5,78.5], [-394412.74,445224.74], [-68883.52620000001,102083.71380000001], [-186432.23899145002,218715.05139145002], 4.0, [11.119999999999997,50.88], 0.0, [-0.355,0.355], [-0.31,0.31], 0.0, [41.0,155.0], [34.6977011,38.8960589], [110.28,155.72], [7.18464868,7.73527332], [28.14999999999999,161.85000000000002], [0.6467186959999998,5.173593704]","death, hospdead, slos, dzgroup, num.co, edu, scoma, charges, totcst, totmcst, race, aps, diabetes, prg2m, prg6m, dnr, hrt, temp, sod, ph, bun, adlsc",3.0,0.1,1.0,1,2.0,9695,9695,0.4782608695652174,0.00010474878364400877,0,0
"[57.772357799999995,94.1735622], 0.0, 0.0, [-88.80000000000001,94.80000000000001], 7.0, 1.0, [6.885,17.115000000000002], [9.5,78.5], [-394412.74,445224.74], [-68883.52620000001,102083.71380000001], [-186432.23899145002,218715.05139145002], 4.0, [11.119999999999997,50.88], 0.0, [-0.355,0.355], 0.0, [41.0,155.0], [34.6977011,38.8960589], [-172.445625,433.633125], [110.28,155.72], [7.18464868,7.73527332], [28.14999999999999,161.85000000000002], [0.6467186959999998,3.033677958528626]","age, death, hospdead, slos, dzgroup, num.co, edu, scoma, charges, totcst, totmcst, race, aps, diabetes, prg2m, dnr, hrt, temp, pafi, sod, ph, bun, adlsc",3.0,0.1,1.0,1,2.0,9695,9695,0.5,0.00010474878364400877,0,0
"0.0, [-73.10000000000001,107.10000000000001], [1044.97,1673.03], 2.0, 2.0, [-16.5,16.5], [-2.1433360000000015,31.476664000000003], 4.0, [0.20153686494499998,0.5604260250549999], [0.048514404185,0.323433837815], [-10.580000000000002,30.580000000000002], 0.0, 0.0, [0.185,0.815], [0.21499999999999997,0.785], [-29.0,55.0], [5.5,122.5], [32.797662,36.796098], [-100.60688,321.01312], [-4.1065983614,6.5065007014], [7.181509415,7.757944585], 0.0, [-2.12197266,2.12197266]","death, slos, d.time, dzgroup, num.co, scoma, avtisst, race, surv2m, surv6m, hday, diabetes, dementia, prg2m, prg6m, wblc, hrt, temp, pafi, crea, ph, adls, adlsc",2.0,1.0,1.0,1,4.0,9696,9696,0.5,0.00020949756728801754,1,1
"[46.2198563,107.4400637], [-87.88999999999999,985.89], 0.0, [11.379999999999999,37.620000000000005], [0.6299999999999955,67.37], [0.288905029405,0.996983642595], [0.24811279343000003,0.83587158257], 2.0, [-50.64500000000001,100.64500000000001], [-11.2510505704,12.650952910400001], [7.005664660186791,7.73229477], [-46.68801518999999,278.68801519], [-28.020000000000003,56.02], [-1.803676761,1.803676761]","age, d.time, dzclass, avtisst, aps, surv2m, surv6m, ca, dnrday, bili, ph, glucose, bun, adlsc",3.0,2.3174285888671876e-05,0.1875,1,33.2852744192,9700,9700,0.30434782608695654,0.0017432960043341202,0,0
"[46.2198563,107.4400637], [-87.88999999999999,985.89], 0.0, [-194747.03999999998,263237.04], [11.379999999999999,37.620000000000005], [0.6299999999999955,67.37], [0.288905029405,0.996983642595], [0.24811279343000003,0.83587158257], 0.0, 2.0, [-50.64500000000001,100.64500000000001], [-11.2510505704,12.650952910400001], [7.26770523,7.73229477], [-46.68801518999999,278.68801519], [-28.020000000000003,56.02], [-1.803676761,1.803676761]","age, d.time, dzclass, charges, avtisst, aps, surv2m, surv6m, diabetes, ca, dnrday, bili, ph, glucose, bun, adlsc",3.0,2.3174285888671876e-05,0.1875,1,33.2852744192,9700,9700,0.34782608695652173,0.0017432960043341202,0,0
"0.0, [-214071.24189999996,241841.3981], [-239213.06778935,265444.08338935], [-7.790000000000003,48.790000000000006], [3.469999999999999,64.53], [0.516883544705,1.030968017295], [-27.665000000000003,29.665000000000003], 0.0, [0.865,1.135], 2.0, [-7.444999999999993,133.445], [-64.70117188,81.29882812], [36.1975056,39.396254400000004], [0.729920626,3.669493374], [1.4296120409,6.370192639100001], [127.6,156.4], [7.15056678,7.52912122], [-1610.0,5050.0], 0.0, [-1.556113284,1.556113284]","hospdead, totcst, totmcst, avtisst, aps, surv2m, hday, dementia, prg2m, dnr, meanbp, wblc, temp, alb, crea, sod, ph, urine, adls, adlsc",3.0,0.03125,0.5,1,51.0,9701,9701,0.43478260869565216,0.0026710939829222235,1,2
"[-36.2,52.2], [182.67999999999995,1479.3200000000002], [6.08,25.92], [-76928.09909999999,87707.0209], [-0.22662994100000233,53.226629941], 0.0, 0.0, 2.0","slos, d.time, edu, totcst, sps, dementia, ca, dnr",4.0,0.48894551440329226,0.8666666666666667,1,22.282458624,9968,9703,0.17391304347826086,0.0011670302187309766,13,15
"[18.652466499999996,87.5220937], 0.0, [-79.30000000000001,62.4], 1.0, [-22.37996128599224,4.589885107793503], [-244133.71000000002,558524.08], [-127700.62,98780.95479999999], [-178100.78523235,184399.42195235], [-17.560000000000002,52.01], 0.0, 2.0, [-52.80078125,53.0], [-2.1278247056,7.9703764342], [800.0,6830.0], [2.298950225,4.067260775]","age, hospdead, slos, dzclass, scoma, charges, totcst, totmcst, avtisst, dementia, dnr, wblc, crea, urine, adlsc",4.0,0.13168724279835387,0.6666666666666666,1,26.04,9840,9705,0.32608695652173914,0.0013638291630449942,4,6
"1.0, [-72.3,58.6], 3.0, [-193042.3612,237541.79880000002], [-10.431225379500003,71.206380307], [3.4299999999999997,98.57], [-19.580000000000002,21.580000000000002]","hospdead, slos, dzclass, totcst, sps, aps, hday",0.0,1.0,1.0,1,33.5147918237696,9897,9709,0.15217391304347827,0.0017553168388110179,17,17
"0.0, [348.76,2606.75], 1.0, 3.0, [-2.821084175758955,21.5], [-434841.75,558524.08], [0.629999999999999,47.370000000000005], [-3.4854414345,45.3296629795], [3.4400000000000013,53.89], [0.51446533225,0.99945068375], 0.0, [-93.78500000000001,101.78500000000001], [-13.050000000000004,29.599999999999998], [33.54494255,39.64255745], 1.0","hospdead, d.time, dzclass, income, scoma, charges, avtisst, sps, aps, surv2m, dementia, dnrday, resp, temp, adls",4.0,0.0534824985896467,0.8823529411764706,1,27.12638311902736,9710,9710,0.32608695652173914,0.0014207278181897444,0,0
"1.0, [-97653.9325,231616.3075], [2.8900000000000006,41.11], 1.0, 0.0, [4.0,196.0], [33.581875,446.41812500000003], [-2.7831682616999993,6.1830706017], [-263.3600343,471.3600343], [-56.75999999999999,80.75999999999999], [-1900.0,3950.0]","death, totcst, hday, ca, dnr, hrt, pafi, crea, glucose, bun, urine",4,0.0,0.0,1,48.75,9713,9713,0.2391304347826087,0.0025532516013227137,0,4
"1.0, [-72.3,58.6], [-120617.0225,138999.89750000002], 0.0, [45.155,108.845], [-59.0,139.0], [10.149999999999999,39.85], [111.03999999999999,144.96], [-625.0,3605.0]","hospdead, slos, totcst, dnr, meanbp, hrt, resp, sod, urine",0.0,1.0,1.0,1,53.2496,9965,9713,0.1956521739130435,0.0027889154147650048,8,8
"[58.46420824999999,87.41971175], 1.0, 1.0, [5.6000000000000085,148.39999999999998], 2.0, 1.0, [-19.5,19.5], 4.0, [-5.247193905000003,64.044068905], [-16.54,88.53999999999999], [0.31062744113,0.8732104488699999], [0.22082031207000002,0.5810595699300001], [-18.845000000000002,20.845000000000002], [0.399999905,0.799999905], [0.3449999,0.8549999], [-24.870000000000005,144.87], [102.875,151.125], [-22.4023438,61.5976562], [35.5961311,39.7944889], [-43.03937500000001,563.0393750000001], [0.24282806850000016,4.7571719315]","age, sex, hospdead, slos, num.co, income, scoma, race, sps, aps, surv2m, surv6m, hday, prg2m, prg6m, dnrday, meanbp, wblc, temp, pafi, alb",3.0,1.0,1.0,1,7.0,9715,9715,0.45652173913043476,0.0003666207427540307,1,1
"1.0, 0.0, [-68.0,102.0], [761.33,1956.67], 0.0, 1.0, [-2.285,12.285], [-373082.39999999997,486055.97], [-108596.7331,132023.8269], 4.0, [0.251754150665,0.830032959335], 1.0, [-0.060000023999999985,0.359999976], [-0.21000002,0.30999998], 0.0, [-47.10058594,58.89941406], [13.8,40.7], [1.8776235555,4.9221810445], [-3.5643036679,7.9637177279], [7.243550045,7.596293954999999]","sex, hospdead, slos, d.time, dzgroup, num.co, edu, charges, totcst, race, surv6m, dementia, prg2m, prg6m, dnr, wblc, resp, alb, crea, ph",3.0,0.05020576131687243,0.6666666666666666,1,16.53248,9717,9717,0.43478260869565216,0.000865878585309451,0,0
"[58.17768675000001,111.95219325000001], 0.0, 1.0, 0.0, 0.0, [-6.470000000000001,16.47], [-442633.97,390224.39999999997], 4.0, [0.511021728095,0.7729138179049999], 1.0, [-0.12500002400000002,0.42499997600000006], [-119.08,117.08], [-9.5,194.0], [-0.6999999999999993,46.2], [12.369374999999991,600.880625], [134.4,153.6], [7.286567594999999,7.553276405], [2.9785498390000003,6.585903361000001]","age, death, sex, hospdead, dzgroup, edu, charges, race, surv2m, ca, prg2m, dnrday, hrt, resp, pafi, sod, ph, adlsc",3.0,0.05020576131687243,0.6666666666666666,1,3.0,9717,9717,0.391304347826087,0.00015712317546601315,0,0
"0.0, 1.0, [6.42,17.58], [-206372.37,213446.37], [-7.73,35.730000000000004], [-1.858566891999999,36.736754758000004], [-36.485,38.485], 0.0, [0.534999619,1.2649996190000001], [0.4999997,0.905], 2.0, [-9.650000000000002,27.75], [124.576875,339.18875], [-28.42401861999997,370.42401861999997]","death, dzclass, edu, charges, avtisst, sps, hday, diabetes, prg2m, prg6m, dnr, resp, pafi, glucose",2.0,0.0,0.0,1,24.0,9722,9722,0.30434782608695654,0.0012569854037281052,0,1
"0.0, [-104.5,116.5], [-579.23,859.23], [5.715,20.285], [-168323.92,187885.92], [-162328.61750000002,173273.74250000002], [-158370.68871309998,168590.2824731], [-5.73,37.730000000000004], 4.0, [-9.246879575000001,40.246879575], [-13.850000000000001,35.85], [-36.485,38.485], 0.0, [0.404999905,0.7949999050000001], 0.0, [-117.08,119.08], [86.68,179.32], [-1.6618801924,3.4616848724000002], [130.12,151.88], 1.0, [-0.5661962390000002,2.899692439]","sex, slos, d.time, edu, charges, totcst, totmcst, avtisst, race, sps, aps, hday, dementia, prg2m, dnr, dnrday, meanbp, crea, sod, adlp, adlsc",2.0,1.0,1.0,1,21.0,9724,9724,0.45652173913043476,0.001099862228262092,1,1
"1.0, [-344.81,404.81], [-10.431225379500003,71.206380307], [0.3831665035499999,1.04676513645], 0.0, 0.0, [-124.685,7.96028152011651], [40.94499999999999,93.055], [-17.8007812,52.3984375], [-65.39249999999998,496.7675], [-2.7342148619,5.1341172019], [7.17572274,7.62310526]","death, d.time, sps, surv6m, diabetes, dementia, dnrday, meanbp, wblc, pafi, crea, ph",0.0,0.019403791345598595,0.45454545454545453,1,27.7804416,9943,9726,0.2608695652173913,0.0014549837333467104,5,11
"1.0, [-344.81,404.81], [-10.431225379500003,71.206380307], [0.3831665035499999,1.04676513645], [-52.655,54.655], 0.0, 0.0, [-124.685,7.96028152011651], [40.94499999999999,93.055], [-17.8007812,52.3984375], [-2.7342148619,5.1341172019], [108.88,151.12]","death, d.time, sps, surv6m, hday, diabetes, dementia, dnrday, meanbp, wblc, crea, sod",0.0,0.0067876930607378766,0.3684210526315789,1,22.96137809480909,9943,9726,0.2608695652173913,0.0012025882131107197,7,19
"[37.43708654999999,99.08713155000001], 0.0, [-67.2,52.2], [348.76,2606.75], [-21.056294376853685,26.0], [-22.2421314965,48.0390064965], [0.6849996190000001,1.114999619], 2.0, [-125.995,135.995], [-5.5704740942,7.9703764342], [-118.16802009,312.16802009], 0.0, 0.0, [-0.025620119000000052,2.025620119]","age, hospdead, slos, d.time, scoma, sps, prg2m, dnr, dnrday, crea, glucose, adlp, adls, adlsc",4.0,0.401877572016461,0.8333333333333334,1,35.64,9968,9729,0.30434782608695654,0.0018666233245362362,5,6
"[62.67380745,104.86611255], 0.0, 0.0, [971.55,2288.45], 5.0, 3.0, [24.5,63.5], [-403470.74,436166.74], [-97648.0844,123976.1156], [-8.423335999999999,31.756664], [6.599999999999998,63.400000000000006], [0.19295654310000004,0.7749389649], [0.15602783231,0.6679467776900001], 1.0, 1.0, [-0.025000099999999997,0.4249999], 0.0, [85.435,164.565], [-39.1015625,64.8984375], [-7.691574476600001,9.291427996600001], [-3.574611665,5.574611665]","age, death, hospdead, d.time, dzgroup, dzclass, scoma, charges, totcst, avtisst, aps, surv2m, surv6m, dementia, ca, prg6m, dnr, meanbp, wblc, bili, crea",3.0,1.0,1.0,1,2.0,9736,9736,0.45652173913043476,0.00010474878364400877,1,1
"1.0, 0.0, [-57.7,81.7], [182.67999999999995,1479.3200000000002], 4.0, 4.0, [-31.426162971,41.824600571], [0.706993407795,1.162879638205], 0.0, [0.8200000000000001,1.18], [-52.80078125,67.19921875], [34.4006256,37.5993744], [-21.215076446000005,22.814929966], 0.0, [-1.521074127,2.510673927]","death, hospdead, slos, d.time, dzgroup, race, sps, surv2m, dementia, prg2m, wblc, temp, bili, adlp, adlsc",4.0,0.1,1.0,1,53.5,9739,9739,0.32608695652173914,0.0028020299624772348,0,0
"1.0, 0.0, [-72.3,94.3], [-4.3149999999999995,18.314999999999998], 4.0, [8.399999999999999,149.00756784546041], 0.0, 0.0, [-17.8007812,110.88249601171762], [-59.0,139.0], [9.5,54.5], [36.0963266,41.2942934], [141.68784696075593,151.52]","death, sex, slos, edu, race, aps, dementia, dnr, wblc, hrt, resp, temp, sod",0.0,0.2373046875,0.75,1,39.5,9785,9740,0.2826086956521739,0.002068788476969173,3,4
"[54.16238764999999,93.04549234999999], 1.0, 0.0, 0.0, [-132.98000000000002,798.98], 1.0, [-0.6800000000000015,16.68], 3.0, [-31.5,31.5], [-342726.95,356970.95], [-159862.0888,169408.1512], [-183034.67345205,193681.22813205], 1.0, [-17.782630764500002,44.5795057645], [-34.02,54.02], [0.71560791043,1.08419677757], [0.6480261228349999,1.017745361165], [-36.485,38.485], 0.0, 1.0, 2.0, [25.784999999999997,124.215], [-31.20117188,48.798828119999996], [58.5,199.5], [34.9006256,38.0993744], [86.84875,490.90125], [-2.4728114345999996,8.872225494599999], [124.2,149.8], [-240.61603283,462.61603283], [-863.0,5887.0], 1.0, 0.0","age, death, sex, hospdead, d.time, dzgroup, edu, income, scoma, charges, totcst, totmcst, race, sps, aps, surv2m, surv6m, hday, dementia, ca, dnr, meanbp, wblc, hrt, temp, pafi, crea, sod, glucose, urine, adlp, adls",2.0,1.0,1.0,1,27.0,9742,9742,0.6956521739130435,0.0014141085791941183,1,1
"[58.638757600000005,98.3491624], 1.0, [-894.2905511325912,404.81], [-247730.6,261140.6], [0.3831665035499999,1.04676513645], [-52.655,54.655], 0.0, 0.0, [-124.685,7.96028152011651], [40.94499999999999,93.055], [-17.8007812,52.3984375], [34.6966785,41.6939415], [-2.7342148619,7.7425761386000005]","age, death, d.time, charges, surv6m, hday, diabetes, dementia, dnrday, meanbp, wblc, temp, crea",0.0,0.010240000000000003,0.4,1,31.4192,9943,9744,0.2826086956521739,0.0016455614915339201,4,10
"1.0, 0.0, 0.0, [-0.170000072,0.569999928], [-2.7342148619,5.1341172019]","death, dzgroup, diabetes, prg2m, crea",0.0,0.27550608968587587,0.7727272727272727,1,38.291901640637676,9997,9744,0.10869565217391304,0.00200551506013641,17,22
"1.0, [-72.3,58.6], [-460.11,492.11], 4.0, [-10.431225379500003,71.206380307], [-19.580000000000002,21.580000000000002], 0.0, [13.309999999999995,140.69]","hospdead, slos, d.time, race, sps, hday, dnr, meanbp",0.0,1.0,1.0,1,44.22994826061387,9986,9746,0.17391304347826086,0.002316516640468372,33,33
"1.0, 1.0, [-72.3,58.6], 4.0, [-10.431225379500003,71.206380307], [-19.580000000000002,21.580000000000002], [-163.826255,371.98249500000003]","death, hospdead, slos, race, sps, hday, pafi",0.0,1.0,1.0,1,44.77891406398529,9986,9746,0.15217391304347827,0.0023452683905510283,34,34
"[-322.967160925078,523.63], [-10.431225379500003,71.206380307], [-19.580000000000002,21.580000000000002], 0.0, [34.6966785,41.6939415], [-102.48188,319.13812], [0.05722854140000022,7.7425761386000005], [119.84,160.16]","d.time, sps, hday, diabetes, temp, pafi, crea, sod",0.0,0.06458159256726503,0.578125,1,34.24878579502971,9965,9747,0.17391304347826086,0.0017937593266567841,37,64
"0.0, [-62.39999999999999,80.39999999999999], [348.76,1479.3200000000002], 0.0, [6.08,25.92], [-357444.07999999996,378297.62], [32.7,75.3], [-43.1,45.1], 1.0, 2.0, [-41.405,139.405], [-141.00364726036634,87.5976562], [34.149319750000004,38.64756025], [120.88,147.12], [7.0767823750000005,7.722045625], [-2.0145071922753894,3.1189584572567193]","hospdead, slos, d.time, dzgroup, edu, charges, aps, hday, ca, dnr, dnrday, wblc, temp, sod, ph, adlsc",2,0.0,0.0,1,45.0,9748,9748,0.34782608695652173,0.002356847631990197,0,5
"0.0, 0.0, [-244133.71000000002,558524.08], [-114007.46780000001,145609.4522], [0.37025390654,1.1323085243641358], 0.0, 2.0, [40.5,187.5], [-5.5704740942,7.9703764342], [100.42835011374598,162.0], 0.0","death, hospdead, charges, totcst, surv6m, dementia, dnr, hrt, crea, sod, adls",4.0,0.4234790289079717,0.8421052631578947,1,32.64020705827225,9968,9748,0.2391304347826087,0.0017095109936213042,16,19
"[18.652466499999996,76.56347350000001], [182.67999999999995,2606.75], [-33.5,33.5], [-3.4854414345,41.665881039000006], [0.674998779655,0.98118896505], 0.0, 1.0, 2.0, [-46.660000000000004,56.660000000000004], [27.519999999999996,166.48000000000002], [46.0,331.6088025026671], [35.2948448,37.5993744], [-126.75562500000001,461.755625], [120.88,147.12], [-0.601552641,2.3158306273606004]","age, d.time, scoma, sps, surv6m, diabetes, ca, dnr, dnrday, meanbp, hrt, temp, pafi, sod, adlsc",4.0,0.534824985896467,0.8823529411764706,2,36.8274401640448,9993,9753,0.32608695652173914,0.0038576295619062078,15,17
"[69.71778859999999,92.8821914], 2.0, [-25.5,25.5], [-211192.0136,219392.14640000003], [-95477.4525958,103542.26899580001], 4.0, [-12.073287247500001,52.2685996475], [0.6226037600350001,0.923294677965], [0.46729980454,0.80857910146], 0.0, 1.0, [0.29000000000000004,0.71], [-74.64500000000001,76.64500000000001], [46.33,119.67], [-13.299999999999997,53.3], [34.3976229,38.1961371], [0.08535095700000017,4.914649043], [-20.2861495944,22.4858566344], [-3.4917248584,5.2915295384], [126.28,155.72], [-110.42401861999997,288.42401861999997], [-28.47,36.47]","age, dzgroup, scoma, totcst, totmcst, race, sps, surv2m, surv6m, dementia, ca, prg6m, dnrday, meanbp, resp, temp, alb, bili, crea, sod, glucose, bun",2.0,1.0,1.0,1,10.0,9755,9755,0.4782608695652174,0.0005237439182200439,1,1
"1.0, 1.0, 0.0, [-343.92999999999995,891.93], 0.0, [-297747.62,440115.62], [-96661.4425,207280.3175], [-155383.49239114998,263979.49239115], 1.0, [29.8319975295,56.5586274705], [-0.18169448852999998,0.22569320672999998], [-0.189340438835,0.19933876043500004], [-51.184999999999995,53.184999999999995], [-0.14,0.14], 0.0, [-47.35,63.35], [68.0,260.0], [-49.72874999999999,459.72875], [0.15902878180000002,10.0401899782], [7.063208475000001,7.536401525], 0.0, [-2.6170996140000002,2.6170996140000002]","death, sex, hospdead, d.time, income, charges, totcst, totmcst, race, sps, surv2m, surv6m, hday, prg2m, dnr, dnrday, hrt, pafi, crea, ph, adls, adlsc",4.0,1.0,1.0,1,8.0,9758,9758,0.4782608695652174,0.00041899513457603507,1,1
"[-57.7,81.7], [182.67999999999995,1479.3200000000002], [-33.5,33.5], [-11.11,47.11], 4.0, 0.0, [0.8200000000000001,1.18], [-1.6546734709999997,4.854380471], [-13.830000000000002,35.83], [-1.521074127,2.6170996140000002]","slos, d.time, scoma, avtisst, race, dementia, prg2m, alb, bun, adlsc",4.0,0.13168724279835387,0.6666666666666666,1,36.666666666666664,9860,9759,0.21739130434782608,0.0019203943668068273,2,3
"0.0, [-220.32000000000005,1076.3200000000002], [6.265,17.735], 1.0, [-187016.4831,211907.0769], [-14.130444179500003,58.1304441795], [0.354156494375,1.081634521625], [0.41391845719,0.84999755881], 0.0, [0.014999999999999958,0.585], 0.0, [-65.42,67.42], [35.0959356,38.2946844], [190.6225,647.3775], [0.2125290224999996,5.9866897775000005], [-3.7575961315999997,5.7575961316], [120.8,143.2], [7.315864595000001,7.582573405], [-201.88802743999997,385.88802744], [-39.705,57.705], [-1.0158740270000002,3.015874027]","hospdead, d.time, edu, income, totcst, sps, surv2m, surv6m, dementia, prg6m, dnr, dnrday, temp, pafi, alb, crea, sod, ph, glucose, bun, adlsc",3.0,1.0,1.0,1,17.0,9761,9761,0.45652173913043476,0.0008903646609740746,1,1
"1.0, 1.0, [-72.3,58.6], [-460.11,492.11], 0.0, 1.0, [-46.34044462518911,-19.580000000000002]","death, hospdead, slos, d.time, dzclass, race, hday",0.0,0.1,1.0,1,33.08991408307786,9762,9762,0.15217391304347827,0.0017330641255435806,0,0
"[27.8228673,72.4970727], 1.0, 0.0, 1.0, [-427.63,605.63], 1.0, 2.0, [-103401.03,295522.53], [7.890000000000001,45.61], 1.0, [-1.1799999999999997,81.18], [0.715311279065,0.9966027829349999], [0.43016357455,1.0937622074500002], [-19.580000000000002,21.580000000000002], 1.0, [0.549999714,1.0499997140000001], 0.0, [16.275,141.725], [-29.9003906,50.0996094], [9.450000000000003,62.55], [33.85142715,41.14857285], [7.332231555,7.667768445], 0.0, [-1.4857079160000002,2.475307716]","age, death, sex, hospdead, d.time, dzclass, num.co, totcst, avtisst, race, aps, surv2m, surv6m, hday, ca, prg2m, dnr, meanbp, wblc, resp, temp, ph, adlp, adlsc",3.0,1.0,1.0,1,5.0,9763,9763,0.5217391304347826,0.0002618719591100219,1,1
"[18.652466499999996,99.08713155000001], 0.0, 0.0, [-267532.27,558524.08], [-28.119999999999997,74.12], [0.37025390654,1.1323085243641358], 1.0, 2.0, [-90.85499999999999,126.85499999999999], [51.5,192.5], [7.0767823750000005,7.722045625], [-2.263437504,2.263437504]","age, death, hospdead, charges, aps, surv6m, ca, dnr, dnrday, hrt, ph, adlsc",4.0,0.2535525376,0.76,1,36.82752453462391,9996,9768,0.2608695652173913,0.0019288191998108725,19,25
"[37.43708654999999,99.08713155000001], 0.0, 0.0, [-67.2,52.2], [-21.056294376853685,26.0], [-244133.71000000002,558524.08], [-107542.4262,114081.77380000001], [-22.2421314965,48.0390064965], [0.37025390654,1.1323085243641358], 2.0, 2.0, [-8.983749999999986,535.60875], 0.0, 0.0","age, death, hospdead, slos, scoma, charges, totcst, sps, surv6m, ca, dnr, pafi, adlp, adls",4.0,1.0,1.0,1,18.0,9904,9769,0.30434782608695654,0.0009427390527960789,1,1
"1.0, 1.0, [-120617.0225,138999.89750000002], 4.0, [-19.833569179500003,52.4273191795], [-102.48188,319.13812], [-0.7619778424000001,4.3615872224]","death, hospdead, totcst, race, sps, pafi, crea",0.0,1.0,1.0,1,45.898521377188324,9986,9771,0.15217391304347827,0.0024039071426595056,24,24
"[18.652466499999996,99.08713155000001], 0.0, [-79.30000000000001,78.0], [-33.5,33.5], [-528661.4052247255,279504.27], [-9.27,29.27], [0.57511718798,1.23469726602], 0.0, [-16.70117188,33.298828119999996], [-5.5704740942,6.8572055116], 0.0","age, death, slos, scoma, charges, avtisst, surv2m, diabetes, wblc, crea, adlp",4.0,1.0,1.0,1,35.290999795712,9996,9772,0.2391304347826087,0.0018483446510908967,16,16
"[18.652466499999996,99.08713155000001], 0.0, 0.0, [-267532.27,558524.08], [-172532.97619999998,283379.6638], [-28.119999999999997,74.12], [0.37025390654,1.1323085243641358], 0.0, 1.0, 2.0, [-90.85499999999999,126.85499999999999], [-35.4003906,56.5996094], [51.5,192.5], [111.64,158.36], [7.0767823750000005,7.722045625], [-2.263437504,2.263437504]","age, death, hospdead, charges, totcst, aps, surv6m, diabetes, ca, dnr, dnrday, wblc, hrt, sod, ph, adlsc",4.0,0.21208362139917689,0.7333333333333333,2,41.79477911552,9996,9772,0.34782608695652173,0.004377952275020741,11,15
"1.0, 1.0, [-72.3,58.6], 0.0, [0.7049996000000001,1.0949996]","death, hospdead, slos, dzclass, prg6m",0.0,1.0,1.0,1,40.666666666666664,9957,9777,0.10869565217391304,0.002129891934094845,3,3
"[17.614987,67.252993], 1.0, 1.0, [-72.3,58.6], [-10.431225379500003,71.206380307], [0.5825048833400001,1.0092919926600001], 0.0, [-40.30004883,41.69995117]","age, death, hospdead, slos, sps, surv2m, dementia, wblc",0.0,1.0,1.0,1,35.25212672,9997,9777,0.17391304347826086,0.0018463086973922302,12,12
"0.0, 0.0, [1291.02,2222.98], 0.0, [-373082.39999999997,390224.39999999997], 4.0, [0.364644775435,1.053323974565], [0.12504394537000002,0.6748828126299999], 1.0, [-119.08,117.08], [-9.5,137.5], [-4.689607238,6.289460758], [2.9785498390000003,6.585903361000001]","sex, hospdead, d.time, dzgroup, charges, race, surv2m, surv6m, ca, dnrday, hrt, crea, adlsc",3.0,0.0019403791345598597,0.45454545454545453,1,11.2139648,9778,9778,0.2826086956521739,0.000587324586313365,0,0
"0.0, 0.0, 0.0, [-373082.39999999997,390224.39999999997], 4.0, [0.364644775435,1.053323974565], [0.12504394537000002,0.6748828126299999], 1.0, [-119.08,117.08], [-9.5,137.5], [-4.689607238,6.289460758], [2.9785498390000003,9.342545641589544]","sex, hospdead, dzgroup, charges, race, surv2m, surv6m, ca, dnrday, hrt, crea, adlsc",3.0,0.0009765625,0.25,1,13.5,9778,9778,0.2608695652173913,0.0007070542895970592,1,4
"[28.28082745,70.47313255], 0.0, [-36.2,62.4], [348.76,1321.24], [-357444.07999999996,558524.08], [0.37025390654,1.1323085243641358], 0.0, 2.0, [-41.405,139.405], [-52.80078125,53.0], [-5.700000000000003,53.7], [100.42835011374598,162.0], [800.0,6830.0], [-2.0145071922753894,3.1189584572567193]","age, hospdead, slos, d.time, charges, surv6m, dementia, dnr, dnrday, wblc, resp, sod, urine, adlsc",4.0,0.512908935546875,0.875,1,31.748398641152,9968,9779,0.30434782608695654,0.0016628030701528866,14,16
"0.0, 0.0, [-36.2,52.2], 0.0, [-357444.07999999996,558524.08], 0.0, 2.0, [-41.405,139.405], 0.0, [-2.0145071922753894,3.1189584572567193]","death, hospdead, slos, dzclass, charges, dementia, dnr, dnrday, adls, adlsc",3,0.00017114399548686952,0.17647058823529413,2,31.663277012582398,9972,9781,0.21739130434782608,0.00331668975325131,3,17
"[-72.3,58.6], 0.0, 0.0, [-121.61500000000001,125.61500000000001], [45.155,108.845], [14.100000000000001,69.9], [-263.3600343,471.3600343], [-1900.0,3950.0]","slos, dementia, dnr, dnrday, meanbp, resp, glucose, urine",0.0,0.48894551440329226,0.8666666666666667,2,37.19973480448,9986,9782,0.17391304347826086,0.0038966269726489785,13,15
"[-35.7,103.7], 0.0, [8.685,31.314999999999998], 2.0, 4.0, [-14.829999999999998,88.83], 0.0, 0.0, 2.0, [-1.0400000000000063,107.04], [-38.8007812,61.1992188], [36.44939795,41.34748205], [-16.283051303200004,17.6829536432], [3.608017705,6.7909766949999995]","slos, dzclass, edu, income, race, aps, diabetes, dementia, dnr, meanbp, wblc, temp, bili, adlsc",2.0,1.0,1.0,1,14.0,9783,9783,0.30434782608695654,0.0007332414855080614,1,1
"1.0, 1.0, [-120617.0225,138999.89750000002], 4.0, [-19.833569179500003,51.59469299], [-0.20548675542,0.28747222902], [-19.580000000000002,21.580000000000002], [-102.48188,319.13812], [-0.7619778424000001,4.3615872224], 6.0","hospdead, num.co, totcst, race, sps, surv6m, hday, pafi, crea, adls",0.0,0.1,1.0,1,50.0,9785,9785,0.21739130434782608,0.0026187195911002194,0,0
"1.0, 0.0, 1.0, [-460.11,492.11], 1.0, [-7.797817989999999,52.4273191795], 0.0, [-81.25,142.53], [12.399999999999999,37.6]","death, sex, hospdead, d.time, num.co, sps, ca, dnrday, resp",0.0,1.0,1.0,1,31.5,9870,9785,0.1956521739130435,0.001649793342393138,2,2
"1.0, [-57.7,81.7], [182.67999999999995,1479.3200000000002], [-33.5,33.5], [-11.11,47.11], 4.0, 0.0, [0.8200000000000001,1.18], [20.436874999999986,573.813125], [-1.6546734709999997,4.854380471], [7.11549817,7.68332983], [-1.521074127,2.6170996140000002]","death, slos, d.time, scoma, avtisst, race, dementia, prg2m, pafi, alb, ph, adlsc",4.0,0.0,0.0,1,11.5,9786,9786,0.2608695652173913,0.0006023055059530504,0,2
"[182.67999999999995,1479.3200000000002], [-33.5,33.5], 4.0, [0.8200000000000001,1.18], [-1.6546734709999997,4.854380471], [-13.830000000000002,35.83]","d.time, scoma, race, prg2m, alb, bun",4.0,0.03125,0.5,1,24.75,9860,9786,0.13043478260869565,0.0012962661975946086,2,4
"1.0, 0.0, [182.67999999999995,1479.3200000000002], [-180957.81,-133621.18400471425], [-69221.88059999999,114409.59939999999], [-54.125,56.125], 0.0, 2.0, [-72.095,116.095], [-15.5,143.5], [-5.5704740942,6.8572055116]","death, hospdead, d.time, charges, totcst, hday, ca, dnr, dnrday, hrt, crea",4.0,0.06903615309097401,0.9285714285714286,1,30.209026355200002,9793,9793,0.2391304347826087,0.001582179382888502,0,0
"1.0, 0.0, [182.67999999999995,1479.3200000000002], [0.330181884675,0.863665771325], 0.0, [-72.095,116.095], [46.855,149.145], [60.0,168.0], [34.4006256,37.5993744], [-5.3619174975,8.3619174975]","death, sex, d.time, surv2m, diabetes, dnrday, meanbp, hrt, temp, crea",4.0,0.03125,0.5,1,24.68,9966,9793,0.21739130434782608,0.001292599990167068,3,6
"[60.046858300000004,88.17506170000001], 0.0, 0.0, 0.0, [0.3999999999999986,95.6], [9.969999999999999,18.03], [-14.5,32.5], [-67417.17749999999,116214.30249999999], [-47715.49259385001,243706.24259385], [-50.184999999999995,54.184999999999995], 0.0, 0.0, 1.0, [0.7149996190000001,1.084999619], 2.0, [-72.0,78.0], [25.0,175.0], [-5.200000000000003,45.2], [35.2958574,38.094762599999996], [120.56,163.44], [-218.64002695,358.64002695], [-1195.0,3395.0], 7.0, [4.4889990189999995,9.511000981]","age, death, sex, hospdead, slos, edu, scoma, totcst, totmcst, hday, diabetes, dementia, ca, prg2m, dnr, wblc, hrt, resp, temp, sod, glucose, urine, adls, adlsc",3.0,1.0,1.0,1,12.0,9800,9800,0.5217391304347826,0.0006284927018640526,1,1
"1.0, [-41.6,53.6], 6.0, [-9.810000000000002,23.810000000000002], [-6.863943630500003,59.4576936305], [6.859999999999999,55.14], [0.12119873097999995,0.7807788090200001], [-0.14542236309999998,0.42337646509999993], 0.0, 0.0, 2.0, [-58.10009766,59.89990234], [-1.0272513054999997,6.4266653055], [126.96,157.04]","sex, slos, dzgroup, avtisst, sps, aps, surv2m, surv6m, diabetes, ca, dnr, wblc, alb, sod",3.0,0.0,0.0,1,13.0,9803,9803,0.30434782608695654,0.000680867093686057,0,1
"1.0, [-41.6,53.6], 6.0, 2.0, [-434316.19,468930.19], [-225420.69499999998,230491.94499999998], [-9.810000000000002,23.810000000000002], 4.0, [-6.863943630500003,59.4576936305], [6.859999999999999,55.14], [-0.14542236309999998,0.42337646509999993], 0.0, 0.0, 0.0, 2.0","sex, slos, dzgroup, dzclass, charges, totcst, avtisst, race, sps, aps, surv6m, diabetes, dementia, ca, dnr",3.0,0.0,0.0,1,13.0,9803,9803,0.32608695652173914,0.000680867093686057,0,1
"0.0, [-9.129999999999999,26.13], 4.0, [0.330181884675,0.863665771325], [0.45246704124500003,0.765306396755], 0.0, [46.855,149.145], [57.49999999999999,162.5], [34.4006256,37.5993744]","hospdead, avtisst, race, surv2m, surv6m, dnr, meanbp, hrt, temp",4.0,0.0,0.0,1,9.75,9804,9804,0.1956521739130435,0.0005106503202645427,0,4
"[25.806477499999996,67.1714825], 0.0, 1.0, [-81.7,91.7], [1479.54,2330.46], 3.0, 1.0, 5.0, 3.0, [-222910.00710055,224884.36648054997], 4.0, [-47.510000000000005,49.510000000000005], 0.0, 0.0, 2.0, [0.609999905,1.089999905], [0.59,0.91], 2.0, [26.47,107.53], [-27.0,39.0], [-5.650000000000002,45.650000000000006], [33.94799435,39.64576565], [139.41499999999996,736.71], [-14.914088825400002,24.712916945400003]","age, death, sex, slos, d.time, dzgroup, dzclass, num.co, income, totmcst, race, hday, diabetes, dementia, ca, prg2m, prg6m, dnr, meanbp, wblc, resp, temp, pafi, bili",3.0,1.0,1.0,1,18.0,9805,9805,0.5217391304347826,0.0009427390527960789,1,1
"1.0, [-72.3,58.6], [-344.81,404.81], 6.0, [-247730.6,261140.6], [-52.655,21.580000000000002], 0.0, [-17.8007812,52.3984375], [-2.7342148619,7.7425761386000005]","death, slos, d.time, dzgroup, charges, hday, diabetes, wblc, crea",0.0,0.06092699470458736,0.5714285714285714,1,25.138550784,9929,9806,0.1956521739130435,0.0013166163085985714,8,14
"[18.652466499999996,87.5220937], 0.0, [-36.2,52.2], [-32.5,32.5], [-357444.07999999996,558524.08], [-127700.62,98780.95479999999], [-8.292441251500001,32.2924412515], 0.0, 1.0, 2.0, [-32.70019531,45.29980469], [7.0767823750000005,7.722045625], [-2.0145071922753894,3.1189584572567193]","age, hospdead, slos, scoma, charges, totcst, sps, dementia, ca, dnr, wblc, ph, adlsc",4.0,0.3787874412704941,0.8235294117647058,1,34.56160688742477,9996,9808,0.2826086956521739,0.0018101431411200704,28,34
"1.0, [-72.3,58.6], [27.10387192679465,76.33588149650001], [15.309999999999999,70.69], [-19.580000000000002,21.580000000000002], [-46.660000000000004,56.660000000000004], [-1.7108335922000004,4.5106382722000005], [-119.39202646000001,447.39202646]","hospdead, slos, sps, aps, hday, dnrday, crea, glucose",0.0,1.0,1.0,1,42.29913088,9997,9812,0.17391304347826086,0.002215391254439365,12,12
"1.0, 1.0, 3.0, 4.0, 1.0, [0.474999714,1.124999714], [-4.6725184645999995,6.6725184645999995], [119.8,158.2], [2.9785498390000003,7.803676761]","death, sex, income, race, ca, prg2m, crea, sod, adlsc",3.0,9.765625e-05,0.25,1,21.5,9815,9815,0.1956521739130435,0.0011260494241730943,0,0
"1.0, 1.0, 3.0, 4.0, [0.6553613284600001,1.00455078154], 1.0, [0.474999714,1.124999714], [119.8,158.2], [2.9785498390000003,7.803676761]","death, sex, income, race, surv2m, ca, prg2m, sod, adlsc",3.0,9.765625e-05,0.25,1,21.5,9815,9815,0.1956521739130435,0.0011260494241730943,0,0
"0.0, [-72.3,58.6], 0.0, [-154887.3483928,186289.31719279996], 4.0, [2.9499999999999957,81.05000000000001], 1.0, 2.0, [0.1953125,86.1953125], [4.199999999999999,54.5], [0.2703967340000002,5.729603266], [-8.2060256924,9.4059768724], [101.24,144.76], [-0.672001281,4.350000681]","hospdead, slos, income, totmcst, race, aps, diabetes, ca, wblc, resp, alb, bili, sod, adlsc",0.0,0.062476717686213094,0.8787878787878788,1,4.5,9819,9819,0.30434782608695654,0.00023568476319901972,0,0
"1.0, 0.0, 0.0, [-2.7831682616999993,6.1830706017], [-56.75999999999999,80.75999999999999]","death, dementia, dnr, crea, bun",0.0,0.47611301541420215,0.8620689655172413,1,37.558961531910484,9986,9820,0.10869565217391304,0.0019671277676998698,25,29
"1.0, 0.0, [-168540.62560000003,186058.0944], [-20.380000000000003,35.38], 1.0, 0.0, [74.625,219.375], [9.5,54.5], [34.6966785,41.6939415], [7.284429105,7.533930895]","death, hospdead, totcst, avtisst, ca, dnr, meanbp, resp, temp, ph",0.0,0.004115226337448558,0.3333333333333333,1,21.0,9853,9824,0.21739130434782608,0.001099862228262092,1,3
"[60.69645849999999,85.5154615], 0.0, [54.58999999999992,1209.41], 1.0, [11.0,77.0], [-0.13379028324500003,0.31176879884500003], 1.0, [0.315,0.685], [-0.065,0.665], [-44.42,88.42], [-19.0,47.0], [-6.0,156.0], [-5.25,53.25], [-5.2959973943,7.6958997343], [7.31040035,7.5685056500000005], [-90.43201665999999,266.43201666], [-335.0000000000002,2815.0]","age, hospdead, d.time, income, scoma, surv6m, ca, prg2m, prg6m, dnrday, wblc, hrt, resp, crea, ph, glucose, urine",1.0,1.0,1.0,1,7.0,9825,9825,0.3695652173913043,0.0003666207427540307,1,1
"1.0, [-41.900000000000006,58.6], [-17.0,17.0], [-255500.5,380588.5], [-120617.0225,138999.89750000002], [-10.431225379500003,76.33588149650001], [-130.53,142.53], [4.550000000000001,59.45], [-21.705,75.705], 2.0, [0.6914501929999999,3.3085498070000003]","hospdead, slos, scoma, charges, totcst, sps, dnrday, resp, bun, adlp, adlsc",0.0,0.1,1.0,1,39.666666666666664,9826,9826,0.2391304347826087,0.0020775175422728404,0,0
"1.0, 1.0, [-72.3,58.6], [-20.5,20.5], [-10.431225379500003,71.206380307], 1.0, [-0.9788957258,3.7787004057999996], 2.0","death, hospdead, slos, scoma, sps, diabetes, crea, adlp",0.0,0.1,1.0,1,34.449799967442964,9826,9826,0.17391304347826086,0.0018042873216845316,0,0
"0.0, 0.0, [-36.2,52.2], 3.0, [-357444.07999999996,558524.08], 0.0, 2.0, [-41.405,139.405], 0.0, [-2.0145071922753894,3.1189584572567193]","death, hospdead, slos, income, charges, dementia, dnr, dnrday, adls, adlsc",3,0.004115226337448558,0.3333333333333333,2,33.160000000000004,9972,9829,0.21739130434782608,0.003473469665635331,2,6
"0.0, [-620.62,878.62], 1.0, [4.885,15.115], [-25.0,25.0], [-311380.17000000004,362874.17000000004], [0.03119628958000001,0.30278808642], 0.0, 0.0, 0.0, [0.15499999999999997,0.845], [-0.08500010000000002,0.48499990000000004], [-40.40039060000001,69.5996094], [2.299999999999997,61.7], [31.398209400000002,38.195550600000004], [117.08,152.92000000000002], [7.16414068,7.714765320000001], 5.0","hospdead, d.time, num.co, edu, scoma, charges, surv2m, diabetes, dementia, ca, prg2m, prg6m, wblc, resp, temp, sod, ph, adls",3.0,1.0,1.0,1,21.0,9830,9830,0.391304347826087,0.001099862228262092,1,1
"[37.43708654999999,99.08713155000001], 0.0, [-73.80000000000001,109.80000000000001], [6.265,17.735], [-397674.30000000005,492850.30000000005], [-178767.92880000002,182162.9112], [0.323455810125,0.560455321875], 0.0, 1.0, 2.0, [-46.660000000000004,56.660000000000004], [-42.5,176.5], [7.208813575,7.57627881], [-2.1927050820000002,2.202451174]","age, hospdead, slos, edu, charges, totcst, surv6m, dementia, ca, dnr, dnrday, hrt, ph, adlsc",2,0.010240000000000003,0.4,1,28.2,9916,9831,0.30434782608695654,0.0014769578493805237,2,5
"3.0, [0.629999999999999,47.370000000000005], 4.0, 0.0, 2.0, [-5.5704740942,7.9703764342], 0.0, [-1.521074127,2.6170996140000002]","num.co, avtisst, race, dementia, dnr, crea, adls, adlsc",4.0,0.03125,0.5,1,36.5,9925,9833,0.17391304347826086,0.00191166530150316,2,4
"[-12367.304992499994,343025.0549925], 4.0, [-21.325249987770533,56.125], 0.0, 0.0, 2.0, [-0.25,46.9], [115.6,160.4], [7.357226799999999,7.7013672], [-1.521074127,2.025620119]","totmcst, race, hday, diabetes, dementia, dnr, resp, sod, ph, adlsc",4.0,0.10979242280002384,0.6428571428571429,1,39.319736320000004,9974,9833,0.21739130434782608,0.002059347276361577,9,14
"[18.652466499999996,87.5220937], 1.0, 0.0, 4.0, 0.0, [0.8200000000000001,1.18], [-52.80078125,45.29980469], [34.4006256,37.5993744]","age, death, hospdead, race, dementia, prg2m, wblc, temp",4.0,0.2373046875,0.75,1,27.080000000000002,9952,9835,0.17391304347826086,0.0014182985305398789,6,8
"[59.70874859999999,82.8731514], 0.0, [-57.7,81.7], [182.67999999999995,1479.3200000000002], [-357444.07999999996,558524.08], [-127700.62,98780.95479999999], [-8.292441251500001,32.2924412515], 0.0, 1.0, 2.0, [-87.01417976568548,67.19921875], [7.0767823750000005,7.722045625], [-2.0145071922753894,3.1189584572567193]","age, hospdead, slos, d.time, charges, totcst, sps, dementia, ca, dnr, wblc, ph, adlsc",4.0,0.2693290743429045,0.7692307692307693,1,28.626767360000002,9984,9835,0.2826086956521739,0.001499309530310006,10,13
"1.0, [-460.11,492.11], [-0.247342529265,0.247342529265], [-109.235,142.53], [10.149999999999999,39.85], [32.84982805,39.94705195], [-1.7618557724000001,3.3617092924], [-34.13602793000001,564.13602793]","hospdead, d.time, surv2m, dnrday, resp, temp, crea, glucose",4,0.0,0.0,1,37.64,9836,9836,0.17391304347826086,0.001971372108180245,0,6
"0.0, [-79.30000000000001,62.4], 0.0, [8.870000000000001,23.005], [0.64549316434,1.0722802736600001], 0.0, 1.0, 2.0, [-42.125,50.125], [-21.70612670006979,33.3], [35.2948448,40.8926552], [-1.167084963,1.167084963]","death, slos, dzclass, edu, surv2m, dementia, ca, dnr, dnrday, resp, temp, adlsc",4.0,0.2373046875,0.75,1,43.5,9860,9837,0.2608695652173913,0.002278286044257191,3,4
"1.0, [-344.81,404.81], [-168453.33279279998,172723.33279279998], [-10.431225379500003,71.206380307], [0.3831665035499999,1.04676513645], [-52.655,54.655], 0.0, 0.0, [-124.685,7.96028152011651], [40.94499999999999,93.055], [-17.8007812,52.3984375], [-2.7342148619,5.1341172019]","death, d.time, totmcst, sps, surv6m, hday, diabetes, dementia, dnrday, meanbp, wblc, crea",0.0,0.000541922809869769,0.2222222222222222,1,23.0688,9943,9838,0.2608695652173913,0.0012082143700634547,2,9
"1.0, 0.0, [-344.81,404.81], [-10.431225379500003,71.206380307], [0.3831665035499999,1.04676513645], [-52.655,54.655], 0.0, 0.0, [-124.685,7.96028152011651], [40.94499999999999,93.055], [-17.8007812,52.3984375], [32.34822895,39.245531050000004], [-2.7342148619,5.1341172019]","death, sex, d.time, sps, surv6m, hday, diabetes, dementia, dnrday, meanbp, wblc, temp, crea",0.0,0.0,0.0,1,26.880000000000003,9838,9838,0.2826086956521739,0.001407823652175478,0,6
"[57.24143665,112.67054335], 1.0, 0.0, 1.0, 3.0, 4.0, [4.5,75.5], [0.33906616183499994,0.708785400165], [-39.425000000000004,41.425000000000004], 0.0, [-0.04500003599999999,0.244999964], [-0.3040000008,0.3059999992], 2.0, [1.3799999999999955,132.62], [35.34443425,38.84306575], [-163.71499999999997,468.715], [-0.5072146414999996,6.1068240414999995], [-1.944840239,3.544693759], [118.72,137.28], [4.549985349,7.450014651]","age, death, dzgroup, num.co, income, race, aps, surv6m, hday, dementia, prg2m, prg6m, dnr, meanbp, temp, pafi, alb, crea, sod, adlsc",3.0,1.0,1.0,1,17.0,9839,9839,0.43478260869565216,0.0008903646609740746,1,1
"[18.652466499999996,87.5220937], 0.0, [-79.30000000000001,62.4], [-127700.62,98780.95479999999], 0.0, 2.0, [121.0,153.0]","age, hospdead, slos, totcst, dementia, dnr, sod",4.0,0.3384580294778193,0.8051948051948052,1,28.83528653139321,9996,9840,0.15217391304347827,0.0015102305950949536,62,77
"0.0, [348.76,1321.24], [-22.37996128599224,4.589885107793503], [-244133.71000000002,558524.08], [-127700.62,98780.95479999999], [-178100.78523235,184399.42195235], 0.0, 2.0, [-119.46000000000001,131.46], [-52.80078125,53.0], [0.12533876499999996,7.474270635], [-17.870002748,19.870002748], [-2.1278247056,7.9703764342], [121.0,153.0], [-38.21,80.21000000000001], [800.0,6830.0]","hospdead, d.time, scoma, charges, totcst, totmcst, dementia, dnr, dnrday, wblc, alb, bili, crea, sod, bun, urine",4.0,0.46266436603796024,0.8571428571428571,1,39.768,9968,9840,0.34782608695652173,0.0020828248139774705,6,7
"0.0, 0.0, 7.0, 0.0, [-230300.38,304014.38], [-165598.8944,220660.42560000002], [-176854.02189129998,235401.11569129996], [8.790000000000001,34.21], 4.0, [-8.239999999999998,54.239999999999995], [-20.160000000000004,62.160000000000004], 0.0, 0.0, [0.37,0.63], 2.0, [38.309999999999995,165.69], [54.0,198.0], [35.15130985,41.84869015], [112.44,149.56]","sex, hospdead, dzgroup, dzclass, charges, totcst, totmcst, avtisst, race, aps, hday, diabetes, dementia, prg6m, dnr, meanbp, hrt, temp, sod",3.0,0.03125,0.5,1,27.5,9844,9844,0.41304347826086957,0.0014402957751051206,1,2
"1.0, [-70.9,88.9], [182.67999999999995,1479.3200000000002], [6.08,25.92], [-180957.81,378297.62], 0.0, 2.0, [-72.095,116.095], [-52.80078125,67.19921875], [-5.5704740942,6.8572055116]","death, slos, d.time, edu, charges, ca, dnr, dnrday, wblc, crea",4.0,1.0,1.0,1,28.119999999999997,9977,9847,0.21739130434782608,0.0014727678980347631,6,6
"1.0, [182.67999999999995,1479.3200000000002], [-180957.81,378297.62], 0.0, 0.0, 2.0, [-72.095,116.095], [-52.80078125,67.19921875], [-5.5704740942,6.8572055116]","death, d.time, charges, dementia, ca, dnr, dnrday, wblc, crea",4.0,1.0,1.0,1,28.119999999999997,9977,9847,0.1956521739130435,0.0014727678980347631,6,6
"1.0, [-70.9,88.9], [182.67999999999995,1479.3200000000002], [6.08,25.92], [-180957.81,378297.62], 0.0, 0.0, 2.0, [-72.095,116.095], [-52.80078125,67.19921875], [32.8998085,39.8970715], [-5.5704740942,6.8572055116]","death, slos, d.time, edu, charges, dementia, ca, dnr, dnrday, wblc, temp, crea",4.0,1.0,1.0,1,26.2,9977,9848,0.2608695652173913,0.0013722090657365149,5,5
"1.0, [-70.9,88.9], [182.67999999999995,1479.3200000000002], 1.0, [6.08,25.92], [-180957.81,378297.62], [0.75,21.25], 0.0, 2.0, [-72.095,116.095], [-52.80078125,67.19921875], [-5.5704740942,6.8572055116]","death, slos, d.time, num.co, edu, charges, avtisst, ca, dnr, dnrday, wblc, crea",4.0,1.0,1.0,1,26.666666666666668,9977,9848,0.2608695652173913,0.0013966504485867838,3,3
"[18.652466499999996,76.56347350000001], 0.0, 0.0, [1390.8,2201.2], [2.545,21.455], [-244133.71000000002,558524.08], [-184008.7133,195918.4867], [-6.709999999999999,18.71], [-27.869999999999997,23.785], 1.0, 2.0, [-5.5704740942,7.9703764342], [100.42835011374598,162.0], 0.0","age, death, hospdead, d.time, edu, charges, totcst, avtisst, hday, diabetes, dnr, crea, sod, adls",4.0,0.1,1.0,1,18.0,9850,9850,0.30434782608695654,0.0009427390527960789,0,0
"[18.649986999999996,68.287993], 0.0, [-36.2,62.4], 1.0, 2.0, [-114007.46780000001,145609.4522], [0.37025390654,1.5319319830553497], 0.0, 2.0, [40.5,187.5], [33.54494255,40.8926552], 0.0, [-2.440268559,2.485380862]","age, hospdead, slos, dzclass, num.co, totcst, surv6m, dementia, dnr, hrt, temp, adls, adlsc",4.0,0.1,1.0,1,31.4,9850,9850,0.2826086956521739,0.0016445559032109377,0,0
"[50.4175582,80.2003618], 0.0, 1.0, [-2.1490802756829748,17.58], [-35.0,35.0], [-1.858566891999999,45.655441892], 0.0, [0.4999997,1.0999997], 2.0, [-104.15,154.15], [-39.4003906,68.5996094]","age, sex, dzclass, edu, scoma, sps, diabetes, prg6m, dnr, dnrday, wblc",2.0,0.0009765625,0.25,1,15.5,9923,9852,0.2391304347826087,0.000811803073241068,1,4
"0.0, 1.0, [1.3970494842960894,45.655441892], [0.454967041495,0.8822089359952667], 0.0, [0.8049999999999999,1.195], [0.4999997,1.0999997], 2.0, [-104.15,154.15], [32.41499999999999,165.585], [-39.4003906,68.5996094], [-9.650000000000002,41.650000000000006]","sex, dzclass, sps, surv2m, diabetes, prg2m, prg6m, dnr, dnrday, meanbp, wblc, resp",2.0,0.0,0.0,1,16.0,9852,9852,0.2608695652173913,0.0008379902691520701,0,1
"1.0, 0.0, [-20.380000000000003,35.38], [0.13,0.87], 0.0, [45.155,219.375], [9.5,69.9], [34.6966785,41.6939415], [7.284429105,7.533930895]","death, hospdead, avtisst, prg2m, dnr, meanbp, resp, temp, ph",0.0,0.001903968584518355,0.2857142857142857,1,12.879999999999999,9875,9853,0.1956521739130435,0.0006745821666674164,2,7
"1.0, 0.0, [-72.3,58.6], 3.0, [5.01,22.990000000000002], [-233522.5079098,249811.10166980003], 0.0, 1.0, 0.0, [74.625,108.845], [-263.3600343,471.3600343], [-1900.0,3950.0]","death, hospdead, slos, dzclass, edu, totmcst, dementia, ca, dnr, meanbp, glucose, urine",0.0,0.1,1.0,1,27.0,9853,9853,0.2608695652173913,0.0014141085791941183,0,0
"4.0, [6.11,17.89], [-27.500000000000004,27.500000000000004], [0.42671997060499994,0.967078857395], 0.0, 2.0, [-5.5704740942,6.8572055116], [119.24,162.76], [-2.6170996140000002,2.510673927]","dzgroup, edu, scoma, surv6m, ca, dnr, crea, sod, adlsc",1,0.0,0.0,1,24.0,9855,9855,0.1956521739130435,0.0012569854037281052,0,3
"1.0, 1.0, [-357.85,553.85], 0.0, 1.0, [16.335,29.665], [0.13106445348999995,0.46085449251], 0.0, 2.0, [0.08499985700000001,0.714999857], [-0.14000004,0.33999996], [130.0,280.0], [-114.89125000000001,218.89125], [-5.8705229242,7.6703276042], [116.84,157.16], [0.13060061899999997,5.152602581]","death, sex, d.time, dzclass, num.co, edu, surv2m, diabetes, ca, prg2m, prg6m, hrt, pafi, crea, sod, adlsc",3.0,1.0,1.0,1,6.0,9856,9856,0.34782608695652173,0.0003142463509320263,1,1
"[18.652466499999996,99.08713155000001], 0.0, [12.125,19.875], [-33.5,4.589885107793503], [-244133.71000000002,279504.27], [-127700.62,98780.95479999999], [-178100.78523235,184399.42195235], [-9.27,29.27], 2.0, [-119.46000000000001,131.46], [0.12533876499999996,7.474270635], [-17.870002748,19.870002748], [-2.1278247056,6.8572055116], [121.0,153.0]","age, death, edu, scoma, charges, totcst, totmcst, avtisst, dnr, dnrday, alb, bili, crea, sod",4.0,1.0,1.0,1,37.5,9968,9860,0.30434782608695654,0.0019640396933251645,2,2
"0.0, [-79.30000000000001,78.0], [348.76,1321.24], [-22.37996128599224,33.5], [-528661.4052247255,558524.08], [0.57511718798,1.23469726602], 0.0, 0.0, [-52.80078125,53.0], [0.6499999999999986,39.35], [-5.5704740942,7.9703764342], [800.0,6830.0], 0.0","hospdead, slos, d.time, scoma, charges, surv2m, diabetes, dementia, wblc, resp, crea, urine, adlp",4.0,0.07775999999999998,0.6,1,30.0,9955,9860,0.2826086956521739,0.0015712317546601315,3,5
"0.0, [-79.30000000000001,78.0], [-33.5,33.5], [0.57511718798,1.23469726602], [0.37025390654,1.1323085243641358], 0.0, 2.0, [51.5,192.5], [-5.5704740942,6.8572055116], [7.0767823750000005,7.722045625], [-2.263437504,2.263437504]","death, slos, scoma, surv2m, surv6m, diabetes, dnr, hrt, crea, ph, adlsc",4.0,0.512908935546875,0.875,1,37.958978875392,9996,9862,0.2391304347826087,0.0019880784327829678,14,16
"[18.652466499999996,99.08713155000001], 0.0, 0.0, [-528661.4052247255,558524.08], [-172532.97619999998,283379.6638], [-9.27,29.27], [-28.119999999999997,74.12], 0.0, 0.0, 1.0, [-90.85499999999999,126.85499999999999], [-35.4003906,56.5996094], [111.64,158.36], 0.0","age, death, hospdead, charges, totcst, avtisst, aps, diabetes, dementia, ca, dnrday, wblc, sod, adlp",4.0,1.0,1.0,1,43.544,9996,9862,0.30434782608695654,0.0022805905174973586,7,7
"1.0, 1.0, 3.0, [-220808.70529999997,228771.8147], [-183464.7381322,186143.31625220002], [-23.290000000000003,33.290000000000006], [-9.807942807,47.604817807], [0.5198754880099999,1.1600561519900001], [0.45843261766000004,0.8755517583400001], [-48.245000000000005,50.245000000000005], 0.0, 1.0, [28.5,179.0], [7.3473000850000005,7.582065485], [-0.2634375040000001,2.12197266]","death, dzclass, income, totcst, totmcst, avtisst, sps, surv2m, surv6m, hday, diabetes, ca, hrt, ph, adlsc",2.0,0.0,0.0,1,44.0,9865,9865,0.32608695652173914,0.002304473240168193,0,1
"1.0, [-102.8,114.8], [481.71,1150.29], 2.0, 1.0, [-23.0,23.0], [-163476.92,192732.92], [8.57,55.43], [0.516527099645,1.069410400355], 0.0, [0.43499971400000004,1.164999714], [0.4449999,0.7549999000000001], [-19.0,211.5], [-0.6999999999999993,40.7], [33.44459065,38.84287025], [-2.374904635,6.774318695], [122.52,147.48], [7.177700515000001,7.631215915], 0.0, [-2.12197266,4.2634375040000005]","sex, slos, d.time, dzgroup, dzclass, scoma, charges, aps, surv2m, dementia, prg2m, prg6m, hrt, resp, temp, crea, sod, ph, adlp, adlsc",2.0,0.006790123456790122,0.5,1,38.55616,9865,9865,0.43478260869565216,0.0020193554309918924,0,0
"[-4.079203400000004,52.1772034], 1.0, [-528.1500000000001,586.1500000000001], 1.0, 4.0, [-11.119999999999997,91.12], 2.0, [56.155,119.845], [1.9999999999999964,58.0], [13.5,58.5], [213.015625,432.609375], [123.2,148.8], [7.234131250000001,7.66430675], [4.302421872,7.697578128]","age, death, d.time, dzclass, num.co, aps, dnr, meanbp, wblc, resp, pafi, sod, ph, adlsc",1,0.1,1.0,1,6.333333333333333,9869,9869,0.30434782608695654,0.00033170448153936106,0,0
"1.0, 1.0, [-19.580000000000002,21.580000000000002], [-98.46000000000001,152.46], [126.76,147.24]","hospdead, num.co, hday, dnrday, sod",0.0,1.0,1.0,1,39.13024,9997,9870,0.10869565217391304,0.0021165958218242985,9,9
"[18.652466499999996,99.08713155000001], 0.0, 0.0, [-55.199999999999996,67.19999999999999], [-267532.27,558524.08], [-172532.97619999998,283379.6638], [-28.119999999999997,74.12], [0.37025390654,1.1323085243641358], 0.0, 1.0, 2.0, [-90.85499999999999,126.85499999999999], [51.5,192.5], [111.64,158.36], [7.0767823750000005,7.722045625], [-2.263437504,2.263437504]","age, death, hospdead, slos, charges, totcst, aps, surv6m, diabetes, ca, dnr, dnrday, hrt, sod, ph, adlsc",4.0,0.07775999999999998,0.6,1,41.171904,9996,9871,0.34782608695652173,0.0021563534321539495,6,10
"1.0, 0.0, [-13.5,31.5], [-373082.39999999997,390224.39999999997], 4.0, [-4.98,48.980000000000004], [0.12504394537000002,0.6748828126299999], [-67.11,73.11], [92.38245683591406,149.515], [7.350000000000001,40.65]","death, sex, scoma, charges, race, aps, surv6m, dnrday, meanbp, resp",3.0,0.0009765625,0.25,1,33.0,9951,9873,0.21739130434782608,0.0017283549301261446,1,4
"1.0, 2.0, [-247730.6,261140.6], 0.0, [-0.170000072,0.569999928], 0.0, [-133.53,142.53], [-24.10009766,27.89990234], [7.23561517,7.8034468299999995]","death, dzclass, charges, diabetes, prg2m, dnr, dnrday, wblc, ph",0.0,1.0,1.0,1,14.0,9929,9875,0.1956521739130435,0.0007332414855080614,1,1
"1.0, [-72.3,58.6], [-344.81,341.77], 6.0, [-344169.84,368249.84], [-52.655,21.580000000000002], 0.0, 0.0, [-17.8007812,52.3984375], [-2.7342148619,7.7425761386000005]","death, slos, d.time, dzgroup, charges, hday, diabetes, dementia, wblc, crea",0.0,0.03125,0.5,2,25.759999999999998,9929,9875,0.21739130434782608,0.0026983286666696655,3,6
"1.0, 1.0, [-460.11,492.11], 4.0, [-10.431225379500003,71.206380307], [-19.580000000000002,21.580000000000002], 0.0, 1.0, [-109.235,142.53]","death, hospdead, d.time, race, sps, hday, dementia, ca, dnrday",0.0,0.7241964340209961,0.9375,1,40.816363610112,9997,9878,0.1956521739130435,0.002137732220465407,15,16
"1.0, [-72.3,58.6], [-460.11,492.11], 2.0, [-10.431225379500003,71.206380307], [-83.85499999999999,133.855]","hospdead, slos, d.time, num.co, sps, dnrday",0.0,1.0,1.0,1,33.5124608,9986,9878,0.13043478260869565,0.0017551947528587624,12,12
"[37.43708654999999,100.454993], 0.0, [-79.30000000000001,171.5], [-77047.49250000001,100251.86750000001], [-31.197699557709083,55.947568813500006], [-22.729999999999997,84.92], [-39.425000000000004,41.425000000000004], 0.0, 2.0, [0.514999714,1.084999714], [0.27999969999999996,1.0335208109536187], [-63.489999999999995,139.855], [33.149710750000004,39.64716925], 5.0","age, hospdead, slos, totcst, sps, aps, hday, dementia, ca, prg2m, prg6m, dnrday, temp, adls",2,0.003125,0.5,1,6.0,9879,9879,0.30434782608695654,0.0003142463509320263,0,0
"[37.43708654999999,100.454993], 0.0, [-79.30000000000001,171.5], [-77047.49250000001,100251.86750000001], [-12.353818813500006,55.947568813500006], [-22.729999999999997,84.92], [-22.402399526319947,41.425000000000004], 0.0, 2.0, [0.514999714,1.053737083149676], [0.27999969999999996,1.0335208109536187], [-63.489999999999995,139.855], [33.149710750000004,39.64716925], [130.92,159.08], [7.095967170000001,7.66379883], 5.0, [2.948759762,7.051240238]","age, hospdead, slos, totcst, sps, aps, hday, dementia, ca, prg2m, prg6m, dnrday, temp, sod, ph, adls, adlsc",2,0.003125,0.5,1,6.0,9879,9879,0.3695652173913043,0.0003142463509320263,0,0
"1.0, 0.0, [-57.7,81.7], [182.67999999999995,1479.3200000000002], 4.0, [-6.98,46.980000000000004], 0.0, [0.8200000000000001,1.18], [-52.80078125,45.29980469]","death, hospdead, slos, d.time, race, aps, dementia, prg2m, wblc",4.0,0.2373046875,0.75,1,28.5,9944,9880,0.1956521739130435,0.0014926701669271249,3,4
"[18.652466499999996,87.5220937], 1.0, 0.0, 4.0, 0.0, [-52.80078125,67.19921875], [34.4006256,37.5993744], [-1.521074127,2.510673927]","age, death, hospdead, race, dementia, wblc, temp, adlsc",4.0,0.2373046875,0.75,1,23.061384388607998,9993,9880,0.17391304347826086,0.0012078259819268103,12,16
"[18.652466499999996,99.08713155000001], 0.0, 0.0, [-79.30000000000001,78.0], [-33.5,33.5], [-267532.27,558524.08], [-172532.97619999998,283379.6638], [0.57511718798,1.23469726602], 0.0, [-39.815000000000005,126.85499999999999], [-65.80078125,82.19921875], 0.0","age, death, hospdead, slos, scoma, charges, totcst, surv2m, diabetes, dnrday, wblc, adlp",4.0,1.0,1.0,1,35.3776,9996,9881,0.2608695652173913,0.0018528802841221424,8,8
"0.0, 0.0, [-528661.4052247255,279504.27], [-9.27,29.27], [-28.119999999999997,74.12], 0.0, 0.0, [-90.85499999999999,59.815000000000005], [4.8899999999999935,109.11000000000001], [-35.4003906,56.5996094], [-8.535099034,10.334903714000001], [-5.5704740942,6.8572055116], [111.64,158.36], 0.0","death, hospdead, charges, avtisst, aps, diabetes, dementia, dnrday, meanbp, wblc, bili, crea, sod, adlp",4.0,1.0,1.0,1,33.88,9996,9881,0.30434782608695654,0.0017744443949295086,6,6
"0.0, 1.0, [348.76,1321.24], 3.0, [-8.400000000000002,24.400000000000002], 0.0, [-145.50500000000002,328.8175], [-2.1278247056,7.9703764342], [-63.715,75.715], [-2.0145071922753894,1.5911524410000002]","death, sex, d.time, dzgroup, avtisst, dementia, pafi, crea, bun, adlsc",4.0,0.1,1.0,1,33.5,9882,9882,0.21739130434782608,0.0017545421260371469,0,0
"0.0, 1.0, 7.0, [2.3500000000000005,11.649999999999999], [-7.0,25.0], [-178476.30419999998,188786.65579999998], [-154812.41355325002,165040.71043325], [-20.11,38.11], [10.928497620999998,36.665252379], [-8.470000000000006,72.47], [0.43828613248,0.7416455075199999], [-46.04,48.04], 0.0, 1.0, 1.0, 2.0, [-34.400390619999996,51.599609380000004], [27.499999999999993,132.5], [21.4,46.6], [0.4376480275000003,5.1619613725], [-13.381599812600001,16.181404492600002], [119.44,156.56], [7.303120045,7.655863954999999], [-108.16002204999998,364.16002204999995]","death, sex, num.co, edu, scoma, totcst, totmcst, avtisst, sps, aps, surv6m, hday, diabetes, dementia, ca, dnr, wblc, hrt, resp, alb, bili, sod, ph, glucose",3.0,0.1,1.0,1,9.5,9883,9883,0.5217391304347826,0.0004975567223090417,0,0
"0.0, 1.0, 7.0, [2.3500000000000005,11.649999999999999], [-7.0,25.0], [-178476.30419999998,188786.65579999998], [-154812.41355325002,165040.71043325], [-20.11,38.11], 1.0, [10.928497620999998,36.665252379], [-8.470000000000006,72.47], [0.43828613248,0.7416455075199999], [-46.04,48.04], 0.0, 1.0, 1.0, 2.0, [27.499999999999993,132.5], [21.4,46.6], [32.8976229,36.6961371], [0.4376480275000003,5.1619613725], [-13.381599812600001,16.181404492600002], [119.44,156.56], [7.303120045,7.655863954999999], [-108.16002204999998,364.16002204999995]","death, sex, num.co, edu, scoma, totcst, totmcst, avtisst, race, sps, aps, surv6m, hday, diabetes, dementia, ca, dnr, hrt, resp, temp, alb, bili, sod, ph, glucose",3.0,0.1,1.0,1,9.5,9883,9883,0.5434782608695652,0.0004975567223090417,0,0
"1.0, 1.0, [-72.3,58.6], 0.0, 4.0, [5.278118137500002,79.5187568625], [-19.580000000000002,21.580000000000002], 0.0, [-12.294526287800002,13.494477467800001], [-2.47563477,2.47563477]","death, hospdead, slos, dzclass, race, sps, hday, dementia, bili, adlsc",0.0,1.0,1.0,1,46.7104,9997,9884,0.21739130434782608,0.0024464287917625536,8,8
"1.0, 1.0, [-460.11,492.11], [-10.431225379500003,71.206380307], [0.10176879860499993,0.642127685395], [0.21999989999999997,0.4799999]","death, hospdead, d.time, sps, surv6m, prg6m",0.0,1.0,1.0,1,30.0,9997,9884,0.13043478260869565,0.0015712317546601315,1,1
"0.0, 0.0, [-244133.71000000002,558524.08], [0.37025390654,1.1323085243641358], 0.0, [0.22499999999999998,0.775], 2.0, [-41.405,139.405], [78.31187499999999,631.688125], [100.42835011374598,162.0], [7.0767823750000005,7.722045625], 0.0, [-2.0145071922753894,3.1189584572567193]","death, hospdead, charges, surv6m, dementia, prg6m, dnr, dnrday, pafi, sod, ph, adls, adlsc",4.0,0.004115226337448558,0.3333333333333333,1,43.0,9895,9895,0.2826086956521739,0.0022520988483461886,1,3
"1.0, [-120617.0225,138999.89750000002]","hospdead, totcst",0.0,1.0,1.0,1,39.016042535594124,9986,9897,0.043478260869565216,0.0021091195433919577,23,23
"1.0, 1.0, [-112.00000000000001,126.00000000000001], 1.0, [5.659999999999999,14.34], [-391623.07,409849.07], 2.0, [0.20249633999999617,39.797503660000004], [-13.829999999999998,89.83], [0.473187256075,0.994586181925], 0.0, [10.170000000000002,129.82999999999998], [4.249999999999998,35.75], [183.66125,587.71375], [-1.4193901789,4.6190972189], [109.12,146.88], 4.0, [2.299043625,4.067354175]","death, sex, slos, num.co, edu, charges, race, sps, aps, surv6m, dementia, meanbp, resp, pafi, crea, sod, adlp, adlsc",1.0,1.0,1.0,1,8.0,9899,9899,0.391304347826087,0.00041899513457603507,1,1
"0.0, [348.76,1321.24], 1.0, [9.446656,43.886656], [0.37025390654,1.1323085243641358], 0.0, [-67.11,139.405], [19.75,53.7], [-1.1446551889999999,4.944459789], [800.0,6830.0]","hospdead, d.time, dzclass, avtisst, surv6m, dementia, dnrday, resp, alb, urine",4.0,1.0,1.0,1,17.5,9900,9900,0.21739130434782608,0.0009165518568850767,2,2
"[17.614987,67.252993], 1.0, 1.0, [-72.3,58.6], 4.0, [-10.431225379500003,71.206380307], [0.5825048833400001,1.0092919926600001], [-40.30004883,41.69995117]","age, death, hospdead, slos, race, sps, surv2m, wblc",0.0,1.0,1.0,1,47.0,9997,9901,0.17391304347826086,0.0024615964156342062,5,5
"[18.652466499999996,99.08713155000001], 0.0, 0.0, [-79.30000000000001,78.0], [-33.5,33.5], [-267532.27,558524.08], [-172532.97619999998,283379.6638], [0.57511718798,1.23469726602], 0.0, [-39.815000000000005,126.85499999999999], [-65.80078125,82.19921875], [-1.0175411185,7.2167598785], 0.0","age, death, hospdead, slos, scoma, charges, totcst, surv2m, diabetes, dnrday, wblc, crea, adlp",4.0,1.0,1.0,1,35.96,9996,9904,0.2826086956521739,0.0018833831299192778,6,6
"[18.652466499999996,99.08713155000001], 0.0, 0.0, [-79.30000000000001,78.0], [-33.5,33.5], [-267532.27,558524.08], [-172532.97619999998,283379.6638], [0.57511718798,1.23469726602], 0.0, [-39.815000000000005,126.85499999999999]","age, death, hospdead, slos, scoma, charges, totcst, surv2m, diabetes, dnrday",4.0,0.5734249721032963,0.8947368421052632,1,32.941199070429185,9996,9904,0.21739130434782608,0.0017252752672013048,17,19
"[18.652466499999996,87.5220937], 1.0, 0.0, [-302.89,770.89], 1.0, [-236267.82,247159.82], 0.0, 0.0, 1.0, 0.0, [8.519999999999996,147.48000000000002], [34.6991047,37.5993744], [229.40249999999997,475.3475], 1.0","age, death, hospdead, d.time, dzclass, charges, diabetes, dementia, ca, dnr, meanbp, temp, pafi, adls",4.0,1.0,1.0,1,8.0,9905,9905,0.30434782608695654,0.00041899513457603507,1,1
"[51.641756599999994,107.8981634], 1.0, 1.0, 3.0, [-22.5,22.5], [-187781.0775119,196042.6712719], 4.0, 0.0, [-74.64500000000001,76.64500000000001], [-58.60058594,73.39941406], [-3.8500000000000014,43.85], [34.4006256,38.0977753], [103.05124999999998,401.69875], [-2.174709325,6.974514005], [128.16,151.84], [-505.0,2555.0], [-1.521074127,2.510673927]","age, death, sex, num.co, scoma, totmcst, race, dnr, dnrday, wblc, resp, temp, pafi, crea, sod, urine, adlsc",4.0,0.0,0.0,1,65.0,9905,9905,0.3695652173913043,0.003404335468430285,0,1
"[18.652466499999996,87.5220937], [379.5,1321.24], [-33.5,33.5], [742522.94,1429499.06], [-127700.62,98780.95479999999], 0.0, 0.0, 2.0, [-52.80078125,53.0], [-2.263437504,2.263437504]","age, d.time, scoma, charges, totcst, diabetes, dementia, dnr, wblc, adlsc",4.0,0.04561000519856643,0.851421188630491,1,27.944960000000002,9907,9907,0.21739130434782608,0.0014636002844902398,0,0
"[-79.30000000000001,78.0], [1.0,51.0], 2.0, [0.57511718798,1.23469726602], [0.37025390654,1.1323085243641358], 2.0, [51.5,192.5], [-5.5704740942,6.8572055116], [121.0,153.0], [7.0767823750000005,7.722045625], [-58.448012739999996,214.44801274]","slos, scoma, race, surv2m, surv6m, dnr, hrt, crea, sod, ph, glucose",4.0,0.04561000519856643,0.851421188630491,1,32.43307190736421,9907,9907,0.2391304347826087,0.0016986624160675362,0,0
"1.0, 0.0, [-10.431225379500003,76.33588149650001], [-0.265000036,0.464999964], [10.149999999999999,39.85], [-20.5860763544,22.185929874400003], [-2.7342148619,5.2830461917]","death, sex, sps, prg2m, resp, bili, crea",0.0,0.2373046875,0.75,1,36.0,9997,9910,0.15217391304347827,0.0019203943668068273,3,4
"[18.652466499999996,87.5220937], 0.0, 0.0, [-79.30000000000001,52.2], [8.870000000000001,23.005], [-28.999999999999996,28.999999999999996], [-127700.62,139815.20338964774], [-208434.59649025,253575.47149025], [7.599999999999998,64.4], 0.0, 1.0, 2.0, [-42.125,50.125], [-21.70612670006979,33.3], [7.0767823750000005,7.722045625]","age, death, hospdead, slos, edu, scoma, totcst, totmcst, aps, dementia, ca, dnr, dnrday, resp, ph",4.0,1.0,1.0,1,37.464,9996,9912,0.32608695652173914,0.001962154215219572,7,7
"0.0, [-36.2,62.4], [-357444.07999999996,558524.08], [-8.292441251500001,32.2924412515], 0.0, 1.0, 2.0, [-32.70019531,45.29980469], [35.2948448,40.8926552], 1.0, 1.0, [-2.0145071922753894,3.1189584572567193]","hospdead, slos, charges, sps, dementia, ca, dnr, wblc, temp, adlp, adls, adlsc",4.0,0.0782183154041815,0.9459459459459459,1,34.84338007067857,9912,9912,0.2608695652173913,0.0018249008402247383,0,0
"1.0, [-89.6,107.6], [1092.15,2003.85], 2.0, 4.0, [-187191.59,207183.59], [-99698.8252,115593.25480000001], [-106556.8676952,120894.2426952], [4.559999999999999,32.44], 4.0, [-45.305,47.305], 1.0, 2.0, [-92.47500000000001,110.47500000000001], [10.0,46.0], [32.65130985,39.34869015], [-20.7860275244,21.9859787044], [129.48,152.52], [7.27598631,7.60291969], 7.0","sex, slos, d.time, dzgroup, num.co, charges, totcst, totmcst, avtisst, race, hday, dementia, dnr, dnrday, resp, temp, bili, sod, ph, adlp",3.0,1.0,1.0,1,7.0,9913,9913,0.43478260869565216,0.0003666207427540307,1,1
"1.0, [-460.11,492.11], 2.0, 0.0, [13.309999999999995,140.69]","hospdead, d.time, ca, dnr, meanbp",0.0,1.0,1.0,1,35.8,9914,9914,0.10869565217391304,0.0018985717035476589,5,5
"0.0, 0.0, [-36.2,52.2], 3.0, [-357444.07999999996,558524.08], 0.0, 1.0, [0.04000000000000001,0.45999999999999996], 2.0, [-41.405,139.405], 0.0, [-2.0145071922753894,3.1189584572567193]","death, hospdead, slos, income, charges, dementia, ca, prg6m, dnr, dnrday, adls, adlsc",3,0.00041152263374485585,0.3333333333333333,1,41.0,9915,9915,0.2608695652173913,0.00214735006470218,0,0
"1.0, 0.0, 0.0, [-73.80000000000001,109.80000000000001], 2.0, [6.265,17.735], [-33.5,33.5], [-397674.30000000005,492850.30000000005], [0.20945152792970506,0.560455321875], 0.0, 1.0, 2.0, [-46.660000000000004,56.660000000000004], [-39.20019531,44.79980469], [7.208813575,7.57627881], [-1210.0,4550.0], [-2.1927050820000002,2.202451174]","death, sex, hospdead, slos, num.co, edu, scoma, charges, surv6m, dementia, ca, dnr, dnrday, wblc, ph, urine, adlsc",2,1.6846754390421518e-05,0.15555555555555556,1,26.980032,9916,9916,0.3695652173913043,0.0014130627673382167,0,0
"[37.43708654999999,99.08713155000001], 0.0, [-33.5,33.5], [-397674.30000000005,492850.30000000005], [-178767.92880000002,182162.9112], 0.0, 2.0, [-46.660000000000004,56.660000000000004], [-42.5,176.5], [109.64,156.36], [7.208813575,7.57627881], [-2.1927050820000002,2.202451174]","age, hospdead, scoma, charges, totcst, dementia, dnr, dnrday, hrt, sod, ph, adlsc",2,1.0000000000000003e-05,0.1,1,32.467392000000004,9916,9916,0.2608695652173913,0.0017004599100466109,1,10
"0.0, 0.0, [-36.2,52.2], 0.0, [-357444.07999999996,558524.08], [0.37025390654,1.1323085243641358], 1.0, 0.0, 2.0, [-41.405,139.405], [35.3948057,40.7926943], [100.42835011374598,162.0], [7.0767823750000005,7.722045625], [-2.0145071922753894,3.1189584572567193]","death, hospdead, slos, dzgroup, charges, surv6m, diabetes, dementia, dnr, dnrday, temp, sod, ph, adlsc",4.0,0.0,0.0,1,25.0,9918,9918,0.30434782608695654,0.0013093597955501097,0,1
"[69.99053835,97.29144165000001], 1.0, 0.0, 1.0, 3.0, [-1.540000000000001,19.54], [-1.620000000000001,24.62], [-27.340000000000003,49.34], [0.49989501913,0.8980541988699999], [-35.015,37.015], 0.0, 0.0, 2.0, [0.31,0.69], 1.0, [-88.56,88.56], [41.959999999999994,150.04000000000002], [-18.0,156.0], [6.950000000000001,33.05], [123.68,156.32], 0.0, [-2.2160694608303793,-0.884155275]","age, sex, hospdead, dzclass, num.co, edu, avtisst, aps, surv6m, hday, diabetes, dementia, ca, prg6m, dnr, dnrday, meanbp, hrt, resp, sod, adlp, adlsc",2.0,0.1,1.0,1,3.5,9919,9919,0.4782608695652174,0.00018331037137701535,0,0
"0.0, 1.0, [6.42,17.58], 4.0, [20.99,65.01], [0.454967041495,1.2111590298289923], [-53.39,55.39], 0.0, 2.0, [-104.15,154.15], [-9.650000000000002,41.650000000000006], [124.576875,572.548125], [1.5950976519999998,6.404902348]","sex, dzclass, edu, race, aps, surv2m, hday, diabetes, dnr, dnrday, resp, pafi, adlsc",2.0,0.014987862139917691,0.6833333333333333,1,28.52,9923,9923,0.2826086956521739,0.001493717654763565,0,0
"[50.4175582,80.2003618], 0.0, 1.0, [-1.858566891999999,45.655441892], [0.72226074242,0.98770019558], 0.0, [0.4999997,1.0999997], 2.0, [32.41499999999999,165.585], [-39.4003906,68.5996094]","age, sex, dzclass, sps, surv6m, diabetes, prg6m, dnr, meanbp, wblc",2.0,0.0,0.0,1,15.5,9923,9923,0.21739130434782608,0.000811803073241068,0,2
"0.0, [182.67999999999995,1479.3200000000002], 0.0, [0.53874755889,0.82554687546], [-21.325249987770533,56.125], 0.0, 2.0, [85.875,134.125], [16.15,63.85], [-1.521074127,2.6170996140000002]","hospdead, d.time, dzgroup, surv6m, hday, dementia, dnr, meanbp, resp, adlsc",4.0,1.0,1.0,1,54.0,9974,9925,0.21739130434782608,0.0028282171583882366,1,1
"[18.652466499999996,76.56347350000001], 0.0, [-79.30000000000001,62.4], [-12.7927555815,47.5896305815], [0.37025390654,1.1323085243641358], [-2.1447914089999998,3.344742589], 0.0","age, hospdead, slos, sps, surv6m, crea, adlp",4.0,0.3276800000000001,0.8,1,36.05856,9996,9928,0.15217391304347827,0.0018885451499772545,8,10
"[18.652466499999996,87.5220937], 1.0, 1.0, 0.0, 4.0, 0.0, 2.0, [-52.80078125,67.19921875], [34.4006256,37.5993744], [-1.521074127,2.510673927]","age, death, sex, hospdead, race, dementia, dnr, wblc, temp, adlsc",4.0,1.0,1.0,1,22.5,9977,9928,0.21739130434782608,0.0011784238159950986,2,2
"1.0, [-72.3,58.6], [-344.81,341.77], 6.0, [-344169.84,368249.84], [-2.1542857835000007,46.3495981835], [-52.655,21.580000000000002], 0.0, 0.0, [-0.060000040000000004,0.25999996000000003], [-17.8007812,52.3984375], [-2.7342148619,7.7425761386000005], [-10.830000000000002,38.83]","death, slos, d.time, dzgroup, charges, sps, hday, diabetes, dementia, prg6m, wblc, crea, bun",0.0,0.0,0.0,1,34.0,9929,9929,0.2826086956521739,0.0017807293219481491,0,1
"[18.652466499999996,87.5220937], 1.0, 0.0, 0.0, 0.0, [-52.80078125,67.19921875], [34.4006256,37.5993744], [-1.521074127,2.510673927]","age, death, sex, hospdead, dementia, wblc, temp, adlsc",4.0,0.03125,0.5,1,25.36,9993,9933,0.17391304347826086,0.0013282145766060312,3,6
"[18.652466499999996,87.5220937], 1.0, 0.0, [-79.30000000000001,62.4], [-257.89,815.89], [-127700.62,98780.95479999999], 0.0, 1.0, 2.0, [121.0,153.0]","age, death, hospdead, slos, d.time, totcst, dementia, ca, dnr, sod",4.0,0.3276800000000001,0.8,1,15.4,9984,9933,0.21739130434782608,0.0008065656340588676,4,5
"0.0, 1.0, 2.0, [5.5,68.5], [145138.15999999997,857557.8400000001], [-43849.16500000001,171442.915], [-132074.5618919,251749.1868919], 4.0, [34.760000000000005,97.24], [0.34030761760000006,0.7195068364], 0.0, 0.0, 1.0, 2.0, [4.924999999999997,111.075], [-55.1015625,78.8984375], [-19.700000000000003,39.7], [120.74375,384.25625], [1.969615534,7.4288220659999995], [-21.2296497318,23.4293567718], [117.88,160.12], [37.474999999999994,142.525], [-2160.0,2160.0], 0.0, [-2.263437504,2.263437504]","death, num.co, income, scoma, charges, totcst, totmcst, race, aps, surv6m, diabetes, dementia, ca, dnr, meanbp, wblc, resp, pafi, alb, bili, sod, bun, urine, adls, adlsc",2.0,1.0,1.0,1,25.0,9934,9934,0.5434782608695652,0.0013093597955501097,1,1
"0.0, [-96.0,108.0], 3.0, [-37.0,37.0], [-273904.16,285854.16], [-8.350000000000001,20.35], [0.38963378896,0.99635253904], 0.0, 2.0, 1.0, [-135.02625,269.02625], [-1.4596094119999998,5.259414012], [-11.465575026200002,13.065428546200001], [7.1859815949999994,7.452690405], [-132.67201910999998,276.67201910999995], 0.0, 0.0, [-2.4049023480000002,2.4049023480000002]","hospdead, slos, income, scoma, charges, avtisst, surv6m, dementia, ca, dnr, pafi, alb, bili, ph, glucose, adlp, adls, adlsc",2.0,1.0,1.0,1,12.0,9935,9935,0.391304347826087,0.0006284927018640526,1,1
"[18.652466499999996,99.08713155000001], 0.0, [-79.30000000000001,78.0], [5.49,18.509999999999998], [-33.5,33.5], [-528661.4052247255,279504.27], [-205740.53341114998,213622.45137114997], [-9.27,29.27], 4.0, [0.57511718798,1.23469726602], 0.0, [-16.70117188,33.298828119999996], [-5.5704740942,6.8572055116], 0.0","age, death, slos, edu, scoma, charges, totmcst, avtisst, race, surv2m, diabetes, wblc, crea, adlp",4.0,1.0,1.0,1,52.5,9996,9940,0.30434782608695654,0.0027496555706552303,2,2
"1.0, 0.0, [0.5149997,1.0849997], 0.0, [-17.8007812,110.88249601171762], [-59.0,139.0], [9.5,54.5]","death, dementia, prg6m, dnr, wblc, hrt, resp",0.0,1.0,1.0,1,40.75,9965,9943,0.15217391304347827,0.002134256466746679,4,4
"1.0, 0.0, [-72.3,94.3], [-4.3149999999999995,18.314999999999998], [8.399999999999999,149.00756784546041], 0.0, 0.0, [36.0963266,41.2942934], [-2.7831682616999993,6.1830706017], [124.25582148510213,151.52], [-56.75999999999999,80.75999999999999]","death, sex, slos, edu, aps, dementia, dnr, temp, crea, sod, bun",0.0,0.0,0.0,1,34.0,9943,9943,0.2391304347826087,0.0017807293219481491,0,1
"[710.67,1541.33], 4.0, [-27.500000000000004,27.500000000000004], [-180957.81,378297.62], 0.0, 2.0, [-52.80078125,67.19921875], [119.24,162.76]","d.time, dzgroup, scoma, charges, ca, dnr, wblc, sod",4.0,0.1,1.0,1,29.666666666666668,9944,9944,0.17391304347826086,0.001553773624052797,0,0
"1.0, [-70.9,88.9], [182.67999999999995,1479.3200000000002], [6.08,25.92], 2.0, [-72.095,116.095], [-5.5704740942,6.8572055116], [-2.6170996140000002,2.510673927]","death, slos, d.time, edu, dnr, dnrday, crea, adlsc",4.0,1.0,1.0,1,21.6,9993,9944,0.17391304347826086,0.0011312868633552948,5,5
"[18.652466499999996,87.5220937], 0.0, 1.0, 0.0, [1599.0596723343347,2606.75], [-33.5,33.5], [-127700.62,98780.95479999999], 0.0, 1.0, 2.0, [-53.342654811556834,56.660000000000004], [-32.70019531,45.29980469], [33.7978575,38.795902500000004], [-5.5704740942,7.9703764342]","age, death, sex, hospdead, d.time, scoma, totcst, dementia, ca, dnr, dnrday, wblc, temp, crea",4.0,1.0,1.0,1,33.5,9996,9947,0.30434782608695654,0.0017545421260371469,2,2
"[-36.2,52.2], [1370.8899999999999,2323.11], [-357444.07999999996,558524.08], [-8.292441251500001,32.2924412515], 0.0, 0.0, 1.0, [0.6599999999999999,1.089999714], 2.0, [46.0,142.0], [7.0767823750000005,7.722045625], [-2.0145071922753894,3.1189584572567193]","slos, d.time, charges, sps, diabetes, dementia, ca, prg2m, dnr, hrt, ph, adlsc",4.0,1.0,1.0,1,46.0,9996,9947,0.2608695652173913,0.0024092220238122017,2,2
"0.0, 0.0, [-66.50000000000001,120.50000000000001], 0.0, [2.785,19.215], 2.0, [-393216.74,446420.74], [-212170.0366307,228516.4897507], [-7.75,53.75], [-0.9970366899999981,58.395474289999996], 0.0, 0.0, 2.0, [0.424999809,0.974999809], [-120.77000000000001,122.77000000000001], [72.715,167.285], [84.0,222.0], [1.4777212555,4.5222787444999994], [-17.212039184800002,18.0119659448], [112.12,149.88]","sex, hospdead, slos, dzclass, edu, income, charges, totmcst, avtisst, sps, diabetes, dementia, ca, prg2m, dnrday, meanbp, hrt, alb, bili, sod",3.0,1.0,1.0,1,9.0,9948,9948,0.43478260869565216,0.00047136952639803944,1,1
"1.0, 0.0, [-13.5,31.5], [-373082.39999999997,390224.39999999997], 4.0, [-4.98,48.980000000000004], [0.12504394537000002,0.6748828126299999], 0.0, [-67.11,73.11], [92.38245683591406,149.515], [15.0,237.0], [7.350000000000001,40.65], [-4.8960950443,8.0958020843], [120.52,145.48]","death, sex, scoma, charges, race, aps, surv6m, diabetes, dnrday, meanbp, hrt, resp, crea, sod",3.0,0.0,0.0,1,24.0,9951,9951,0.30434782608695654,0.0012569854037281052,0,1
"1.0, 0.0, 6.0, [-13.5,31.5], [-373082.39999999997,390224.39999999997], 4.0, [-4.98,48.980000000000004], [0.12504394537000002,0.6748828126299999], [-67.11,73.11], [92.38245683591406,149.515], [7.350000000000001,40.65]","death, sex, dzgroup, scoma, charges, race, aps, surv6m, dnrday, meanbp, resp",3.0,0.00041152263374485585,0.3333333333333333,1,36.0,9951,9951,0.2391304347826087,0.0018854781055921577,0,0
"[18.652466499999996,76.56347350000001], 0.0, [-79.30000000000001,62.4], [-12.7927555815,47.5896305815], [0.37025390654,1.1323085243641358], [4.649999999999999,43.35], [-2.1447914089999998,3.344742589], 0.0","age, hospdead, slos, sps, surv6m, resp, crea, adlp",4.0,0.2373046875,0.75,1,36.427200000000006,9996,9952,0.17391304347826086,0.0019078524457785185,6,8
"[18.652466499999996,76.56347350000001], 0.0, [-79.30000000000001,62.4], [-12.7927555815,47.5896305815], [0.37025390654,1.1323085243641358], [-63.0,77.0], [-2.1447914089999998,3.344742589], 0.0","age, hospdead, slos, sps, surv6m, wblc, crea, adlp",4.0,0.2373046875,0.75,1,36.427200000000006,9996,9952,0.17391304347826086,0.0019078524457785185,6,8
"1.0, [-72.3,58.6], [-346.20000000000005,464.20000000000005], [0.1953125,86.1953125], [9.5,54.5]","death, slos, d.time, wblc, resp",0.0,0.19349176319999997,0.72,1,27.997136312229266,9997,9953,0.10869565217391304,0.0013877339034014157,18,25
"[-72.3,58.6], 2.0, [-27.500000000000004,27.500000000000004], [-183224.2459,203035.0741], [5.900000000000002,55.099999999999994], [11.019620973999999,54.574129026], 0.0, 0.0, [4.0,196.0]","slos, num.co, scoma, totcst, avtisst, sps, diabetes, dnr, hrt",0.0,0.03125,0.5,1,35.5,9953,9953,0.1956521739130435,0.0018592909096811557,1,2
"[22.49711187741307,99.08713155000001], 0.0, [-79.30000000000001,62.4], [-33.5,33.5], [-267532.27,558524.08], [-172532.97619999998,283379.6638], [0.57511718798,1.23469726602], [0.37025390654,1.1323085243641358], [-39.815000000000005,126.85499999999999], [-13.785,37.785], 0.0","age, hospdead, slos, scoma, charges, totcst, surv2m, surv6m, dnrday, bun, adlp",4.0,0.1,1.0,1,28.8,9955,9955,0.2391304347826087,0.0015083824844737263,0,0
"[18.652466499999996,76.56347350000001], 0.0, [-79.30000000000001,78.0], [-12.7927555815,47.5896305815], 0.0, [-65.80078125,82.19921875], [-2.1447914089999998,3.344742589], 0.0","age, death, slos, sps, diabetes, wblc, crea, adlp",4.0,0.2373046875,0.75,1,42.25,9996,9955,0.17391304347826086,0.002212818054479685,3,4
"[63.86132795,97.78063205000001], 1.0, 1.0, 0.0, 4.0, [8.5,79.5], [-92556.25,225488.25], 1.0, [-4.760000000000005,74.76], [0.18612304649,0.81180175751], 2.0, [0.33499999999999996,0.665], [-30.125,62.125], [-59.30078125,74.69921875], [33.1998867,40.5969933], [-126.99125000000004,470.30375000000004], [-5.3385362278,6.7384385678], [116.64,163.36], [7.097290375,7.742553624999999], [-250.11203381,474.11203381], [255.0,2685.0], [-1.839042972,1.839042972]","age, death, sex, dzclass, num.co, scoma, charges, race, aps, surv6m, ca, prg2m, dnrday, wblc, temp, pafi, crea, sod, ph, glucose, urine, adlsc",3.0,1.0,1.0,1,6.0,9956,9956,0.4782608695652174,0.0003142463509320263,1,1
"1.0, 1.0, [-72.3,58.6], [-19.580000000000002,21.580000000000002], [-81.25,142.53], [37.98,92.02000000000001], [-1.9499999999999993,61.95], [-1.1121993824999996,5.7118087825]","sex, hospdead, slos, hday, dnrday, meanbp, resp, alb",0.0,1.0,1.0,1,45.0,9957,9957,0.17391304347826086,0.002356847631990197,3,3
"1.0, 0.0, 0.0, [-24.0,24.0], [23.759999999999998,76.24000000000001], [-1.2421314965000008,69.03900649650001], [-50.45,52.45], 0.0, 0.0, 1.0, [-0.30000001800000003,0.39999998200000003], [-0.3748750001,0.3751249999], [-39.195,75.195], [37.600547399999996,40.399452600000004], [131.96,162.04], 0.0","hospdead, dzclass, num.co, scoma, avtisst, sps, hday, diabetes, dementia, ca, prg2m, prg6m, dnrday, temp, sod, adls",3.0,1.0,1.0,1,8.0,9958,9958,0.34782608695652173,0.00041899513457603507,1,1
"0.0, [-58.400000000000006,118.4], 0.0, 0.0, [-0.6800000000000015,16.68], 3.0, [-133889.59,260485.59], [-3.400000000000002,49.900000000000006], 4.0, [2.962464041999997,54.435973558], [0.33415039098,0.9937304690200001], [0.30619506807499997,0.827593993925], [-28.400000000000002,30.400000000000002], 1.0, 0.0, 1.0, [0.035,0.46499999999999997], 0.0, [-91.00999999999999,123.00999999999999], [37.085,96.91499999999999], [-34.1015625,53.8984375], [-32.000000000000014,172.0], [-14.95,30.95], [33.0995348,38.6973452], [-0.9449480889999999,5.144166888999999], [118.92,147.08], [7.14428725,7.57446275], [-88.90402351999995,414.90402351999995], [-3066.0000000000005,3144.0000000000005], [4.868281248,7.131718752]","hospdead, slos, dzgroup, dzclass, edu, income, charges, avtisst, race, sps, surv2m, surv6m, hday, diabetes, dementia, ca, prg2m, dnr, dnrday, meanbp, wblc, hrt, resp, temp, alb, sod, ph, glucose, urine, adlsc",0.0,1.0,1.0,1,6.0,9963,9963,0.6521739130434783,0.0003142463509320263,1,1
"[17.614987,67.252993], 1.0, [-72.3,58.6], [-120617.0225,237541.79880000002], [-10.431225379500003,71.206380307], [0.5825048833400001,1.0092919926600001], 0.0, [-130.53,142.53], [-40.30004883,41.69995117], [34.3960138,37.9946062]","age, hospdead, slos, totcst, sps, surv2m, dementia, dnrday, wblc, temp",1,0.1,1.0,1,41.456448,9965,9965,0.21739130434782608,0.00217125625110055,0,0
"1.0, 1.0, 1.0, [-62081.83750000001,191202.96250000002], [-68486.49259385001,222935.24259385]","death, sex, hospdead, totcst, totmcst",0.0,1.0,1.0,1,40.6,9986,9965,0.10869565217391304,0.002126400307973378,5,5
"0.0, [-70.9,88.9], [182.67999999999995,1479.3200000000002], [6.08,25.92], [10.52,33.480000000000004], 2.0, [-72.095,116.095], [-36.0,68.0], [-5.5704740942,6.8572055116], [126.4,145.6], [-2.6170996140000002,2.510673927]","hospdead, slos, d.time, edu, avtisst, dnr, dnrday, wblc, crea, sod, adlsc",4.0,1.0,1.0,1,47.5,9974,9966,0.2391304347826087,0.002487783611545208,2,2
"1.0, [-70.9,88.9], [182.67999999999995,1479.3200000000002], [6.08,25.92], 2.0, [-72.095,116.095], [-4.764809573976447,6.8572055116], [-2.6170996140000002,2.510673927]","death, slos, d.time, edu, dnr, dnrday, crea, adlsc",4.0,1.0,1.0,1,28.5,9993,9966,0.17391304347826086,0.0014926701669271249,2,2
"0.0, 0.0, [348.76,1321.24], [-28.119999999999997,74.12], 0.0, 2.0, [-90.85499999999999,59.815000000000005], [4.8899999999999935,109.11000000000001], [-35.4003906,87.5976562], [-8.535099034,10.334903714000001], [121.0,158.36], [1510.5783312861618,6830.0], 0.0, 0.0","death, hospdead, d.time, aps, dementia, dnr, dnrday, meanbp, wblc, bili, sod, urine, adlp, adls",4.0,0.0,0.0,1,25.0,9968,9968,0.30434782608695654,0.0013093597955501097,0,1
"[-72.3,58.6], [-344.81,404.81], 3.0, [-247730.6,261140.6], [-236646.8116892,275118.1866892], [-52.655,21.580000000000002], 0.0, [-17.8007812,52.3984375], [9.5,205.5], [-3.6831926716999996,7.7425761386000005]","slos, d.time, income, charges, totmcst, hday, diabetes, wblc, hrt, crea",4,0.0,0.0,1,53.0,9969,9969,0.21739130434782608,0.0027758427665662325,0,1
"0.0, [-72.3,58.6], [-344.81,404.81], [-236646.8116892,275118.1866892], [-52.655,21.580000000000002], 0.0, [-17.8007812,52.3984375], [9.5,205.5], [-3.6831926716999996,7.7425761386000005]","hospdead, slos, d.time, totmcst, hday, diabetes, wblc, hrt, crea",4,1.0,1.0,1,23.666666666666668,9969,9969,0.1956521739130435,0.0012395272731207704,3,3
"0.0, 0.0, [-36.2,52.2], 3.0, [-357444.07999999996,558524.08], 0.0, [-41.405,139.405], [-35.67125499999999,289.327495], 0.0, [-2.0145071922753894,3.1189584572567193]","death, hospdead, slos, income, charges, dementia, dnrday, pafi, adls, adlsc",3,0.0,0.0,1,22.0,9972,9972,0.21739130434782608,0.0011522366200840965,0,1
"0.0, 0.0, [-36.2,52.2], 0.0, [-357444.07999999996,558524.08], 0.0, 2.0, 0.0","death, hospdead, slos, dzclass, charges, dementia, dnr, adls",3,0.0,0.0,1,33.0,9972,9972,0.17391304347826086,0.0017283549301261446,0,2
"[18.652466499999996,99.08713155000001], 0.0, [-79.30000000000001,78.0], [5.49,18.509999999999998], [-33.5,33.5], [-779912.1571622393,279504.27], [-205740.53341114998,213622.45137114997], [-9.27,29.27], 4.0, [0.57511718798,1.23469726602], 0.0, 1.0, [-16.70117188,33.298828119999996], [-5.5704740942,6.8572055116], 0.0","age, death, slos, edu, scoma, charges, totmcst, avtisst, race, surv2m, diabetes, ca, wblc, crea, adlp",4.0,1.0,1.0,1,51.0,9996,9974,0.32608695652173914,0.0026710939829222235,1,1
"0.0, 0.0, [-528661.4052247255,279504.27], [-9.27,29.27], [-28.119999999999997,74.12], 0.0, 0.0, [-90.85499999999999,59.815000000000005], [4.8899999999999935,109.11000000000001], [-35.4003906,56.5996094], [-8.535099034,10.334903714000001], [-5.5704740942,6.8572055116], [111.64,158.36], [7.284429105,7.533930895], 0.0","death, hospdead, charges, avtisst, aps, diabetes, dementia, dnrday, meanbp, wblc, bili, crea, sod, ph, adlp",4.0,1.0,1.0,1,31.333333333333332,9996,9974,0.32608695652173914,0.0016410642770894707,3,3
"1.0, [-70.9,88.9], [182.67999999999995,1479.3200000000002], 2.0, [-5.5704740942,6.8572055116], [-12.605,46.605000000000004]","death, slos, d.time, dnr, crea, bun",1,0.1,1.0,1,28.119999999999997,9977,9977,0.13043478260869565,0.0014727678980347631,0,0
"1.0, [182.67999999999995,1479.3200000000002], [6.08,25.92], [-180957.81,378297.62], 0.0, 2.0, [-72.095,116.095], [-52.80078125,67.19921875], [-2.6170996140000002,2.510673927]","death, d.time, edu, charges, ca, dnr, dnrday, wblc, adlsc",4.0,0.1,1.0,1,27.0,9977,9977,0.1956521739130435,0.0014141085791941183,0,0
"[25.43163974887259,87.5220937], 1.0, 0.0, [-36.2,52.2], [0.995000000000001,23.005], [-180957.81,558524.08], 1.0, [0.399999905,0.799999905], [27.519999999999996,166.48000000000002], [-52.80078125,76.39941406]","age, death, hospdead, slos, edu, charges, ca, prg2m, meanbp, wblc",4.0,0.0374222292936248,0.8213443396226415,1,28.280559127205787,9984,9984,0.21739130434782608,0.0014811770846736383,0,0
"[18.652466499999996,76.56347350000001], [182.67999999999995,1479.3200000000002], [-357444.07999999996,558524.08], [-127700.62,161038.3862], [-8.292441251500001,32.2924412515], [0.6032397460700001,1.20462158193], [0.674998779655,0.98118896505], 0.0, 1.0, 2.0, [35.2948448,37.5993744], [7.0767823750000005,7.722045625], [-2.0145071922753894,3.1189584572567193]","age, d.time, charges, totcst, sps, surv2m, surv6m, dementia, ca, dnr, temp, ph, adlsc",4.0,1.0,1.0,1,33.0,9993,9984,0.2826086956521739,0.0017283549301261446,2,2
"1.0, 1.0, [-193042.3612,237541.79880000002], [-81.25,123.235], [12.999999999999993,97.0]","death, hospdead, totcst, dnrday, hrt",0.0,0.1,1.0,1,45.44255271675993,9986,9986,0.10869565217391304,0.0023800260613796743,0,0
"1.0, [-72.3,58.6], [-460.11,492.11], 4.0, [-10.431225379500003,71.206380307], [-19.580000000000002,21.580000000000002], [-2.511000981,2.511000981]","hospdead, slos, d.time, race, sps, hday, adlsc",0.0,1.0,1.0,1,33.5,9997,9986,0.15217391304347827,0.0017545421260371469,2,2
"[18.652466499999996,99.08713155000001], 0.0, 0.0, [-79.30000000000001,78.0], [10.195,19.805], [-33.5,33.5], [-192826.03879999998,263086.6012], [-1.3535044835,47.150379483500004], [0.57511718798,1.23469726602], [0.37025390654,1.1323085243641358], [-91.25930663319714,33.298828119999996], [-5.5704740942,6.8572055116], 0.0","age, death, hospdead, slos, edu, scoma, totcst, sps, surv2m, surv6m, wblc, crea, adlp",4.0,1.0,1.0,1,51.0,9996,9989,0.2826086956521739,0.0026710939829222235,1,1
"0.0, [-79.30000000000001,78.0], 0.0, [-57.44396557003897,33.5], [-528661.4052247255,279504.27], [-9.27,29.27], [0.57511718798,1.23469726602], 0.0, 0.0, [-16.70117188,33.298828119999996], [6.0,132.0], [35.2978575,40.295902500000004], 0.0, [-1.521074127,2.025620119]","death, slos, dzgroup, scoma, charges, avtisst, surv2m, diabetes, dementia, wblc, hrt, temp, adlp, adlsc",4.0,1.0,1.0,1,21.0,9989,9989,0.30434782608695654,0.001099862228262092,1,1
"[8.853288099999999,40.2906919], 0.0, 0.0, [-76.9,150.9], [-207.2800000000001,927.2800000000001], 0.0, 0.0, [-102001.37,317817.37], [20.970000000000002,68.53], 1.0, [0.625845947615,1.198128662385], [0.32999980900000003,1.069999809], [4.5,139.5], [35.44978895,42.34709105], [-21.200503160200004,22.200503160200004], [-5.4044563310000004,7.4044563310000004], [118.28,147.72], [-420.0,5520.0], [-1.839042972,1.839042972]","age, death, hospdead, slos, d.time, dzgroup, dzclass, charges, avtisst, race, surv2m, prg2m, hrt, temp, bili, crea, sod, urine, adlsc",2.0,1.0,1.0,1,25.0,9991,9991,0.41304347826086957,0.0013093597955501097,1,1
"[-70.9,88.9], [-127700.62,161038.3862], [-8.292441251500001,32.2924412515], [0.6032397460700001,1.20462158193], 1.0, 2.0, [35.2948448,37.5993744], [-2.0145071922753894,2.510673927]","slos, totcst, sps, surv2m, ca, dnr, temp, adlsc",4.0,0.1,1.0,1,33.0,9993,9993,0.17391304347826086,0.0017283549301261446,0,0
"[18.652466499999996,76.56347350000001], 1.0, [182.67999999999995,1479.3200000000002], [6.08,25.92], 3.0, [-357444.07999999996,558524.08], [0.674998779655,0.98118896505], 0.0, 2.0, [-72.095,116.095], [-4.764809573976447,6.8572055116], [7.0767823750000005,7.722045625], [-2.6170996140000002,3.1189584572567193]","age, death, d.time, edu, income, charges, surv6m, dementia, dnr, dnrday, crea, ph, adlsc",4.0,0.1,1.0,1,28.5,9993,9993,0.2826086956521739,0.0014926701669271249,0,0
"0.0, [-79.30000000000001,78.0], [1599.0596723343347,2606.75], [-33.5,33.5], [-528661.4052247255,279504.27], [-9.27,29.27], [0.57511718798,1.23469726602], 0.0, 0.0, 1.0, 2.0, [-53.342654811556834,56.660000000000004], 0.0","death, slos, d.time, scoma, charges, avtisst, surv2m, diabetes, dementia, ca, dnr, dnrday, adlp",4.0,0.1,1.0,1,35.290999795712,9996,9996,0.2826086956521739,0.0018483446510908967,0,0
"[18.652466499999996,99.08713155000001], 0.0, 1.0, 0.0, 2.0, [-33.5,33.5], [-127700.62,98780.95479999999], [-32.70019531,45.29980469], [33.7978575,38.795902500000004], [-5.5704740942,7.9703764342]","age, death, sex, hospdead, num.co, scoma, totcst, wblc, temp, crea",4.0,0.1,1.0,1,33.5,9996,9996,0.21739130434782608,0.0017545421260371469,0,0
"1.0, [-72.3,58.6], [-460.11,492.11], 1.0, 0.0, [-81.25,142.53], [-1.5999999999999979,41.599999999999994]","hospdead, slos, d.time, num.co, dementia, dnrday, resp",0.0,1.0,1.0,1,34.0,9997,9997,0.15217391304347827,0.0018900184517657407,1,1
"1.0, 1.0, 0.0, [-10.431225379500003,71.206380307], [-19.580000000000002,21.580000000000002]","death, hospdead, dzclass, sps, hday",0.0,1.0,1.0,1,34.0,9997,9997,0.10869565217391304,0.002049432937339875,1,1
"[53.88592815,84.49603185], 0.0, 0.0, 1.0, 3.0, [-18.0,18.0], [12.5,83.5], [0.37542724625,0.86041259775], 0.0, 1.0, [0.644999619,1.154999619], [-72.165,138.16500000000002], [5.100000000000001,120.9], [-23.203125,60.796875], [-8.099999999999998,44.099999999999994], [1.8895544979999999,6.5088831019999995], [-19.2281005912,21.0279052712], [124.28,153.72], 2.0, [-0.19270508200000025,4.192705082]","age, death, hospdead, num.co, income, scoma, aps, surv2m, diabetes, ca, prg2m, dnrday, meanbp, wblc, resp, alb, bili, sod, adls, adlsc",2.0,1.0,1.0,1,11.0,9998,9998,0.43478260869565216,0.0005761183100420483,1,1
